gene	start	stop	strand	contig	score	partial	mmseqs_phrog	mmseqs_alnScore	mmseqs_seqIdentity	mmseqs_eVal	pyhmmer_phrog	pyhmmer_bitscore	pyhmmer_evalue	custom_hmm_id	custom_hmm_bitscore	custom_hmm_evalue	phrog	Method	Region	color	annot	category	vfdb_hit	vfdb_alnScore	vfdb_seqIdentity	vfdb_eVal	vfdb_short_name	vfdb_description	vfdb_species	CARD_hit	CARD_alnScore	CARD_seqIdentity	CARD_eVal	CARD_species	ARO_Accession	CARD_short_name	Protein_Accession	DNA_Accession	AMR_Gene_Family	Drug_Class	Resistance_Mechanism	transl_table
SRR35808900_ctg3305_CDS_0001	1360	2	-	SRR35808900_ctg3305	91.2	10	3717	146.0	0.393	1.599e-40	No_PHROGs_HMM	No_PHROGs_HMM	No_PHROGs_HMM	No_custom_HMM	No_custom_HMM	No_custom_HMM	3717	ab initio prediction:Pyrodigal-gv:0.3.2	CDS	#3e83f6	terminase large subunit	head and packaging	None	None	None	None	None	None	None	None	None	None	None	None	None	None	None	None	None	None	None	11
SRR35808900_ctg3305_CDS_0002	1595	1302	-	SRR35808900_ctg3305	24.8	00	11043	87.0	0.603	8.126e-23	No_PHROGs_HMM	No_PHROGs_HMM	No_PHROGs_HMM	No_custom_HMM	No_custom_HMM	No_custom_HMM	11043	ab initio prediction:Pyrodigal-gv:0.3.2	CDS	#c9c9c9	hypothetical protein	unknown function	None	None	None	None	None	None	None	None	None	None	None	None	None	None	None	None	None	None	None	11
SRR35808900_ctg3305_CDS_0003	2984	2436	-	SRR35808900_ctg3305	28.1	00	No_PHROG	No_PHROG	No_PHROG	No_PHROG	No_PHROGs_HMM	No_PHROGs_HMM	No_PHROGs_HMM	No_custom_HMM	No_custom_HMM	No_custom_HMM	No_PHROG	ab initio prediction:Pyrodigal-gv:0.3.2	CDS	None	hypothetical protein	unknown function	None	None	None	None	None	None	None	None	None	None	None	None	None	None	None	None	None	None	None	11
SRR35808900_ctg3305_CDS_0004	3240	2971	-	SRR35808900_ctg3305	1.8	00	No_PHROG	No_PHROG	No_PHROG	No_PHROG	No_PHROGs_HMM	No_PHROGs_HMM	No_PHROGs_HMM	No_custom_HMM	No_custom_HMM	No_custom_HMM	No_PHROG	ab initio prediction:Pyrodigal-gv:0.3.2	CDS	None	hypothetical protein	unknown function	None	None	None	None	None	None	None	None	None	None	None	None	None	None	None	None	None	None	None	11
SRR35808900_ctg3305_CDS_0005	3479	3237	-	SRR35808900_ctg3305	28.6	00	No_PHROG	No_PHROG	No_PHROG	No_PHROG	No_PHROGs_HMM	No_PHROGs_HMM	No_PHROGs_HMM	No_custom_HMM	No_custom_HMM	No_custom_HMM	No_PHROG	ab initio prediction:Pyrodigal-gv:0.3.2	CDS	None	hypothetical protein	unknown function	None	None	None	None	None	None	None	None	None	None	None	None	None	None	None	None	None	None	None	11
SRR35808900_ctg3305_CDS_0006	3991	3491	-	SRR35808900_ctg3305	28.4	00	No_PHROG	No_PHROG	No_PHROG	No_PHROG	No_PHROGs_HMM	No_PHROGs_HMM	No_PHROGs_HMM	No_custom_HMM	No_custom_HMM	No_custom_HMM	No_PHROG	ab initio prediction:Pyrodigal-gv:0.3.2	CDS	None	hypothetical protein	unknown function	None	None	None	None	None	None	None	None	None	None	None	None	None	None	None	None	None	None	None	11
SRR35808900_ctg3305_CDS_0007	4330	4013	-	SRR35808900_ctg3305	28.1	00	No_PHROG	No_PHROG	No_PHROG	No_PHROG	No_PHROGs_HMM	No_PHROGs_HMM	No_PHROGs_HMM	No_custom_HMM	No_custom_HMM	No_custom_HMM	No_PHROG	ab initio prediction:Pyrodigal-gv:0.3.2	CDS	None	hypothetical protein	unknown function	None	None	None	None	None	None	None	None	None	None	None	None	None	None	None	None	None	None	None	11
SRR35808900_ctg3305_CDS_0008	4719	4327	-	SRR35808900_ctg3305	38.4	00	270	45.0	0.33	9.228e-07	No_PHROGs_HMM	No_PHROGs_HMM	No_PHROGs_HMM	No_custom_HMM	No_custom_HMM	No_custom_HMM	270	ab initio prediction:Pyrodigal-gv:0.3.2	CDS	#ffdf59	replication initiation protein	DNA, RNA and nucleotide metabolism	None	None	None	None	None	None	None	None	None	None	None	None	None	None	None	None	None	None	None	11
SRR35808900_ctg3305_CDS_0009	5078	4716	-	SRR35808900_ctg3305	25.1	00	34	63.0	0.349	3.426e-14	No_PHROGs_HMM	No_PHROGs_HMM	No_PHROGs_HMM	No_custom_HMM	No_custom_HMM	No_custom_HMM	34	ab initio prediction:Pyrodigal-gv:0.3.2	CDS	#ffdf59	RusA-like Holliday junction resolvase	DNA, RNA and nucleotide metabolism	None	None	None	None	None	None	None	None	None	None	None	None	None	None	None	None	None	None	None	11
SRR35808900_ctg3305_CDS_0010	5197	5075	-	SRR35808900_ctg3305	0.1	00	No_PHROG	No_PHROG	No_PHROG	No_PHROG	No_PHROGs_HMM	No_PHROGs_HMM	No_PHROGs_HMM	No_custom_HMM	No_custom_HMM	No_custom_HMM	No_PHROG	ab initio prediction:Pyrodigal-gv:0.3.2	CDS	None	hypothetical protein	unknown function	None	None	None	None	None	None	None	None	None	None	None	None	None	None	None	None	None	None	None	11
SRR35808900_ctg3305_CDS_0011	5394	5194	-	SRR35808900_ctg3305	9.4	00	No_PHROG	No_PHROG	No_PHROG	No_PHROG	No_PHROGs_HMM	No_PHROGs_HMM	No_PHROGs_HMM	No_custom_HMM	No_custom_HMM	No_custom_HMM	No_PHROG	ab initio prediction:Pyrodigal-gv:0.3.2	CDS	None	hypothetical protein	unknown function	None	None	None	None	None	None	None	None	None	None	None	None	None	None	None	None	None	None	None	11
SRR35808900_ctg3305_CDS_0012	5644	5387	-	SRR35808900_ctg3305	25.1	00	No_PHROG	No_PHROG	No_PHROG	No_PHROG	No_PHROGs_HMM	No_PHROGs_HMM	No_PHROGs_HMM	No_custom_HMM	No_custom_HMM	No_custom_HMM	No_PHROG	ab initio prediction:Pyrodigal-gv:0.3.2	CDS	None	hypothetical protein	unknown function	None	None	None	None	None	None	None	None	None	None	None	None	None	None	None	None	None	None	None	11
SRR35808900_ctg3305_CDS_0013	6051	5698	-	SRR35808900_ctg3305	31.2	00	No_PHROG	No_PHROG	No_PHROG	No_PHROG	No_PHROGs_HMM	No_PHROGs_HMM	No_PHROGs_HMM	No_custom_HMM	No_custom_HMM	No_custom_HMM	No_PHROG	ab initio prediction:Pyrodigal-gv:0.3.2	CDS	None	hypothetical protein	unknown function	None	None	None	None	None	None	None	None	None	None	None	None	None	None	None	None	None	None	None	11
SRR35808900_ctg3305_CDS_0014	6376	5996	-	SRR35808900_ctg3305	4.1	00	No_PHROG	No_PHROG	No_PHROG	No_PHROG	No_PHROGs_HMM	No_PHROGs_HMM	No_PHROGs_HMM	No_custom_HMM	No_custom_HMM	No_custom_HMM	No_PHROG	ab initio prediction:Pyrodigal-gv:0.3.2	CDS	None	hypothetical protein	unknown function	None	None	None	None	None	None	None	None	None	None	None	None	None	None	None	None	None	None	None	11
SRR35808900_ctg3305_CDS_0015	6534	6373	-	SRR35808900_ctg3305	-1.5	00	No_PHROG	No_PHROG	No_PHROG	No_PHROG	No_PHROGs_HMM	No_PHROGs_HMM	No_PHROGs_HMM	No_custom_HMM	No_custom_HMM	No_custom_HMM	No_PHROG	ab initio prediction:Pyrodigal-gv:0.3.2	CDS	None	hypothetical protein	unknown function	None	None	None	None	None	None	None	None	None	None	None	None	None	None	None	None	None	None	None	11
SRR35808900_ctg3305_CDS_0016	6839	6531	-	SRR35808900_ctg3305	26.2	00	No_PHROG	No_PHROG	No_PHROG	No_PHROG	No_PHROGs_HMM	No_PHROGs_HMM	No_PHROGs_HMM	No_custom_HMM	No_custom_HMM	No_custom_HMM	No_PHROG	ab initio prediction:Pyrodigal-gv:0.3.2	CDS	None	hypothetical protein	unknown function	None	None	None	None	None	None	None	None	None	None	None	None	None	None	None	None	None	None	None	11
SRR35808900_ctg3305_CDS_0017	7145	6840	-	SRR35808900_ctg3305	20.1	00	No_PHROG	No_PHROG	No_PHROG	No_PHROG	No_PHROGs_HMM	No_PHROGs_HMM	No_PHROGs_HMM	No_custom_HMM	No_custom_HMM	No_custom_HMM	No_PHROG	ab initio prediction:Pyrodigal-gv:0.3.2	CDS	None	hypothetical protein	unknown function	None	None	None	None	None	None	None	None	None	None	None	None	None	None	None	None	None	None	None	11
SRR35808900_ctg3305_CDS_0018	7475	7236	-	SRR35808900_ctg3305	20.2	00	No_PHROG	No_PHROG	No_PHROG	No_PHROG	No_PHROGs_HMM	No_PHROGs_HMM	No_PHROGs_HMM	No_custom_HMM	No_custom_HMM	No_custom_HMM	No_PHROG	ab initio prediction:Pyrodigal-gv:0.3.2	CDS	None	hypothetical protein	unknown function	None	None	None	None	None	None	None	None	None	None	None	None	None	None	None	None	None	None	None	11
SRR35808900_ctg3305_CDS_0019	7567	7773	+	SRR35808900_ctg3305	14.8	00	No_PHROG	No_PHROG	No_PHROG	No_PHROG	No_PHROGs_HMM	No_PHROGs_HMM	No_PHROGs_HMM	No_custom_HMM	No_custom_HMM	No_custom_HMM	No_PHROG	ab initio prediction:Pyrodigal-gv:0.3.2	CDS	None	hypothetical protein	unknown function	None	None	None	None	None	None	None	None	None	None	None	None	None	None	None	None	None	None	None	11
SRR35808900_ctg3305_CDS_0020	8016	7774	-	SRR35808900_ctg3305	4.1	00	7669	68.0	0.481	1.243e-16	No_PHROGs_HMM	No_PHROGs_HMM	No_PHROGs_HMM	No_custom_HMM	No_custom_HMM	No_custom_HMM	7669	ab initio prediction:Pyrodigal-gv:0.3.2	CDS	#c9c9c9	hypothetical protein	unknown function	None	None	None	None	None	None	None	None	None	None	None	None	None	None	None	None	None	None	None	11
SRR35808900_ctg3305_CDS_0021	8104	8523	+	SRR35808900_ctg3305	9.9	00	No_PHROG	No_PHROG	No_PHROG	No_PHROG	No_PHROGs_HMM	No_PHROGs_HMM	No_PHROGs_HMM	No_custom_HMM	No_custom_HMM	No_custom_HMM	No_PHROG	ab initio prediction:Pyrodigal-gv:0.3.2	CDS	None	hypothetical protein	unknown function	None	None	None	None	None	None	None	None	None	None	None	None	None	None	None	None	None	None	None	11
SRR35808900_ctg3305_CDS_0022	8665	8426	-	SRR35808900_ctg3305	11.0	00	32610	57.0	0.469	6.034e-13	No_PHROGs_HMM	No_PHROGs_HMM	No_PHROGs_HMM	No_custom_HMM	No_custom_HMM	No_custom_HMM	32610	ab initio prediction:Pyrodigal-gv:0.3.2	CDS	#c9c9c9	hypothetical protein	unknown function	None	None	None	None	None	None	None	None	None	None	None	None	None	None	None	None	None	None	None	11
SRR35808900_ctg3305_CDS_0023	8844	9107	+	SRR35808900_ctg3305	43.9	00	No_PHROG	No_PHROG	No_PHROG	No_PHROG	No_PHROGs_HMM	No_PHROGs_HMM	No_PHROGs_HMM	No_custom_HMM	No_custom_HMM	No_custom_HMM	No_PHROG	ab initio prediction:Pyrodigal-gv:0.3.2	CDS	None	hypothetical protein	unknown function	None	None	None	None	None	None	None	None	None	None	None	None	None	None	None	None	None	None	None	11
SRR35808900_ctg3305_CDS_0024	9136	9354	+	SRR35808900_ctg3305	6.6	00	No_PHROG	No_PHROG	No_PHROG	No_PHROG	No_PHROGs_HMM	No_PHROGs_HMM	No_PHROGs_HMM	No_custom_HMM	No_custom_HMM	No_custom_HMM	No_PHROG	ab initio prediction:Pyrodigal-gv:0.3.2	CDS	None	hypothetical protein	unknown function	None	None	None	None	None	None	None	None	None	None	None	None	None	None	None	None	None	None	None	11
SRR35808900_ctg3305_CDS_0025	9775	10557	+	SRR35808900_ctg3305	87.4	00	No_PHROG	No_PHROG	No_PHROG	No_PHROG	No_PHROGs_HMM	No_PHROGs_HMM	No_PHROGs_HMM	No_custom_HMM	No_custom_HMM	No_custom_HMM	No_PHROG	ab initio prediction:Pyrodigal-gv:0.3.2	CDS	None	hypothetical protein	unknown function	None	None	None	None	None	None	None	None	None	None	None	None	None	None	None	None	None	None	None	11
SRR35808900_ctg3305_CDS_0026	10554	11087	+	SRR35808900_ctg3305	19.0	00	99	119.0	0.4	5.2049999999999995e-33	No_PHROGs_HMM	No_PHROGs_HMM	No_PHROGs_HMM	No_custom_HMM	No_custom_HMM	No_custom_HMM	99	ab initio prediction:Pyrodigal-gv:0.3.2	CDS	#ffdf59	HNH endonuclease	DNA, RNA and nucleotide metabolism	None	None	None	None	None	None	None	None	None	None	None	None	None	None	None	None	None	None	None	11
SRR35808900_ctg3305_CDS_0027	11095	11424	+	SRR35808900_ctg3305	43.9	00	No_PHROG	No_PHROG	No_PHROG	No_PHROG	No_PHROGs_HMM	No_PHROGs_HMM	No_PHROGs_HMM	No_custom_HMM	No_custom_HMM	No_custom_HMM	No_PHROG	ab initio prediction:Pyrodigal-gv:0.3.2	CDS	None	hypothetical protein	unknown function	None	None	None	None	None	None	None	None	None	None	None	None	None	None	None	None	None	None	None	11
SRR35808900_ctg3305_CDS_0028	11427	11600	+	SRR35808900_ctg3305	6.8	00	No_PHROG	No_PHROG	No_PHROG	No_PHROG	No_PHROGs_HMM	No_PHROGs_HMM	No_PHROGs_HMM	No_custom_HMM	No_custom_HMM	No_custom_HMM	No_PHROG	ab initio prediction:Pyrodigal-gv:0.3.2	CDS	None	hypothetical protein	unknown function	None	None	None	None	None	None	None	None	None	None	None	None	None	None	None	None	None	None	None	11
SRR35808900_ctg3305_CDS_0029	11600	11869	+	SRR35808900_ctg3305	16.2	00	No_PHROG	No_PHROG	No_PHROG	No_PHROG	No_PHROGs_HMM	No_PHROGs_HMM	No_PHROGs_HMM	No_custom_HMM	No_custom_HMM	No_custom_HMM	No_PHROG	ab initio prediction:Pyrodigal-gv:0.3.2	CDS	None	hypothetical protein	unknown function	None	None	None	None	None	None	None	None	None	None	None	None	None	None	None	None	None	None	None	11
SRR35808900_ctg3305_CDS_0030	11866	12375	+	SRR35808900_ctg3305	56.3	00	253	53.0	0.302	3.388e-10	No_PHROGs_HMM	No_PHROGs_HMM	No_PHROGs_HMM	No_custom_HMM	No_custom_HMM	No_custom_HMM	253	ab initio prediction:Pyrodigal-gv:0.3.2	CDS	#ffdf59	Mu Gam-like end protection	DNA, RNA and nucleotide metabolism	None	None	None	None	None	None	None	None	None	None	None	None	None	None	None	None	None	None	None	11
SRR35808900_ctg3305_CDS_0031	12420	12821	+	SRR35808900_ctg3305	50.6	00	No_PHROG	No_PHROG	No_PHROG	No_PHROG	No_PHROGs_HMM	No_PHROGs_HMM	No_PHROGs_HMM	No_custom_HMM	No_custom_HMM	No_custom_HMM	No_PHROG	ab initio prediction:Pyrodigal-gv:0.3.2	CDS	None	hypothetical protein	unknown function	None	None	None	None	None	None	None	None	None	None	None	None	None	None	None	None	None	None	None	11
SRR35808900_ctg3305_CDS_0032	12857	13231	+	SRR35808900_ctg3305	32.5	00	No_PHROG	No_PHROG	No_PHROG	No_PHROG	No_PHROGs_HMM	No_PHROGs_HMM	No_PHROGs_HMM	No_custom_HMM	No_custom_HMM	No_custom_HMM	No_PHROG	ab initio prediction:Pyrodigal-gv:0.3.2	CDS	None	hypothetical protein	unknown function	None	None	None	None	None	None	None	None	None	None	None	None	None	None	None	None	None	None	None	11
SRR35808900_ctg3305_CDS_0033	13228	13461	+	SRR35808900_ctg3305	11.2	00	No_PHROG	No_PHROG	No_PHROG	No_PHROG	No_PHROGs_HMM	No_PHROGs_HMM	No_PHROGs_HMM	No_custom_HMM	No_custom_HMM	No_custom_HMM	No_PHROG	ab initio prediction:Pyrodigal-gv:0.3.2	CDS	None	hypothetical protein	unknown function	None	None	None	None	None	None	None	None	None	None	None	None	None	None	None	None	None	None	None	11
SRR35808900_ctg3305_CDS_0034	13458	13874	+	SRR35808900_ctg3305	35.6	00	No_PHROG	No_PHROG	No_PHROG	No_PHROG	No_PHROGs_HMM	No_PHROGs_HMM	No_PHROGs_HMM	No_custom_HMM	No_custom_HMM	No_custom_HMM	No_PHROG	ab initio prediction:Pyrodigal-gv:0.3.2	CDS	None	hypothetical protein	unknown function	None	None	None	None	None	None	None	None	None	None	None	None	None	None	None	None	None	None	None	11
SRR35808900_ctg3305_CDS_0035	13871	14263	+	SRR35808900_ctg3305	37.7	00	No_PHROG	No_PHROG	No_PHROG	No_PHROG	No_PHROGs_HMM	No_PHROGs_HMM	No_PHROGs_HMM	No_custom_HMM	No_custom_HMM	No_custom_HMM	No_PHROG	ab initio prediction:Pyrodigal-gv:0.3.2	CDS	None	hypothetical protein	unknown function	None	None	None	None	None	None	None	None	None	None	None	None	None	None	None	None	None	None	None	11
SRR35808900_ctg3305_CDS_0036	14256	14735	+	SRR35808900_ctg3305	45.4	00	No_PHROG	No_PHROG	No_PHROG	No_PHROG	No_PHROGs_HMM	No_PHROGs_HMM	No_PHROGs_HMM	No_custom_HMM	No_custom_HMM	No_custom_HMM	No_PHROG	ab initio prediction:Pyrodigal-gv:0.3.2	CDS	None	hypothetical protein	unknown function	None	None	None	None	None	None	None	None	None	None	None	None	None	None	None	None	None	None	None	11
SRR35808900_ctg3305_CDS_0037	14728	15162	+	SRR35808900_ctg3305	28.3	00	No_PHROG	No_PHROG	No_PHROG	No_PHROG	No_PHROGs_HMM	No_PHROGs_HMM	No_PHROGs_HMM	No_custom_HMM	No_custom_HMM	No_custom_HMM	No_PHROG	ab initio prediction:Pyrodigal-gv:0.3.2	CDS	None	hypothetical protein	unknown function	None	None	None	None	None	None	None	None	None	None	None	None	None	None	None	None	None	None	None	11
SRR35808900_ctg3305_CDS_0038	15162	15680	+	SRR35808900_ctg3305	42.6	00	111	57.0	0.314	3.276e-11	No_PHROGs_HMM	No_PHROGs_HMM	No_PHROGs_HMM	No_custom_HMM	No_custom_HMM	No_custom_HMM	111	ab initio prediction:Pyrodigal-gv:0.3.2	CDS	#838383	DNA methyltransferase	other	None	None	None	None	None	None	None	None	None	None	None	None	None	None	None	None	None	None	None	11
SRR35808900_ctg3305_CDS_0039	15677	15829	+	SRR35808900_ctg3305	5.6	00	No_PHROG	No_PHROG	No_PHROG	No_PHROG	No_PHROGs_HMM	No_PHROGs_HMM	No_PHROGs_HMM	No_custom_HMM	No_custom_HMM	No_custom_HMM	No_PHROG	ab initio prediction:Pyrodigal-gv:0.3.2	CDS	None	hypothetical protein	unknown function	None	None	None	None	None	None	None	None	None	None	None	None	None	None	None	None	None	None	None	11
SRR35808900_ctg3305_CDS_0040	15829	16407	+	SRR35808900_ctg3305	21.8	00	59	72.0	0.363	9.386e-17	No_PHROGs_HMM	No_PHROGs_HMM	No_PHROGs_HMM	No_custom_HMM	No_custom_HMM	No_custom_HMM	59	ab initio prediction:Pyrodigal-gv:0.3.2	CDS	#ffdf59	HNH endonuclease	DNA, RNA and nucleotide metabolism	None	None	None	None	None	None	None	None	None	None	None	None	None	None	None	None	None	None	None	11
SRR35808900_ctg3305_CDS_0041	16577	16783	+	SRR35808900_ctg3305	11.0	00	No_PHROG	No_PHROG	No_PHROG	No_PHROG	No_PHROGs_HMM	No_PHROGs_HMM	No_PHROGs_HMM	No_custom_HMM	No_custom_HMM	No_custom_HMM	No_PHROG	ab initio prediction:Pyrodigal-gv:0.3.2	CDS	None	hypothetical protein	unknown function	None	None	None	None	None	None	None	None	None	None	None	None	None	None	None	None	None	None	None	11
SRR35808900_ctg3305_CDS_0042	16770	17807	+	SRR35808900_ctg3305	67.8	00	1	85.0	0.22	5.974e-19	No_PHROGs_HMM	No_PHROGs_HMM	No_PHROGs_HMM	No_custom_HMM	No_custom_HMM	No_custom_HMM	1	ab initio prediction:Pyrodigal-gv:0.3.2	CDS	#fea328	integrase	integration and excision	None	None	None	None	None	None	None	None	None	None	None	None	None	None	None	None	None	None	None	11
SRR35808900_ctg3305_CDS_0043	17797	18063	+	SRR35808900_ctg3305	8.3	00	No_PHROG	No_PHROG	No_PHROG	No_PHROG	No_PHROGs_HMM	No_PHROGs_HMM	No_PHROGs_HMM	No_custom_HMM	No_custom_HMM	No_custom_HMM	No_PHROG	ab initio prediction:Pyrodigal-gv:0.3.2	CDS	None	hypothetical protein	unknown function	None	None	None	None	None	None	None	None	None	None	None	None	None	None	None	None	None	None	None	11
SRR35808900_ctg3305_CDS_0044	18056	18259	+	SRR35808900_ctg3305	12.5	00	No_PHROG	No_PHROG	No_PHROG	No_PHROG	No_PHROGs_HMM	No_PHROGs_HMM	No_PHROGs_HMM	No_custom_HMM	No_custom_HMM	No_custom_HMM	No_PHROG	ab initio prediction:Pyrodigal-gv:0.3.2	CDS	None	hypothetical protein	unknown function	None	None	None	None	None	None	None	None	None	None	None	None	None	None	None	None	None	None	None	11
SRR35808900_ctg3305_CDS_0045	18580	18335	-	SRR35808900_ctg3305	-0.1	00	No_PHROG	No_PHROG	No_PHROG	No_PHROG	No_PHROGs_HMM	No_PHROGs_HMM	No_PHROGs_HMM	No_custom_HMM	No_custom_HMM	No_custom_HMM	No_PHROG	ab initio prediction:Pyrodigal-gv:0.3.2	CDS	None	hypothetical protein	unknown function	None	None	None	None	None	None	None	None	None	None	None	None	None	None	None	None	None	None	None	11
SRR35808900_ctg3305_CDS_0046	18822	18637	-	SRR35808900_ctg3305	8.1	00	No_PHROG	No_PHROG	No_PHROG	No_PHROG	No_PHROGs_HMM	No_PHROGs_HMM	No_PHROGs_HMM	No_custom_HMM	No_custom_HMM	No_custom_HMM	No_PHROG	ab initio prediction:Pyrodigal-gv:0.3.2	CDS	None	hypothetical protein	unknown function	None	None	None	None	None	None	None	None	None	None	None	None	None	None	None	None	None	None	None	11
SRR35808900_ctg3305_CDS_0047	19901	18855	-	SRR35808900_ctg3305	59.6	00	221	102.0	0.29	1.272e-25	No_PHROGs_HMM	No_PHROGs_HMM	No_PHROGs_HMM	No_custom_HMM	No_custom_HMM	No_custom_HMM	221	ab initio prediction:Pyrodigal-gv:0.3.2	CDS	#838383	metallo-phosphoesterase	other	None	None	None	None	None	None	None	None	None	None	None	None	None	None	None	None	None	None	None	11
SRR35808900_ctg3305_CDS_0048	20248	19904	-	SRR35808900_ctg3305	26.0	00	No_PHROG	No_PHROG	No_PHROG	No_PHROG	No_PHROGs_HMM	No_PHROGs_HMM	No_PHROGs_HMM	No_custom_HMM	No_custom_HMM	No_custom_HMM	No_PHROG	ab initio prediction:Pyrodigal-gv:0.3.2	CDS	None	hypothetical protein	unknown function	None	None	None	None	None	None	None	None	None	None	None	None	None	None	None	None	None	None	None	11
SRR35808900_ctg3305_CDS_0049	20457	20245	-	SRR35808900_ctg3305	1.8	00	No_PHROG	No_PHROG	No_PHROG	No_PHROG	No_PHROGs_HMM	No_PHROGs_HMM	No_PHROGs_HMM	No_custom_HMM	No_custom_HMM	No_custom_HMM	No_PHROG	ab initio prediction:Pyrodigal-gv:0.3.2	CDS	None	hypothetical protein	unknown function	None	None	None	None	None	None	None	None	None	None	None	None	None	None	None	None	None	None	None	11
SRR35808900_ctg3305_CDS_0050	20755	20561	-	SRR35808900_ctg3305	17.6	00	1275	40.0	0.362	4.789e-07	No_PHROGs_HMM	No_PHROGs_HMM	No_PHROGs_HMM	No_custom_HMM	No_custom_HMM	No_custom_HMM	1275	ab initio prediction:Pyrodigal-gv:0.3.2	CDS	#f35f49	Rz-like spanin	lysis	None	None	None	None	None	None	None	None	None	None	None	None	None	None	None	None	None	None	None	11
SRR35808900_ctg3305_CDS_0051	20982	20740	-	SRR35808900_ctg3305	23.2	00	No_PHROG	No_PHROG	No_PHROG	No_PHROG	No_PHROGs_HMM	No_PHROGs_HMM	No_PHROGs_HMM	No_custom_HMM	No_custom_HMM	No_custom_HMM	No_PHROG	ab initio prediction:Pyrodigal-gv:0.3.2	CDS	None	hypothetical protein	unknown function	None	None	None	None	None	None	None	None	None	None	None	None	None	None	None	None	None	None	None	11
SRR35808900_ctg3305_CDS_0052	21187	20984	-	SRR35808900_ctg3305	22.7	00	No_PHROG	No_PHROG	No_PHROG	No_PHROG	No_PHROGs_HMM	No_PHROGs_HMM	No_PHROGs_HMM	No_custom_HMM	No_custom_HMM	No_custom_HMM	No_PHROG	ab initio prediction:Pyrodigal-gv:0.3.2	CDS	None	hypothetical protein	unknown function	None	None	None	None	None	None	None	None	None	None	None	None	None	None	None	None	None	None	None	11
SRR35808900_ctg3305_CDS_0053	21895	21188	-	SRR35808900_ctg3305	63.1	00	181	74.0	0.293	6.587e-17	No_PHROGs_HMM	No_PHROGs_HMM	No_PHROGs_HMM	No_custom_HMM	No_custom_HMM	No_custom_HMM	181	ab initio prediction:Pyrodigal-gv:0.3.2	CDS	#f35f49	endolysin	lysis	None	None	None	None	None	None	None	None	None	None	None	None	None	None	None	None	None	None	None	11
SRR35808900_ctg3305_CDS_0054	22093	22926	+	SRR35808900_ctg3305	40.4	00	No_PHROG	No_PHROG	No_PHROG	No_PHROG	No_PHROGs_HMM	No_PHROGs_HMM	No_PHROGs_HMM	No_custom_HMM	No_custom_HMM	No_custom_HMM	No_PHROG	ab initio prediction:Pyrodigal-gv:0.3.2	CDS	None	hypothetical protein	unknown function	None	None	None	None	None	None	None	None	None	None	None	None	None	None	None	None	None	None	None	11
SRR35808900_ctg3305_CDS_0055	25147	22895	-	SRR35808900_ctg3305	165.5	00	30593	57.0	0.351	2.641e-10	No_PHROGs_HMM	No_PHROGs_HMM	No_PHROGs_HMM	No_custom_HMM	No_custom_HMM	No_custom_HMM	30593	ab initio prediction:Pyrodigal-gv:0.3.2	CDS	#c9c9c9	hypothetical protein	unknown function	None	None	None	None	None	None	None	None	None	None	None	None	None	None	None	None	None	None	None	11
SRR35808900_ctg3305_CDS_0056	26011	25157	-	SRR35808900_ctg3305	53.7	00	523	80.0	0.284	5.08e-19	No_PHROGs_HMM	No_PHROGs_HMM	No_PHROGs_HMM	No_custom_HMM	No_custom_HMM	No_custom_HMM	523	ab initio prediction:Pyrodigal-gv:0.3.2	CDS	#07e9a2	tail collar fiber protein	tail	None	None	None	None	None	None	None	None	None	None	None	None	None	None	None	None	None	None	None	11
SRR35808900_ctg3305_CDS_0057	28318	26228	-	SRR35808900_ctg3305	245.8	00	5880	113.0	0.215	4.729e-27	No_PHROGs_HMM	No_PHROGs_HMM	No_PHROGs_HMM	No_custom_HMM	No_custom_HMM	No_custom_HMM	5880	ab initio prediction:Pyrodigal-gv:0.3.2	CDS	#c9c9c9	hypothetical protein	unknown function	None	None	None	None	None	None	None	None	None	None	None	None	None	None	None	None	None	None	None	11
SRR35808900_ctg3305_CDS_0058	30618	28318	-	SRR35808900_ctg3305	214.1	00	90	82.0	0.329	5.996000000000001e-20	No_PHROGs_HMM	No_PHROGs_HMM	No_PHROGs_HMM	No_custom_HMM	No_custom_HMM	No_custom_HMM	90	ab initio prediction:Pyrodigal-gv:0.3.2	CDS	#f35f49	endolysin	lysis	None	None	None	None	None	None	None	None	None	None	None	None	None	None	None	None	None	None	None	11
SRR35808900_ctg3305_CDS_0059	31109	30618	-	SRR35808900_ctg3305	29.7	00	99	121.0	0.418	2.024e-33	No_PHROGs_HMM	No_PHROGs_HMM	No_PHROGs_HMM	No_custom_HMM	No_custom_HMM	No_custom_HMM	99	ab initio prediction:Pyrodigal-gv:0.3.2	CDS	#ffdf59	HNH endonuclease	DNA, RNA and nucleotide metabolism	None	None	None	None	None	None	None	None	None	None	None	None	None	None	None	None	None	None	None	11
SRR35808900_ctg3305_CDS_0060	32084	31110	-	SRR35808900_ctg3305	101.2	00	6121	341.0	0.554	1.127e-106	No_PHROGs_HMM	No_PHROGs_HMM	No_PHROGs_HMM	No_custom_HMM	No_custom_HMM	No_custom_HMM	6121	ab initio prediction:Pyrodigal-gv:0.3.2	CDS	#3e83f6	virion structural protein	head and packaging	None	None	None	None	None	None	None	None	None	None	None	None	None	None	None	None	None	None	None	11
SRR35808900_ctg3305_CDS_0061	32458	32081	-	SRR35808900_ctg3305	29.4	00	4470	46.0	0.253	5.139e-08	No_PHROGs_HMM	No_PHROGs_HMM	No_PHROGs_HMM	No_custom_HMM	No_custom_HMM	No_custom_HMM	4470	ab initio prediction:Pyrodigal-gv:0.3.2	CDS	#ff59f5	acyl-CoA N-acyltransferase	moron, auxiliary metabolic gene and host takeover	None	None	None	None	None	None	None	None	None	None	None	None	None	None	None	None	None	None	None	11
SRR35808900_ctg3305_CDS_0062	34365	32458	-	SRR35808900_ctg3305	158.5	00	5107	290.0	0.3	1.6080000000000001e-84	No_PHROGs_HMM	No_PHROGs_HMM	No_PHROGs_HMM	No_custom_HMM	No_custom_HMM	No_custom_HMM	5107	ab initio prediction:Pyrodigal-gv:0.3.2	CDS	#f35f49	amidase	lysis	None	None	None	None	None	None	None	None	None	None	None	None	None	None	None	None	None	None	None	11
SRR35808900_ctg3305_CDS_0063	35060	34362	-	SRR35808900_ctg3305	60.2	00	6013	139.0	0.385	4.067e-39	No_PHROGs_HMM	No_PHROGs_HMM	No_PHROGs_HMM	No_custom_HMM	No_custom_HMM	No_custom_HMM	6013	ab initio prediction:Pyrodigal-gv:0.3.2	CDS	#07e9a2	tail protein	tail	None	None	None	None	None	None	None	None	None	None	None	None	None	None	None	None	None	None	None	11
SRR35808900_ctg3305_CDS_0064	35780	35061	-	SRR35808900_ctg3305	82.9	00	20268	133.0	0.357	1.634e-36	No_PHROGs_HMM	No_PHROGs_HMM	No_PHROGs_HMM	No_custom_HMM	No_custom_HMM	No_custom_HMM	20268	ab initio prediction:Pyrodigal-gv:0.3.2	CDS	#c9c9c9	hypothetical protein	unknown function	None	None	None	None	None	None	None	None	None	None	None	None	None	None	None	None	None	None	None	11
SRR35808900_ctg3305_CDS_0065	36108	35815	-	SRR35808900_ctg3305	8.7	00	99	87.0	0.482	8.043999999999999e-22	No_PHROGs_HMM	No_PHROGs_HMM	No_PHROGs_HMM	No_custom_HMM	No_custom_HMM	No_custom_HMM	99	ab initio prediction:Pyrodigal-gv:0.3.2	CDS	#ffdf59	HNH endonuclease	DNA, RNA and nucleotide metabolism	None	None	None	None	None	None	None	None	None	None	None	None	None	None	None	None	None	None	None	11
SRR35808900_ctg3305_CDS_0066	36895	36383	-	SRR35808900_ctg3305	73.8	00	29386	83.0	0.324	6.953000000000001e-20	No_PHROGs_HMM	No_PHROGs_HMM	No_PHROGs_HMM	No_custom_HMM	No_custom_HMM	No_custom_HMM	29386	ab initio prediction:Pyrodigal-gv:0.3.2	CDS	#3e83f6	virion structural protein	head and packaging	None	None	None	None	None	None	None	None	None	None	None	None	None	None	None	None	None	None	None	11
SRR35808900_ctg3305_CDS_0067	37931	36909	-	SRR35808900_ctg3305	141.1	00	9953	213.0	0.378	2.126e-62	No_PHROGs_HMM	No_PHROGs_HMM	No_PHROGs_HMM	No_custom_HMM	No_custom_HMM	No_custom_HMM	9953	ab initio prediction:Pyrodigal-gv:0.3.2	CDS	#3e83f6	major head protein	head and packaging	None	None	None	None	None	None	None	None	None	None	None	None	None	None	None	None	None	None	None	11
SRR35808900_ctg3305_CDS_0068	39133	37955	-	SRR35808900_ctg3305	126.6	00	25516	106.0	0.236	1.342e-25	No_PHROGs_HMM	No_PHROGs_HMM	No_PHROGs_HMM	No_custom_HMM	No_custom_HMM	No_custom_HMM	25516	ab initio prediction:Pyrodigal-gv:0.3.2	CDS	#3e83f6	virion structural protein	head and packaging	None	None	None	None	None	None	None	None	None	None	None	None	None	None	None	None	None	None	None	11
SRR35808900_ctg3305_CDS_0069	39199	39351	+	SRR35808900_ctg3305	7.3	00	No_PHROG	No_PHROG	No_PHROG	No_PHROG	No_PHROGs_HMM	No_PHROGs_HMM	No_PHROGs_HMM	No_custom_HMM	No_custom_HMM	No_custom_HMM	No_PHROG	ab initio prediction:Pyrodigal-gv:0.3.2	CDS	None	hypothetical protein	unknown function	None	None	None	None	None	None	None	None	None	None	None	None	None	None	None	None	None	None	None	11
SRR35808900_ctg3305_CDS_0070	39664	39344	-	SRR35808900_ctg3305	11.7	00	No_PHROG	No_PHROG	No_PHROG	No_PHROG	No_PHROGs_HMM	No_PHROGs_HMM	No_PHROGs_HMM	No_custom_HMM	No_custom_HMM	No_custom_HMM	No_PHROG	ab initio prediction:Pyrodigal-gv:0.3.2	CDS	None	hypothetical protein	unknown function	None	None	None	None	None	None	None	None	None	None	None	None	None	None	None	None	None	None	None	11
SRR35808900_ctg3305_CDS_0071	40122	39661	-	SRR35808900_ctg3305	49.6	00	9732	84.0	0.32	5.2970000000000005e-20	No_PHROGs_HMM	No_PHROGs_HMM	No_PHROGs_HMM	No_custom_HMM	No_custom_HMM	No_custom_HMM	9732	ab initio prediction:Pyrodigal-gv:0.3.2	CDS	#c9c9c9	hypothetical protein	unknown function	None	None	None	None	None	None	None	None	None	None	None	None	None	None	None	None	None	None	None	11
SRR35808900_ctg3305_CDS_0072	41348	40122	-	SRR35808900_ctg3305	171.2	01	12082	173.0	0.352	1.08e-45	No_PHROGs_HMM	No_PHROGs_HMM	No_PHROGs_HMM	No_custom_HMM	No_custom_HMM	No_custom_HMM	12082	ab initio prediction:Pyrodigal-gv:0.3.2	CDS	#3e83f6	portal protein	head and packaging	None	None	None	None	None	None	None	None	None	None	None	None	None	None	None	None	None	None	None	11
SRR35808553_ctg921|provirus_684962_730295_CDS_0001	1068	1	-	SRR35808553_ctg921|provirus_684962_730295	173.4	00	1	85.0	0.217	4.472e-19	No_PHROGs_HMM	No_PHROGs_HMM	No_PHROGs_HMM	No_custom_HMM	No_custom_HMM	No_custom_HMM	1	ab initio prediction:Pyrodigal-gv:0.3.2	CDS	#fea328	integrase	integration and excision	None	None	None	None	None	None	None	None	None	None	None	None	None	None	None	None	None	None	None	11
SRR35808553_ctg921|provirus_684962_730295_CDS_0002	1339	1070	-	SRR35808553_ctg921|provirus_684962_730295	20.5	00	No_PHROG	No_PHROG	No_PHROG	No_PHROG	No_PHROGs_HMM	No_PHROGs_HMM	No_PHROGs_HMM	No_custom_HMM	No_custom_HMM	No_custom_HMM	No_PHROG	ab initio prediction:Pyrodigal-gv:0.3.2	CDS	None	hypothetical protein	unknown function	None	None	None	None	None	None	None	None	None	None	None	None	None	None	None	None	None	None	None	11
SRR35808553_ctg921|provirus_684962_730295_CDS_0003	1785	1339	-	SRR35808553_ctg921|provirus_684962_730295	90.5	00	17260	51.0	0.26	1.343e-09	No_PHROGs_HMM	No_PHROGs_HMM	No_PHROGs_HMM	No_custom_HMM	No_custom_HMM	No_custom_HMM	17260	ab initio prediction:Pyrodigal-gv:0.3.2	CDS	#c9c9c9	hypothetical protein	unknown function	None	None	None	None	None	None	None	None	None	None	None	None	None	None	None	None	None	None	None	11
SRR35808553_ctg921|provirus_684962_730295_CDS_0004	1965	1795	-	SRR35808553_ctg921|provirus_684962_730295	-1.9	00	No_PHROG	No_PHROG	No_PHROG	No_PHROG	No_PHROGs_HMM	No_PHROGs_HMM	No_PHROGs_HMM	No_custom_HMM	No_custom_HMM	No_custom_HMM	No_PHROG	ab initio prediction:Pyrodigal-gv:0.3.2	CDS	None	hypothetical protein	unknown function	None	None	None	None	None	None	None	None	None	None	None	None	None	None	None	None	None	None	None	11
SRR35808553_ctg921|provirus_684962_730295_CDS_0005	2633	1962	-	SRR35808553_ctg921|provirus_684962_730295	79.8	00	874	216.0	0.511	2.479e-64	No_PHROGs_HMM	No_PHROGs_HMM	No_PHROGs_HMM	No_custom_HMM	No_custom_HMM	No_custom_HMM	874	ab initio prediction:Pyrodigal-gv:0.3.2	CDS	#c9c9c9	hypothetical protein	unknown function	None	None	None	None	None	None	None	None	None	None	None	None	None	None	None	None	None	None	None	11
SRR35808553_ctg921|provirus_684962_730295_CDS_0006	3067	2630	-	SRR35808553_ctg921|provirus_684962_730295	62.9	00	No_PHROG	No_PHROG	No_PHROG	No_PHROG	No_PHROGs_HMM	No_PHROGs_HMM	No_PHROGs_HMM	No_custom_HMM	No_custom_HMM	No_custom_HMM	No_PHROG	ab initio prediction:Pyrodigal-gv:0.3.2	CDS	None	hypothetical protein	unknown function	None	None	None	None	None	None	None	None	None	None	None	None	None	None	None	None	None	None	None	11
SRR35808553_ctg921|provirus_684962_730295_CDS_0007	4917	3067	-	SRR35808553_ctg921|provirus_684962_730295	262.3	00	32684	358.0	0.745	8.326e-114	No_PHROGs_HMM	No_PHROGs_HMM	No_PHROGs_HMM	No_custom_HMM	No_custom_HMM	No_custom_HMM	32684	ab initio prediction:Pyrodigal-gv:0.3.2	CDS	#c9c9c9	hypothetical protein	unknown function	None	None	None	None	None	None	None	None	None	None	None	None	None	None	None	None	None	None	None	11
SRR35808553_ctg921|provirus_684962_730295_CDS_0008	5848	5192	-	SRR35808553_ctg921|provirus_684962_730295	23.2	00	38675	39.0	0.383	7.918e-06	No_PHROGs_HMM	No_PHROGs_HMM	No_PHROGs_HMM	No_custom_HMM	No_custom_HMM	No_custom_HMM	38675	ab initio prediction:Pyrodigal-gv:0.3.2	CDS	#c9c9c9	hypothetical protein	unknown function	None	None	None	None	None	None	None	None	None	None	None	None	None	None	None	None	None	None	None	11
SRR35808553_ctg921|provirus_684962_730295_CDS_0009	7677	5848	-	SRR35808553_ctg921|provirus_684962_730295	324.3	00	1499	53.0	0.269	4.69e-09	No_PHROGs_HMM	No_PHROGs_HMM	No_PHROGs_HMM	No_custom_HMM	No_custom_HMM	No_custom_HMM	1499	ab initio prediction:Pyrodigal-gv:0.3.2	CDS	#c9c9c9	hypothetical protein	unknown function	None	None	None	None	None	None	None	None	None	None	None	None	None	None	None	None	None	None	None	11
SRR35808553_ctg921|provirus_684962_730295_CDS_0010	8368	7682	-	SRR35808553_ctg921|provirus_684962_730295	120.3	00	6576	168.0	0.507	5.114e-48	No_PHROGs_HMM	No_PHROGs_HMM	No_PHROGs_HMM	No_custom_HMM	No_custom_HMM	No_custom_HMM	6576	ab initio prediction:Pyrodigal-gv:0.3.2	CDS	#c9c9c9	hypothetical protein	unknown function	None	None	None	None	None	None	None	None	None	None	None	None	None	None	None	None	None	None	None	11
SRR35808553_ctg921|provirus_684962_730295_CDS_0011	9633	8605	-	SRR35808553_ctg921|provirus_684962_730295	103.1	00	561	139.0	0.368	1.722e-37	No_PHROGs_HMM	No_PHROGs_HMM	No_PHROGs_HMM	No_custom_HMM	No_custom_HMM	No_custom_HMM	561	ab initio prediction:Pyrodigal-gv:0.3.2	CDS	#ffdf59	RecT-like ssDNA annealing protein	DNA, RNA and nucleotide metabolism	None	None	None	None	None	None	None	None	None	None	None	None	None	None	None	None	None	None	None	11
SRR35808553_ctg921|provirus_684962_730295_CDS_0012	10466	9645	-	SRR35808553_ctg921|provirus_684962_730295	145.7	00	69	52.0	0.19	7.724e-09	No_PHROGs_HMM	No_PHROGs_HMM	No_PHROGs_HMM	No_custom_HMM	No_custom_HMM	No_custom_HMM	69	ab initio prediction:Pyrodigal-gv:0.3.2	CDS	#ffdf59	exonuclease	DNA, RNA and nucleotide metabolism	None	None	None	None	None	None	None	None	None	None	None	None	None	None	None	None	None	None	None	11
SRR35808553_ctg921|provirus_684962_730295_CDS_0013	10717	10463	-	SRR35808553_ctg921|provirus_684962_730295	31.7	00	No_PHROG	No_PHROG	No_PHROG	No_PHROG	No_PHROGs_HMM	No_PHROGs_HMM	No_PHROGs_HMM	No_custom_HMM	No_custom_HMM	No_custom_HMM	No_PHROG	ab initio prediction:Pyrodigal-gv:0.3.2	CDS	None	hypothetical protein	unknown function	None	None	None	None	None	None	None	None	None	None	None	None	None	None	None	None	None	None	None	11
SRR35808553_ctg921|provirus_684962_730295_CDS_0014	10823	10710	-	SRR35808553_ctg921|provirus_684962_730295	16.2	00	No_PHROG	No_PHROG	No_PHROG	No_PHROG	No_PHROGs_HMM	No_PHROGs_HMM	No_PHROGs_HMM	No_custom_HMM	No_custom_HMM	No_custom_HMM	No_PHROG	ab initio prediction:Pyrodigal-gv:0.3.2	CDS	None	hypothetical protein	unknown function	None	None	None	None	None	None	None	None	None	None	None	None	None	None	None	None	None	None	None	11
SRR35808553_ctg921|provirus_684962_730295_CDS_0015	11125	10820	-	SRR35808553_ctg921|provirus_684962_730295	8.2	00	No_PHROG	No_PHROG	No_PHROG	No_PHROG	No_PHROGs_HMM	No_PHROGs_HMM	No_PHROGs_HMM	No_custom_HMM	No_custom_HMM	No_custom_HMM	No_PHROG	ab initio prediction:Pyrodigal-gv:0.3.2	CDS	None	hypothetical protein	unknown function	None	None	None	None	None	None	None	None	None	None	None	None	None	None	None	None	None	None	None	11
SRR35808553_ctg921|provirus_684962_730295_CDS_0016	11241	11125	-	SRR35808553_ctg921|provirus_684962_730295	9.3	00	No_PHROG	No_PHROG	No_PHROG	No_PHROG	No_PHROGs_HMM	No_PHROGs_HMM	No_PHROGs_HMM	No_custom_HMM	No_custom_HMM	No_custom_HMM	No_PHROG	ab initio prediction:Pyrodigal-gv:0.3.2	CDS	None	hypothetical protein	unknown function	None	None	None	None	None	None	None	None	None	None	None	None	None	None	None	None	None	None	None	11
SRR35808553_ctg921|provirus_684962_730295_CDS_0017	11627	11238	-	SRR35808553_ctg921|provirus_684962_730295	54.1	00	No_PHROG	No_PHROG	No_PHROG	No_PHROG	No_PHROGs_HMM	No_PHROGs_HMM	No_PHROGs_HMM	No_custom_HMM	No_custom_HMM	No_custom_HMM	No_PHROG	ab initio prediction:Pyrodigal-gv:0.3.2	CDS	None	hypothetical protein	unknown function	None	None	None	None	None	None	None	None	None	None	None	None	None	None	None	None	None	None	None	11
SRR35808553_ctg921|provirus_684962_730295_CDS_0018	11959	11624	-	SRR35808553_ctg921|provirus_684962_730295	71.6	00	No_PHROG	No_PHROG	No_PHROG	No_PHROG	No_PHROGs_HMM	No_PHROGs_HMM	No_PHROGs_HMM	No_custom_HMM	No_custom_HMM	No_custom_HMM	No_PHROG	ab initio prediction:Pyrodigal-gv:0.3.2	CDS	None	hypothetical protein	unknown function	None	None	None	None	None	None	None	None	None	None	None	None	None	None	None	None	None	None	None	11
SRR35808553_ctg921|provirus_684962_730295_CDS_0019	12256	12519	+	SRR35808553_ctg921|provirus_684962_730295	15.2	00	No_PHROG	No_PHROG	No_PHROG	No_PHROG	No_PHROGs_HMM	No_PHROGs_HMM	No_PHROGs_HMM	No_custom_HMM	No_custom_HMM	No_custom_HMM	No_PHROG	ab initio prediction:Pyrodigal-gv:0.3.2	CDS	None	hypothetical protein	unknown function	None	None	None	None	None	None	None	None	None	None	None	None	None	None	None	None	None	None	None	11
SRR35808553_ctg921|provirus_684962_730295_CDS_0020	12811	12584	-	SRR35808553_ctg921|provirus_684962_730295	28.6	00	No_PHROG	No_PHROG	No_PHROG	No_PHROG	No_PHROGs_HMM	No_PHROGs_HMM	No_PHROGs_HMM	No_custom_HMM	No_custom_HMM	No_custom_HMM	No_PHROG	ab initio prediction:Pyrodigal-gv:0.3.2	CDS	None	hypothetical protein	unknown function	None	None	None	None	None	None	None	None	None	None	None	None	None	None	None	None	None	None	None	11
SRR35808553_ctg921|provirus_684962_730295_CDS_0021	13224	12808	-	SRR35808553_ctg921|provirus_684962_730295	24.6	00	8809	126.0	0.517	1.731e-35	No_PHROGs_HMM	No_PHROGs_HMM	No_PHROGs_HMM	No_custom_HMM	No_custom_HMM	No_custom_HMM	8809	ab initio prediction:Pyrodigal-gv:0.3.2	CDS	#c9c9c9	hypothetical protein	unknown function	None	None	None	None	None	None	None	None	None	None	None	None	None	None	None	None	None	None	None	11
SRR35808553_ctg921|provirus_684962_730295_CDS_0022	13433	13227	-	SRR35808553_ctg921|provirus_684962_730295	17.8	00	No_PHROG	No_PHROG	No_PHROG	No_PHROG	No_PHROGs_HMM	No_PHROGs_HMM	No_PHROGs_HMM	No_custom_HMM	No_custom_HMM	No_custom_HMM	No_PHROG	ab initio prediction:Pyrodigal-gv:0.3.2	CDS	None	hypothetical protein	unknown function	None	None	None	None	None	None	None	None	None	None	None	None	None	None	None	None	None	None	None	11
SRR35808553_ctg921|provirus_684962_730295_CDS_0023	14113	13478	-	SRR35808553_ctg921|provirus_684962_730295	26.4	00	4	94.0	0.295	1.1669999999999999e-23	No_PHROGs_HMM	No_PHROGs_HMM	No_PHROGs_HMM	No_custom_HMM	No_custom_HMM	No_custom_HMM	4	ab initio prediction:Pyrodigal-gv:0.3.2	CDS	#a861e3	transcriptional repressor	transcription regulation	None	None	None	None	None	None	None	None	None	None	None	None	None	None	None	None	None	None	None	11
SRR35808553_ctg921|provirus_684962_730295_CDS_0024	14233	14466	+	SRR35808553_ctg921|provirus_684962_730295	26.1	00	No_PHROG	No_PHROG	No_PHROG	No_PHROG	No_PHROGs_HMM	No_PHROGs_HMM	No_PHROGs_HMM	No_custom_HMM	No_custom_HMM	No_custom_HMM	No_PHROG	ab initio prediction:Pyrodigal-gv:0.3.2	CDS	None	hypothetical protein	unknown function	None	None	None	None	None	None	None	None	None	None	None	None	None	None	None	None	None	None	None	11
SRR35808553_ctg921|provirus_684962_730295_CDS_0025	14675	15031	+	SRR35808553_ctg921|provirus_684962_730295	17.4	00	No_PHROG	No_PHROG	No_PHROG	No_PHROG	No_PHROGs_HMM	No_PHROGs_HMM	No_PHROGs_HMM	No_custom_HMM	No_custom_HMM	No_custom_HMM	No_PHROG	ab initio prediction:Pyrodigal-gv:0.3.2	CDS	None	hypothetical protein	unknown function	None	None	None	None	None	None	None	None	None	None	None	None	None	None	None	None	None	None	None	11
SRR35808553_ctg921|provirus_684962_730295_CDS_0026	15028	15156	+	SRR35808553_ctg921|provirus_684962_730295	14.1	00	No_PHROG	No_PHROG	No_PHROG	No_PHROG	No_PHROGs_HMM	No_PHROGs_HMM	No_PHROGs_HMM	No_custom_HMM	No_custom_HMM	No_custom_HMM	No_PHROG	ab initio prediction:Pyrodigal-gv:0.3.2	CDS	None	hypothetical protein	unknown function	None	None	None	None	None	None	None	None	None	None	None	None	None	None	None	None	None	None	None	11
SRR35808553_ctg921|provirus_684962_730295_CDS_0027	15153	17696	+	SRR35808553_ctg921|provirus_684962_730295	462.7	00	67	89.0	0.214	4.002e-21	No_PHROGs_HMM	No_PHROGs_HMM	No_PHROGs_HMM	No_custom_HMM	No_custom_HMM	No_custom_HMM	67	ab initio prediction:Pyrodigal-gv:0.3.2	CDS	#838383	DNA methyltransferase	other	None	None	None	None	None	None	None	None	None	None	None	None	None	None	None	None	None	None	None	11
SRR35808553_ctg921|provirus_684962_730295_CDS_0028	17693	17809	+	SRR35808553_ctg921|provirus_684962_730295	3.9	00	No_PHROG	No_PHROG	No_PHROG	No_PHROG	No_PHROGs_HMM	No_PHROGs_HMM	No_PHROGs_HMM	No_custom_HMM	No_custom_HMM	No_custom_HMM	No_PHROG	ab initio prediction:Pyrodigal-gv:0.3.2	CDS	None	hypothetical protein	unknown function	None	None	None	None	None	None	None	None	None	None	None	None	None	None	None	None	None	None	None	11
SRR35808553_ctg921|provirus_684962_730295_CDS_0029	17809	18645	+	SRR35808553_ctg921|provirus_684962_730295	61.7	00	2509	122.0	0.454	2.938e-32	No_PHROGs_HMM	No_PHROGs_HMM	No_PHROGs_HMM	No_custom_HMM	No_custom_HMM	No_custom_HMM	2509	ab initio prediction:Pyrodigal-gv:0.3.2	CDS	#ffdf59	replication initiation protein	DNA, RNA and nucleotide metabolism	None	None	None	None	None	None	None	None	None	None	None	None	None	None	None	None	None	None	None	11
SRR35808553_ctg921|provirus_684962_730295_CDS_0030	18635	20026	+	SRR35808553_ctg921|provirus_684962_730295	230.7	00	19	320.0	0.425	1.468e-97	No_PHROGs_HMM	No_PHROGs_HMM	No_PHROGs_HMM	No_custom_HMM	No_custom_HMM	No_custom_HMM	19	ab initio prediction:Pyrodigal-gv:0.3.2	CDS	#ffdf59	DnaB-like replicative helicase	DNA, RNA and nucleotide metabolism	None	None	None	None	None	None	None	None	None	None	None	None	None	None	None	None	None	None	None	11
SRR35808553_ctg921|provirus_684962_730295_CDS_0031	20248	20676	+	SRR35808553_ctg921|provirus_684962_730295	46.8	00	140	130.0	0.491	6.4889999999999995e-37	No_PHROGs_HMM	No_PHROGs_HMM	No_PHROGs_HMM	No_custom_HMM	No_custom_HMM	No_custom_HMM	140	ab initio prediction:Pyrodigal-gv:0.3.2	CDS	#ffdf59	RusA-like Holliday junction resolvase	DNA, RNA and nucleotide metabolism	None	None	None	None	None	None	None	None	None	None	None	None	None	None	None	None	None	None	None	11
SRR35808553_ctg921|provirus_684962_730295_CDS_0032	20676	21251	+	SRR35808553_ctg921|provirus_684962_730295	62.5	00	No_PHROG	No_PHROG	No_PHROG	No_PHROG	No_PHROGs_HMM	No_PHROGs_HMM	No_PHROGs_HMM	No_custom_HMM	No_custom_HMM	No_custom_HMM	No_PHROG	ab initio prediction:Pyrodigal-gv:0.3.2	CDS	None	hypothetical protein	unknown function	None	None	None	None	None	None	None	None	None	None	None	None	None	None	None	None	None	None	None	11
SRR35808553_ctg921|provirus_684962_730295_CDS_0033	21455	22009	+	SRR35808553_ctg921|provirus_684962_730295	102.1	00	51	71.0	0.502	1.783e-16	No_PHROGs_HMM	No_PHROGs_HMM	No_PHROGs_HMM	No_custom_HMM	No_custom_HMM	No_custom_HMM	51	ab initio prediction:Pyrodigal-gv:0.3.2	CDS	#3e83f6	terminase small subunit	head and packaging	None	None	None	None	None	None	None	None	None	None	None	None	None	None	None	None	None	None	None	11
SRR35808553_ctg921|provirus_684962_730295_CDS_0034	22012	23472	+	SRR35808553_ctg921|provirus_684962_730295	266.6	00	38	376.0	0.443	9.281000000000001e-116	No_PHROGs_HMM	No_PHROGs_HMM	No_PHROGs_HMM	No_custom_HMM	No_custom_HMM	No_custom_HMM	38	ab initio prediction:Pyrodigal-gv:0.3.2	CDS	#3e83f6	terminase large subunit	head and packaging	None	None	None	None	None	None	None	None	None	None	None	None	None	None	None	None	None	None	None	11
SRR35808553_ctg921|provirus_684962_730295_CDS_0035	23478	24986	+	SRR35808553_ctg921|provirus_684962_730295	252.2	00	12751	349.0	0.551	1.081e-108	No_PHROGs_HMM	No_PHROGs_HMM	No_PHROGs_HMM	No_custom_HMM	No_custom_HMM	No_custom_HMM	12751	ab initio prediction:Pyrodigal-gv:0.3.2	CDS	#c9c9c9	hypothetical protein	unknown function	None	None	None	None	None	None	None	None	None	None	None	None	None	None	None	None	None	None	None	11
SRR35808553_ctg921|provirus_684962_730295_CDS_0036	25012	25665	+	SRR35808553_ctg921|provirus_684962_730295	79.8	00	324	146.0	0.417	2.147e-40	No_PHROGs_HMM	No_PHROGs_HMM	No_PHROGs_HMM	No_custom_HMM	No_custom_HMM	No_custom_HMM	324	ab initio prediction:Pyrodigal-gv:0.3.2	CDS	#3e83f6	head morphogenesis	head and packaging	None	None	None	None	None	None	None	None	None	None	None	None	None	None	None	None	None	None	None	11
SRR35808553_ctg921|provirus_684962_730295_CDS_0037	25676	28129	+	SRR35808553_ctg921|provirus_684962_730295	179.9	00	20877	53.0	0.355	2.023e-08	No_PHROGs_HMM	No_PHROGs_HMM	No_PHROGs_HMM	No_custom_HMM	No_custom_HMM	No_custom_HMM	20877	ab initio prediction:Pyrodigal-gv:0.3.2	CDS	#c9c9c9	hypothetical protein	unknown function	None	None	None	None	None	None	None	None	None	None	None	None	None	None	None	None	None	None	None	11
SRR35808553_ctg921|provirus_684962_730295_CDS_0038	28176	29483	+	SRR35808553_ctg921|provirus_684962_730295	231.1	00	1961	341.0	0.447	1.16e-104	No_PHROGs_HMM	No_PHROGs_HMM	No_PHROGs_HMM	No_custom_HMM	No_custom_HMM	No_custom_HMM	1961	ab initio prediction:Pyrodigal-gv:0.3.2	CDS	#c9c9c9	hypothetical protein	unknown function	None	None	None	None	None	None	None	None	None	None	None	None	None	None	None	None	None	None	None	11
SRR35808553_ctg921|provirus_684962_730295_CDS_0039	29500	29991	+	SRR35808553_ctg921|provirus_684962_730295	104.3	00	563	83.0	0.321	1.7780000000000003e-20	No_PHROGs_HMM	No_PHROGs_HMM	No_PHROGs_HMM	No_custom_HMM	No_custom_HMM	No_custom_HMM	563	ab initio prediction:Pyrodigal-gv:0.3.2	CDS	#3e83f6	virion structural protein	head and packaging	None	None	None	None	None	None	None	None	None	None	None	None	None	None	None	None	None	None	None	11
SRR35808553_ctg921|provirus_684962_730295_CDS_0040	30006	31067	+	SRR35808553_ctg921|provirus_684962_730295	219.4	00	264	152.0	0.307	1.429e-41	No_PHROGs_HMM	No_PHROGs_HMM	No_PHROGs_HMM	No_custom_HMM	No_custom_HMM	No_custom_HMM	264	ab initio prediction:Pyrodigal-gv:0.3.2	CDS	#3e83f6	major head protein	head and packaging	None	None	None	None	None	None	None	None	None	None	None	None	None	None	None	None	None	None	None	11
SRR35808553_ctg921|provirus_684962_730295_CDS_0041	31078	31401	+	SRR35808553_ctg921|provirus_684962_730295	52.9	00	No_PHROG	No_PHROG	No_PHROG	No_PHROG	No_PHROGs_HMM	No_PHROGs_HMM	No_PHROGs_HMM	No_custom_HMM	No_custom_HMM	No_custom_HMM	No_PHROG	ab initio prediction:Pyrodigal-gv:0.3.2	CDS	None	hypothetical protein	unknown function	None	None	None	None	None	None	None	None	None	None	None	None	None	None	None	None	None	None	None	11
SRR35808553_ctg921|provirus_684962_730295_CDS_0042	31401	31784	+	SRR35808553_ctg921|provirus_684962_730295	59.7	00	302	66.0	0.33	3.204e-15	No_PHROGs_HMM	No_PHROGs_HMM	No_PHROGs_HMM	No_custom_HMM	No_custom_HMM	No_custom_HMM	302	ab initio prediction:Pyrodigal-gv:0.3.2	CDS	#3e83f6	virion structural protein	head and packaging	None	None	None	None	None	None	None	None	None	None	None	None	None	None	None	None	None	None	None	11
SRR35808553_ctg921|provirus_684962_730295_CDS_0043	31814	32326	+	SRR35808553_ctg921|provirus_684962_730295	56.1	00	222	102.0	0.359	8.488e-27	No_PHROGs_HMM	No_PHROGs_HMM	No_PHROGs_HMM	No_custom_HMM	No_custom_HMM	No_custom_HMM	222	ab initio prediction:Pyrodigal-gv:0.3.2	CDS	#35d7ff	tail completion or Neck1 protein	connector	None	None	None	None	None	None	None	None	None	None	None	None	None	None	None	None	None	None	None	11
SRR35808553_ctg921|provirus_684962_730295_CDS_0044	32323	32697	+	SRR35808553_ctg921|provirus_684962_730295	62.5	00	939	76.0	0.367	1.008e-18	No_PHROGs_HMM	No_PHROGs_HMM	No_PHROGs_HMM	No_custom_HMM	No_custom_HMM	No_custom_HMM	939	ab initio prediction:Pyrodigal-gv:0.3.2	CDS	#3e83f6	head protein	head and packaging	None	None	None	None	None	None	None	None	None	None	None	None	None	None	None	None	None	None	None	11
SRR35808553_ctg921|provirus_684962_730295_CDS_0045	32702	33256	+	SRR35808553_ctg921|provirus_684962_730295	75.3	00	1973	182.0	0.524	4.313e-54	No_PHROGs_HMM	No_PHROGs_HMM	No_PHROGs_HMM	No_custom_HMM	No_custom_HMM	No_custom_HMM	1973	ab initio prediction:Pyrodigal-gv:0.3.2	CDS	#c9c9c9	hypothetical protein	unknown function	None	None	None	None	None	None	None	None	None	None	None	None	None	None	None	None	None	None	None	11
SRR35808553_ctg921|provirus_684962_730295_CDS_0046	33267	34754	+	SRR35808553_ctg921|provirus_684962_730295	320.5	00	205	241.0	0.316	7.227e-70	No_PHROGs_HMM	No_PHROGs_HMM	No_PHROGs_HMM	No_custom_HMM	No_custom_HMM	No_custom_HMM	205	ab initio prediction:Pyrodigal-gv:0.3.2	CDS	#07e9a2	tail sheath	tail	None	None	None	None	None	None	None	None	None	None	None	None	None	None	None	None	None	None	None	11
SRR35808553_ctg921|provirus_684962_730295_CDS_0047	34765	35205	+	SRR35808553_ctg921|provirus_684962_730295	115.3	00	280	98.0	0.395	6.577000000000001e-26	No_PHROGs_HMM	No_PHROGs_HMM	No_PHROGs_HMM	No_custom_HMM	No_custom_HMM	No_custom_HMM	280	ab initio prediction:Pyrodigal-gv:0.3.2	CDS	#3e83f6	virion structural protein	head and packaging	None	None	None	None	None	None	None	None	None	None	None	None	None	None	None	None	None	None	None	11
SRR35808553_ctg921|provirus_684962_730295_CDS_0048	35213	35656	+	SRR35808553_ctg921|provirus_684962_730295	83.9	00	1688	85.0	0.37	8.66e-21	No_PHROGs_HMM	No_PHROGs_HMM	No_PHROGs_HMM	No_custom_HMM	No_custom_HMM	No_custom_HMM	1688	ab initio prediction:Pyrodigal-gv:0.3.2	CDS	#07e9a2	tail assembly chaperone	tail	None	None	None	None	None	None	None	None	None	None	None	None	None	None	None	None	None	None	None	11
SRR35808553_ctg921|provirus_684962_730295_CDS_0049	35680	35835	+	SRR35808553_ctg921|provirus_684962_730295	4.0	00	4364	41.0	0.554	1.092e-07	No_PHROGs_HMM	No_PHROGs_HMM	No_PHROGs_HMM	No_custom_HMM	No_custom_HMM	No_custom_HMM	4364	ab initio prediction:Pyrodigal-gv:0.3.2	CDS	#c9c9c9	hypothetical protein	unknown function	None	None	None	None	None	None	None	None	None	None	None	None	None	None	None	None	None	None	None	11
SRR35808553_ctg921|provirus_684962_730295_CDS_0050	35828	37315	+	SRR35808553_ctg921|provirus_684962_730295	280.2	00	30077	178.0	0.4	1.478e-47	No_PHROGs_HMM	No_PHROGs_HMM	No_PHROGs_HMM	No_custom_HMM	No_custom_HMM	No_custom_HMM	30077	ab initio prediction:Pyrodigal-gv:0.3.2	CDS	#c9c9c9	hypothetical protein	unknown function	None	None	None	None	None	None	None	None	None	None	None	None	None	None	None	None	None	None	None	11
SRR35808553_ctg921|provirus_684962_730295_CDS_0051	37315	38247	+	SRR35808553_ctg921|provirus_684962_730295	183.3	00	817	115.0	0.425	2.1880000000000003e-31	No_PHROGs_HMM	No_PHROGs_HMM	No_PHROGs_HMM	No_custom_HMM	No_custom_HMM	No_custom_HMM	817	ab initio prediction:Pyrodigal-gv:0.3.2	CDS	#07e9a2	tail fiber protein	tail	None	None	None	None	None	None	None	None	None	None	None	None	None	None	None	None	None	None	None	11
SRR35808553_ctg921|provirus_684962_730295_CDS_0052	38244	39224	+	SRR35808553_ctg921|provirus_684962_730295	187.1	00	20677	127.0	0.307	2.2330000000000002e-31	No_PHROGs_HMM	No_PHROGs_HMM	No_PHROGs_HMM	No_custom_HMM	No_custom_HMM	No_custom_HMM	20677	ab initio prediction:Pyrodigal-gv:0.3.2	CDS	#c9c9c9	hypothetical protein	unknown function	None	None	None	None	None	None	None	None	None	None	None	None	None	None	None	None	None	None	None	11
SRR35808553_ctg921|provirus_684962_730295_CDS_0053	39224	39892	+	SRR35808553_ctg921|provirus_684962_730295	132.7	00	11	92.0	0.351	2.741e-22	No_PHROGs_HMM	No_PHROGs_HMM	No_PHROGs_HMM	No_custom_HMM	No_custom_HMM	No_custom_HMM	11	ab initio prediction:Pyrodigal-gv:0.3.2	CDS	#07e9a2	baseplate spike	tail	None	None	None	None	None	None	None	None	None	None	None	None	None	None	None	None	None	None	None	11
SRR35808553_ctg921|provirus_684962_730295_CDS_0054	39895	40248	+	SRR35808553_ctg921|provirus_684962_730295	61.9	00	120	73.0	0.36	1.074e-17	No_PHROGs_HMM	No_PHROGs_HMM	No_PHROGs_HMM	No_custom_HMM	No_custom_HMM	No_custom_HMM	120	ab initio prediction:Pyrodigal-gv:0.3.2	CDS	#07e9a2	baseplate wedge subunit	tail	None	None	None	None	None	None	None	None	None	None	None	None	None	None	None	None	None	None	None	11
SRR35808553_ctg921|provirus_684962_730295_CDS_0055	40250	41428	+	SRR35808553_ctg921|provirus_684962_730295	230.1	00	6	136.0	0.232	5.908e-35	No_PHROGs_HMM	No_PHROGs_HMM	No_PHROGs_HMM	No_custom_HMM	No_custom_HMM	No_custom_HMM	6	ab initio prediction:Pyrodigal-gv:0.3.2	CDS	#07e9a2	baseplate wedge subunit	tail	None	None	None	None	None	None	None	None	None	None	None	None	None	None	None	None	None	None	None	11
SRR35808553_ctg921|provirus_684962_730295_CDS_0056	41431	42120	+	SRR35808553_ctg921|provirus_684962_730295	98.8	00	587	141.0	0.419	4.5099999999999995e-39	No_PHROGs_HMM	No_PHROGs_HMM	No_PHROGs_HMM	No_custom_HMM	No_custom_HMM	No_custom_HMM	587	ab initio prediction:Pyrodigal-gv:0.3.2	CDS	#3e83f6	structural protein	head and packaging	None	None	None	None	None	None	None	None	None	None	None	None	None	None	None	None	None	None	None	11
SRR35808553_ctg921|provirus_684962_730295_CDS_0057	42121	42840	+	SRR35808553_ctg921|provirus_684962_730295	63.1	00	2282	61.0	0.327	2.107e-11	No_PHROGs_HMM	No_PHROGs_HMM	No_PHROGs_HMM	No_custom_HMM	No_custom_HMM	No_custom_HMM	2282	ab initio prediction:Pyrodigal-gv:0.3.2	CDS	#07e9a2	tail fiber protein	tail	None	None	None	None	None	None	None	None	None	None	None	None	None	None	None	None	None	None	None	11
SRR35808553_ctg921|provirus_684962_730295_CDS_0058	42842	43372	+	SRR35808553_ctg921|provirus_684962_730295	90.3	00	2837	74.0	0.274	4.126e-17	No_PHROGs_HMM	No_PHROGs_HMM	No_PHROGs_HMM	No_custom_HMM	No_custom_HMM	No_custom_HMM	2837	ab initio prediction:Pyrodigal-gv:0.3.2	CDS	#07e9a2	tail protein	tail	None	None	None	None	None	None	None	None	None	None	None	None	None	None	None	None	None	None	None	11
SRR35808553_ctg921|provirus_684962_730295_CDS_0059	43435	43800	+	SRR35808553_ctg921|provirus_684962_730295	57.7	00	No_PHROG	No_PHROG	No_PHROG	No_PHROG	No_PHROGs_HMM	No_PHROGs_HMM	No_PHROGs_HMM	No_custom_HMM	No_custom_HMM	No_custom_HMM	No_PHROG	ab initio prediction:Pyrodigal-gv:0.3.2	CDS	None	hypothetical protein	unknown function	None	None	None	None	None	None	None	None	None	None	None	None	None	None	None	None	None	None	None	11
SRR35808553_ctg921|provirus_684962_730295_CDS_0060	43800	44048	+	SRR35808553_ctg921|provirus_684962_730295	34.4	00	No_PHROG	No_PHROG	No_PHROG	No_PHROG	No_PHROGs_HMM	No_PHROGs_HMM	No_PHROGs_HMM	No_custom_HMM	No_custom_HMM	No_custom_HMM	No_PHROG	ab initio prediction:Pyrodigal-gv:0.3.2	CDS	None	hypothetical protein	unknown function	None	None	None	None	None	None	None	None	None	None	None	None	None	None	None	None	None	None	None	11
SRR35808553_ctg921|provirus_684962_730295_CDS_0061	44045	44692	+	SRR35808553_ctg921|provirus_684962_730295	95.9	00	181	162.0	0.455	7.436999999999999e-47	No_PHROGs_HMM	No_PHROGs_HMM	No_PHROGs_HMM	No_custom_HMM	No_custom_HMM	No_custom_HMM	181	ab initio prediction:Pyrodigal-gv:0.3.2	CDS	#f35f49	endolysin	lysis	None	None	None	None	None	None	None	None	None	None	None	None	None	None	None	None	None	None	None	11
SRR35808553_ctg921|provirus_684962_730295_CDS_0062	44921	45133	+	SRR35808553_ctg921|provirus_684962_730295	20.6	00	No_PHROG	No_PHROG	No_PHROG	No_PHROG	No_PHROGs_HMM	No_PHROGs_HMM	No_PHROGs_HMM	No_custom_HMM	No_custom_HMM	No_custom_HMM	No_PHROG	ab initio prediction:Pyrodigal-gv:0.3.2	CDS	None	hypothetical protein	unknown function	None	None	None	None	None	None	None	None	None	None	None	None	None	None	None	None	None	None	None	11
SRR35808553_ctg921|provirus_684962_730295_CDS_0063	45188	45334	+	SRR35808553_ctg921|provirus_684962_730295	1.0	00	No_PHROG	No_PHROG	No_PHROG	No_PHROG	No_PHROGs_HMM	No_PHROGs_HMM	No_PHROGs_HMM	No_custom_HMM	No_custom_HMM	No_custom_HMM	No_PHROG	ab initio prediction:Pyrodigal-gv:0.3.2	CDS	None	hypothetical protein	unknown function	None	None	None	None	None	None	None	None	None	None	None	None	None	None	None	None	None	None	None	11
SRR35808553_ctg921|provirus_1054300_1093930_CDS_0001	828	1	-	SRR35808553_ctg921|provirus_1054300_1093930	55.9	00	No_PHROG	No_PHROG	No_PHROG	No_PHROG	No_PHROGs_HMM	No_PHROGs_HMM	No_PHROGs_HMM	No_custom_HMM	No_custom_HMM	No_custom_HMM	No_PHROG	ab initio prediction:Pyrodigal-gv:0.3.2	CDS	None	hypothetical protein	unknown function	None	None	None	None	None	None	None	None	None	None	None	None	None	None	None	None	None	None	None	11
SRR35808553_ctg921|provirus_1054300_1093930_CDS_0002	1109	825	-	SRR35808553_ctg921|provirus_1054300_1093930	39.4	00	No_PHROG	No_PHROG	No_PHROG	No_PHROG	No_PHROGs_HMM	No_PHROGs_HMM	No_PHROGs_HMM	No_custom_HMM	No_custom_HMM	No_custom_HMM	No_PHROG	ab initio prediction:Pyrodigal-gv:0.3.2	CDS	None	hypothetical protein	unknown function	None	None	None	None	None	None	None	None	None	None	None	None	None	None	None	None	None	None	None	11
SRR35808553_ctg921|provirus_1054300_1093930_CDS_0003	4390	1106	-	SRR35808553_ctg921|provirus_1054300_1093930	544.5	00	31	331.0	0.257	1.348e-92	No_PHROGs_HMM	No_PHROGs_HMM	No_PHROGs_HMM	No_custom_HMM	No_custom_HMM	No_custom_HMM	31	ab initio prediction:Pyrodigal-gv:0.3.2	CDS	#07e9a2	central tail fiber J	tail	None	None	None	None	None	None	None	None	None	None	None	None	None	None	None	None	None	None	None	11
SRR35808553_ctg921|provirus_1054300_1093930_CDS_0004	4803	4387	-	SRR35808553_ctg921|provirus_1054300_1093930	62.4	00	329	65.0	0.335	1.746e-14	No_PHROGs_HMM	No_PHROGs_HMM	No_PHROGs_HMM	No_custom_HMM	No_custom_HMM	No_custom_HMM	329	ab initio prediction:Pyrodigal-gv:0.3.2	CDS	#07e9a2	minor tail protein	tail	None	None	None	None	None	None	None	None	None	None	None	None	None	None	None	None	None	None	None	11
SRR35808553_ctg921|provirus_1054300_1093930_CDS_0005	5312	4800	-	SRR35808553_ctg921|provirus_1054300_1093930	97.6	00	396	89.0	0.344	1.3979999999999998e-22	No_PHROGs_HMM	No_PHROGs_HMM	No_PHROGs_HMM	No_custom_HMM	No_custom_HMM	No_custom_HMM	396	ab initio prediction:Pyrodigal-gv:0.3.2	CDS	#07e9a2	minor tail protein	tail	None	None	None	None	None	None	None	None	None	None	None	None	None	None	None	None	None	None	None	11
SRR35808553_ctg921|provirus_1054300_1093930_CDS_0006	5718	5314	-	SRR35808553_ctg921|provirus_1054300_1093930	73.7	00	384	77.0	0.383	1.943e-18	No_PHROGs_HMM	No_PHROGs_HMM	No_PHROGs_HMM	No_custom_HMM	No_custom_HMM	No_custom_HMM	384	ab initio prediction:Pyrodigal-gv:0.3.2	CDS	#3e83f6	virion structural protein	head and packaging	None	None	None	None	None	None	None	None	None	None	None	None	None	None	None	None	None	None	None	11
SRR35808553_ctg921|provirus_1054300_1093930_CDS_0007	8977	5729	-	SRR35808553_ctg921|provirus_1054300_1093930	616.1	00	18891	133.0	0.371	1.462e-32	No_PHROGs_HMM	No_PHROGs_HMM	No_PHROGs_HMM	No_custom_HMM	No_custom_HMM	No_custom_HMM	18891	ab initio prediction:Pyrodigal-gv:0.3.2	CDS	#07e9a2	tail length tape measure protein	tail	None	None	None	None	None	None	None	None	None	None	None	None	None	None	None	None	None	None	None	11
SRR35808553_ctg921|provirus_1054300_1093930_CDS_0008	9089	8982	-	SRR35808553_ctg921|provirus_1054300_1093930	4.0	00	No_PHROG	No_PHROG	No_PHROG	No_PHROG	No_PHROGs_HMM	No_PHROGs_HMM	No_PHROGs_HMM	No_custom_HMM	No_custom_HMM	No_custom_HMM	No_PHROG	ab initio prediction:Pyrodigal-gv:0.3.2	CDS	None	hypothetical protein	unknown function	None	None	None	None	None	None	None	None	None	None	None	None	None	None	None	None	None	None	None	11
SRR35808553_ctg921|provirus_1054300_1093930_CDS_0009	9652	9167	-	SRR35808553_ctg921|provirus_1054300_1093930	74.0	00	1442	80.0	0.32	8.966000000000001e-20	No_PHROGs_HMM	No_PHROGs_HMM	No_PHROGs_HMM	No_custom_HMM	No_custom_HMM	No_custom_HMM	1442	ab initio prediction:Pyrodigal-gv:0.3.2	CDS	#07e9a2	tail assembly chaperone	tail	None	None	None	None	None	None	None	None	None	None	None	None	None	None	None	None	None	None	None	11
SRR35808553_ctg921|provirus_1054300_1093930_CDS_0010	10410	9658	-	SRR35808553_ctg921|provirus_1054300_1093930	184.1	00	807	110.0	0.3	3.03e-28	No_PHROGs_HMM	No_PHROGs_HMM	No_PHROGs_HMM	No_custom_HMM	No_custom_HMM	No_custom_HMM	807	ab initio prediction:Pyrodigal-gv:0.3.2	CDS	#07e9a2	major tail protein with Ig-like domain	tail	None	None	None	None	None	None	None	None	None	None	None	None	None	None	None	None	None	None	None	11
SRR35808553_ctg921|provirus_1054300_1093930_CDS_0011	10629	10447	-	SRR35808553_ctg921|provirus_1054300_1093930	33.9	00	3357	40.0	0.387	5.754e-07	No_PHROGs_HMM	No_PHROGs_HMM	No_PHROGs_HMM	No_custom_HMM	No_custom_HMM	No_custom_HMM	3357	ab initio prediction:Pyrodigal-gv:0.3.2	CDS	#c9c9c9	hypothetical protein	unknown function	None	None	None	None	None	None	None	None	None	None	None	None	None	None	None	None	None	None	None	11
SRR35808553_ctg921|provirus_1054300_1093930_CDS_0012	11122	10655	-	SRR35808553_ctg921|provirus_1054300_1093930	76.5	00	No_PHROG	No_PHROG	No_PHROG	No_PHROG	No_PHROGs_HMM	No_PHROGs_HMM	No_PHROGs_HMM	No_custom_HMM	No_custom_HMM	No_custom_HMM	No_PHROG	ab initio prediction:Pyrodigal-gv:0.3.2	CDS	None	hypothetical protein	unknown function	None	None	None	None	None	None	None	None	None	None	None	None	None	None	None	None	None	None	None	11
SRR35808553_ctg921|provirus_1054300_1093930_CDS_0013	11628	11119	-	SRR35808553_ctg921|provirus_1054300_1093930	93.5	00	No_PHROG	No_PHROG	No_PHROG	No_PHROG	No_PHROGs_HMM	No_PHROGs_HMM	No_PHROGs_HMM	No_custom_HMM	No_custom_HMM	No_custom_HMM	No_PHROG	ab initio prediction:Pyrodigal-gv:0.3.2	CDS	None	hypothetical protein	unknown function	None	None	None	None	None	None	None	None	None	None	None	None	None	None	None	None	None	None	None	11
SRR35808553_ctg921|provirus_1054300_1093930_CDS_0014	12281	11625	-	SRR35808553_ctg921|provirus_1054300_1093930	103.8	00	No_PHROG	No_PHROG	No_PHROG	No_PHROG	No_PHROGs_HMM	No_PHROGs_HMM	No_PHROGs_HMM	No_custom_HMM	No_custom_HMM	No_custom_HMM	No_PHROG	ab initio prediction:Pyrodigal-gv:0.3.2	CDS	None	hypothetical protein	unknown function	None	None	None	None	None	None	None	None	None	None	None	None	None	None	None	None	None	None	None	11
SRR35808553_ctg921|provirus_1054300_1093930_CDS_0015	14107	12347	-	SRR35808553_ctg921|provirus_1054300_1093930	116.6	00	No_PHROG	No_PHROG	No_PHROG	No_PHROG	No_PHROGs_HMM	No_PHROGs_HMM	No_PHROGs_HMM	No_custom_HMM	No_custom_HMM	No_custom_HMM	No_PHROG	ab initio prediction:Pyrodigal-gv:0.3.2	CDS	None	hypothetical protein	unknown function	None	None	None	None	None	None	None	None	None	None	None	None	None	None	None	None	None	None	None	11
SRR35808553_ctg921|provirus_1054300_1093930_CDS_0016	14381	14602	+	SRR35808553_ctg921|provirus_1054300_1093930	5.9	00	No_PHROG	No_PHROG	No_PHROG	No_PHROG	No_PHROGs_HMM	No_PHROGs_HMM	No_PHROGs_HMM	No_custom_HMM	No_custom_HMM	No_custom_HMM	No_PHROG	ab initio prediction:Pyrodigal-gv:0.3.2	CDS	None	hypothetical protein	unknown function	None	None	None	None	None	None	None	None	None	None	None	None	None	None	None	None	None	None	None	11
SRR35808553_ctg921|provirus_1054300_1093930_CDS_0017	14961	14584	-	SRR35808553_ctg921|provirus_1054300_1093930	62.1	00	No_PHROG	No_PHROG	No_PHROG	No_PHROG	No_PHROGs_HMM	No_PHROGs_HMM	No_PHROGs_HMM	No_custom_HMM	No_custom_HMM	No_custom_HMM	No_PHROG	ab initio prediction:Pyrodigal-gv:0.3.2	CDS	None	hypothetical protein	unknown function	None	None	None	None	None	None	None	None	None	None	None	None	None	None	None	None	None	None	None	11
SRR35808553_ctg921|provirus_1054300_1093930_CDS_0018	17393	15144	-	SRR35808553_ctg921|provirus_1054300_1093930	441.0	00	29592	553.0	0.408	1.68e-170	No_PHROGs_HMM	No_PHROGs_HMM	No_PHROGs_HMM	No_custom_HMM	No_custom_HMM	No_custom_HMM	29592	ab initio prediction:Pyrodigal-gv:0.3.2	CDS	#c9c9c9	hypothetical protein	unknown function	None	None	None	None	None	None	None	None	None	None	None	None	None	None	None	None	None	None	None	11
SRR35808553_ctg921|provirus_1054300_1093930_CDS_0019	17650	17390	-	SRR35808553_ctg921|provirus_1054300_1093930	51.9	00	No_PHROG	No_PHROG	No_PHROG	No_PHROG	No_PHROGs_HMM	No_PHROGs_HMM	No_PHROGs_HMM	No_custom_HMM	No_custom_HMM	No_custom_HMM	No_PHROG	ab initio prediction:Pyrodigal-gv:0.3.2	CDS	None	hypothetical protein	unknown function	None	None	None	None	None	None	None	None	None	None	None	None	None	None	None	None	None	None	None	11
SRR35808553_ctg921|provirus_1054300_1093930_CDS_0020	18073	17777	-	SRR35808553_ctg921|provirus_1054300_1093930	6.4	00	4887	123.0	0.658	2.384e-35	No_PHROGs_HMM	No_PHROGs_HMM	No_PHROGs_HMM	No_custom_HMM	No_custom_HMM	No_custom_HMM	4887	ab initio prediction:Pyrodigal-gv:0.3.2	CDS	#c9c9c9	hypothetical protein	unknown function	None	None	None	None	None	None	None	None	None	None	None	None	None	None	None	None	None	None	None	11
SRR35808553_ctg921|provirus_1054300_1093930_CDS_0021	18852	18073	-	SRR35808553_ctg921|provirus_1054300_1093930	135.7	00	2468	73.0	0.317	1.036e-15	No_PHROGs_HMM	No_PHROGs_HMM	No_PHROGs_HMM	No_custom_HMM	No_custom_HMM	No_custom_HMM	2468	ab initio prediction:Pyrodigal-gv:0.3.2	CDS	#3e83f6	head morphogenesis	head and packaging	None	None	None	None	None	None	None	None	None	None	None	None	None	None	None	None	None	None	None	11
SRR35808553_ctg921|provirus_1054300_1093930_CDS_0022	19031	18849	-	SRR35808553_ctg921|provirus_1054300_1093930	-2.8	00	No_PHROG	No_PHROG	No_PHROG	No_PHROG	No_PHROGs_HMM	No_PHROGs_HMM	No_PHROGs_HMM	No_custom_HMM	No_custom_HMM	No_custom_HMM	No_PHROG	ab initio prediction:Pyrodigal-gv:0.3.2	CDS	None	hypothetical protein	unknown function	None	None	None	None	None	None	None	None	None	None	None	None	None	None	None	None	None	None	None	11
SRR35808553_ctg921|provirus_1054300_1093930_CDS_0023	20512	19028	-	SRR35808553_ctg921|provirus_1054300_1093930	318.8	00	10963	167.0	0.276	9.440999999999999e-45	No_PHROGs_HMM	No_PHROGs_HMM	No_PHROGs_HMM	No_custom_HMM	No_custom_HMM	No_custom_HMM	10963	ab initio prediction:Pyrodigal-gv:0.3.2	CDS	#3e83f6	portal protein	head and packaging	None	None	None	None	None	None	None	None	None	None	None	None	None	None	None	None	None	None	None	11
SRR35808553_ctg921|provirus_1054300_1093930_CDS_0024	22220	20646	-	SRR35808553_ctg921|provirus_1054300_1093930	279.9	00	11208	70.0	0.435	1.766e-16	No_PHROGs_HMM	No_PHROGs_HMM	No_PHROGs_HMM	No_custom_HMM	No_custom_HMM	No_custom_HMM	11208	ab initio prediction:Pyrodigal-gv:0.3.2	CDS	#c9c9c9	hypothetical protein	unknown function	None	None	None	None	None	None	None	None	None	None	None	None	None	None	None	None	None	None	None	11
SRR35808553_ctg921|provirus_1054300_1093930_CDS_0025	22485	22210	-	SRR35808553_ctg921|provirus_1054300_1093930	46.7	00	6519	46.0	0.424	6.753e-09	No_PHROGs_HMM	No_PHROGs_HMM	No_PHROGs_HMM	No_custom_HMM	No_custom_HMM	No_custom_HMM	6519	ab initio prediction:Pyrodigal-gv:0.3.2	CDS	#c9c9c9	hypothetical protein	unknown function	None	None	None	None	None	None	None	None	None	None	None	None	None	None	None	None	None	None	None	11
SRR35808553_ctg921|provirus_1054300_1093930_CDS_0026	22682	22485	-	SRR35808553_ctg921|provirus_1054300_1093930	4.8	00	No_PHROG	No_PHROG	No_PHROG	No_PHROG	No_PHROGs_HMM	No_PHROGs_HMM	No_PHROGs_HMM	No_custom_HMM	No_custom_HMM	No_custom_HMM	No_PHROG	ab initio prediction:Pyrodigal-gv:0.3.2	CDS	None	hypothetical protein	unknown function	None	None	None	None	None	None	None	None	None	None	None	None	None	None	None	None	None	None	None	11
SRR35808553_ctg921|provirus_1054300_1093930_CDS_0027	23227	22682	-	SRR35808553_ctg921|provirus_1054300_1093930	102.5	00	426	139.0	0.432	1.414e-39	No_PHROGs_HMM	No_PHROGs_HMM	No_PHROGs_HMM	No_custom_HMM	No_custom_HMM	No_custom_HMM	426	ab initio prediction:Pyrodigal-gv:0.3.2	CDS	#3e83f6	terminase small subunit	head and packaging	None	None	None	None	None	None	None	None	None	None	None	None	None	None	None	None	None	None	None	11
SRR35808553_ctg921|provirus_1054300_1093930_CDS_0028	23543	23229	-	SRR35808553_ctg921|provirus_1054300_1093930	62.7	00	436	95.0	0.489	1.596e-25	No_PHROGs_HMM	No_PHROGs_HMM	No_PHROGs_HMM	No_custom_HMM	No_custom_HMM	No_custom_HMM	436	ab initio prediction:Pyrodigal-gv:0.3.2	CDS	#c9c9c9	hypothetical protein	unknown function	None	None	None	None	None	None	None	None	None	None	None	None	None	None	None	None	None	None	None	11
SRR35808553_ctg921|provirus_1054300_1093930_CDS_0029	23899	23540	-	SRR35808553_ctg921|provirus_1054300_1093930	54.4	00	462	40.0	0.366	1.018e-06	No_PHROGs_HMM	No_PHROGs_HMM	No_PHROGs_HMM	No_custom_HMM	No_custom_HMM	No_custom_HMM	462	ab initio prediction:Pyrodigal-gv:0.3.2	CDS	#838383	lipoprotein	other	None	None	None	None	None	None	None	None	None	None	None	None	None	None	None	None	None	None	None	11
SRR35808553_ctg921|provirus_1054300_1093930_CDS_0030	24225	23896	-	SRR35808553_ctg921|provirus_1054300_1093930	57.7	00	No_PHROG	No_PHROG	No_PHROG	No_PHROG	No_PHROGs_HMM	No_PHROGs_HMM	No_PHROGs_HMM	No_custom_HMM	No_custom_HMM	No_custom_HMM	No_PHROG	ab initio prediction:Pyrodigal-gv:0.3.2	CDS	None	hypothetical protein	unknown function	None	None	None	None	None	None	None	None	None	None	None	None	None	None	None	None	None	None	None	11
SRR35808553_ctg921|provirus_1054300_1093930_CDS_0031	24836	24219	-	SRR35808553_ctg921|provirus_1054300_1093930	105.7	00	No_PHROG	No_PHROG	No_PHROG	No_PHROG	No_PHROGs_HMM	No_PHROGs_HMM	No_PHROGs_HMM	No_custom_HMM	No_custom_HMM	No_custom_HMM	No_PHROG	ab initio prediction:Pyrodigal-gv:0.3.2	CDS	None	hypothetical protein	unknown function	None	None	None	None	None	None	None	None	None	None	None	None	None	None	None	None	None	None	None	11
SRR35808553_ctg921|provirus_1054300_1093930_CDS_0032	25060	24833	-	SRR35808553_ctg921|provirus_1054300_1093930	33.4	00	1356	42.0	0.338	1.397e-07	No_PHROGs_HMM	No_PHROGs_HMM	No_PHROGs_HMM	No_custom_HMM	No_custom_HMM	No_custom_HMM	1356	ab initio prediction:Pyrodigal-gv:0.3.2	CDS	#f35f49	holin	lysis	None	None	None	None	None	None	None	None	None	None	None	None	None	None	None	None	None	None	None	11
SRR35808553_ctg921|provirus_1054300_1093930_CDS_0033	25323	25057	-	SRR35808553_ctg921|provirus_1054300_1093930	18.6	00	No_PHROG	No_PHROG	No_PHROG	No_PHROG	No_PHROGs_HMM	No_PHROGs_HMM	No_PHROGs_HMM	No_custom_HMM	No_custom_HMM	No_custom_HMM	No_PHROG	ab initio prediction:Pyrodigal-gv:0.3.2	CDS	None	hypothetical protein	unknown function	None	None	None	None	None	None	None	None	None	None	None	None	None	None	None	None	None	None	None	11
SRR35808553_ctg921|provirus_1054300_1093930_CDS_0034	25952	25323	-	SRR35808553_ctg921|provirus_1054300_1093930	80.6	00	822	116.0	0.377	1.0760000000000001e-30	No_PHROGs_HMM	No_PHROGs_HMM	No_PHROGs_HMM	No_custom_HMM	No_custom_HMM	No_custom_HMM	822	ab initio prediction:Pyrodigal-gv:0.3.2	CDS	#f35f49	amidase	lysis	None	None	None	None	None	None	None	None	None	None	None	None	None	None	None	None	None	None	None	11
SRR35808553_ctg921|provirus_1054300_1093930_CDS_0035	26127	26026	-	SRR35808553_ctg921|provirus_1054300_1093930	1.1	00	No_PHROG	No_PHROG	No_PHROG	No_PHROG	No_PHROGs_HMM	No_PHROGs_HMM	No_PHROGs_HMM	No_custom_HMM	No_custom_HMM	No_custom_HMM	No_PHROG	ab initio prediction:Pyrodigal-gv:0.3.2	CDS	None	hypothetical protein	unknown function	None	None	None	None	None	None	None	None	None	None	None	None	None	None	None	None	None	None	None	11
SRR35808553_ctg921|provirus_1054300_1093930_CDS_0036	26537	26094	-	SRR35808553_ctg921|provirus_1054300_1093930	48.7	00	No_PHROG	No_PHROG	No_PHROG	No_PHROG	No_PHROGs_HMM	No_PHROGs_HMM	No_PHROGs_HMM	No_custom_HMM	No_custom_HMM	No_custom_HMM	No_PHROG	ab initio prediction:Pyrodigal-gv:0.3.2	CDS	None	hypothetical protein	unknown function	None	None	None	None	None	None	None	None	None	None	None	None	None	None	None	None	None	None	None	11
SRR35808553_ctg921|provirus_1054300_1093930_CDS_0037	26846	26604	-	SRR35808553_ctg921|provirus_1054300_1093930	41.8	00	No_PHROG	No_PHROG	No_PHROG	No_PHROG	No_PHROGs_HMM	No_PHROGs_HMM	No_PHROGs_HMM	No_custom_HMM	No_custom_HMM	No_custom_HMM	No_PHROG	ab initio prediction:Pyrodigal-gv:0.3.2	CDS	None	hypothetical protein	unknown function	None	None	None	None	None	None	None	None	None	None	None	None	None	None	None	None	None	None	None	11
SRR35808553_ctg921|provirus_1054300_1093930_CDS_0038	27319	26900	-	SRR35808553_ctg921|provirus_1054300_1093930	90.2	00	836	82.0	0.355	2.5030000000000003e-20	No_PHROGs_HMM	No_PHROGs_HMM	No_PHROGs_HMM	No_custom_HMM	No_custom_HMM	No_custom_HMM	836	ab initio prediction:Pyrodigal-gv:0.3.2	CDS	#a861e3	late transcriptional activator	transcription regulation	None	None	None	None	None	None	None	None	None	None	None	None	None	None	None	None	None	None	None	11
SRR35808553_ctg921|provirus_1054300_1093930_CDS_0039	27825	27322	-	SRR35808553_ctg921|provirus_1054300_1093930	101.2	00	286	93.0	0.39	2.786e-24	No_PHROGs_HMM	No_PHROGs_HMM	No_PHROGs_HMM	No_custom_HMM	No_custom_HMM	No_custom_HMM	286	ab initio prediction:Pyrodigal-gv:0.3.2	CDS	#c9c9c9	hypothetical protein	unknown function	None	None	None	None	None	None	None	None	None	None	None	None	None	None	None	None	None	None	None	11
SRR35808553_ctg921|provirus_1054300_1093930_CDS_0040	28028	27822	-	SRR35808553_ctg921|provirus_1054300_1093930	41.9	00	No_PHROG	No_PHROG	No_PHROG	No_PHROG	No_PHROGs_HMM	No_PHROGs_HMM	No_PHROGs_HMM	No_custom_HMM	No_custom_HMM	No_custom_HMM	No_PHROG	ab initio prediction:Pyrodigal-gv:0.3.2	CDS	None	hypothetical protein	unknown function	None	None	None	None	None	None	None	None	None	None	None	None	None	None	None	None	None	None	None	11
SRR35808553_ctg921|provirus_1054300_1093930_CDS_0041	28243	28019	-	SRR35808553_ctg921|provirus_1054300_1093930	26.7	00	No_PHROG	No_PHROG	No_PHROG	No_PHROG	No_PHROGs_HMM	No_PHROGs_HMM	No_PHROGs_HMM	No_custom_HMM	No_custom_HMM	No_custom_HMM	No_PHROG	ab initio prediction:Pyrodigal-gv:0.3.2	CDS	None	hypothetical protein	unknown function	None	None	None	None	None	None	None	None	None	None	None	None	None	None	None	None	None	None	None	11
SRR35808553_ctg921|provirus_1054300_1093930_CDS_0042	29354	28236	-	SRR35808553_ctg921|provirus_1054300_1093930	150.9	00	2045	344.0	0.497	5.953e-107	No_PHROGs_HMM	No_PHROGs_HMM	No_PHROGs_HMM	No_custom_HMM	No_custom_HMM	No_custom_HMM	2045	ab initio prediction:Pyrodigal-gv:0.3.2	CDS	#c9c9c9	hypothetical protein	unknown function	None	None	None	None	None	None	None	None	None	None	None	None	None	None	None	None	None	None	None	11
SRR35808553_ctg921|provirus_1054300_1093930_CDS_0043	29694	29347	-	SRR35808553_ctg921|provirus_1054300_1093930	49.2	00	355	102.0	0.489	9.966e-28	No_PHROGs_HMM	No_PHROGs_HMM	No_PHROGs_HMM	No_custom_HMM	No_custom_HMM	No_custom_HMM	355	ab initio prediction:Pyrodigal-gv:0.3.2	CDS	#ffdf59	nucleoside 2-deoxyribosyltransferase	DNA, RNA and nucleotide metabolism	None	None	None	None	None	None	None	None	None	None	None	None	None	None	None	None	None	None	None	11
SRR35808553_ctg921|provirus_1054300_1093930_CDS_0044	29939	29694	-	SRR35808553_ctg921|provirus_1054300_1093930	23.9	00	No_PHROG	No_PHROG	No_PHROG	No_PHROG	No_PHROGs_HMM	No_PHROGs_HMM	No_PHROGs_HMM	No_custom_HMM	No_custom_HMM	No_custom_HMM	No_PHROG	ab initio prediction:Pyrodigal-gv:0.3.2	CDS	None	hypothetical protein	unknown function	None	None	None	None	None	None	None	None	None	None	None	None	None	None	None	None	None	None	None	11
SRR35808553_ctg921|provirus_1054300_1093930_CDS_0045	30226	29936	-	SRR35808553_ctg921|provirus_1054300_1093930	54.2	00	No_PHROG	No_PHROG	No_PHROG	No_PHROG	No_PHROGs_HMM	No_PHROGs_HMM	No_PHROGs_HMM	No_custom_HMM	No_custom_HMM	No_custom_HMM	No_PHROG	ab initio prediction:Pyrodigal-gv:0.3.2	CDS	None	hypothetical protein	unknown function	None	None	None	None	None	None	None	None	None	None	None	None	None	None	None	None	None	None	None	11
SRR35808553_ctg921|provirus_1054300_1093930_CDS_0046	30560	30291	-	SRR35808553_ctg921|provirus_1054300_1093930	72.1	00	379	75.0	0.427	3.56e-18	No_PHROGs_HMM	No_PHROGs_HMM	No_PHROGs_HMM	No_custom_HMM	No_custom_HMM	No_custom_HMM	379	ab initio prediction:Pyrodigal-gv:0.3.2	CDS	#ffdf59	DNA binding protein	DNA, RNA and nucleotide metabolism	None	None	None	None	None	None	None	None	None	None	None	None	None	None	None	None	None	None	None	11
SRR35808553_ctg921|provirus_1054300_1093930_CDS_0047	30811	30557	-	SRR35808553_ctg921|provirus_1054300_1093930	29.2	00	No_PHROG	No_PHROG	No_PHROG	No_PHROG	No_PHROGs_HMM	No_PHROGs_HMM	No_PHROGs_HMM	No_custom_HMM	No_custom_HMM	No_custom_HMM	No_PHROG	ab initio prediction:Pyrodigal-gv:0.3.2	CDS	None	hypothetical protein	unknown function	None	None	None	None	None	None	None	None	None	None	None	None	None	None	None	None	None	None	None	11
SRR35808553_ctg921|provirus_1054300_1093930_CDS_0048	31032	30796	-	SRR35808553_ctg921|provirus_1054300_1093930	49.2	00	No_PHROG	No_PHROG	No_PHROG	No_PHROG	No_PHROGs_HMM	No_PHROGs_HMM	No_PHROGs_HMM	No_custom_HMM	No_custom_HMM	No_custom_HMM	No_PHROG	ab initio prediction:Pyrodigal-gv:0.3.2	CDS	None	hypothetical protein	unknown function	None	None	None	None	None	None	None	None	None	None	None	None	None	None	None	None	None	None	None	11
SRR35808553_ctg921|provirus_1054300_1093930_CDS_0049	31649	31032	-	SRR35808553_ctg921|provirus_1054300_1093930	122.8	00	No_PHROG	No_PHROG	No_PHROG	No_PHROG	No_PHROGs_HMM	No_PHROGs_HMM	No_PHROGs_HMM	No_custom_HMM	No_custom_HMM	No_custom_HMM	No_PHROG	ab initio prediction:Pyrodigal-gv:0.3.2	CDS	None	hypothetical protein	unknown function	None	None	None	None	None	None	None	None	None	None	None	None	None	None	None	None	None	None	None	11
SRR35808553_ctg921|provirus_1054300_1093930_CDS_0050	31875	31621	-	SRR35808553_ctg921|provirus_1054300_1093930	40.9	00	No_PHROG	No_PHROG	No_PHROG	No_PHROG	No_PHROGs_HMM	No_PHROGs_HMM	No_PHROGs_HMM	No_custom_HMM	No_custom_HMM	No_custom_HMM	No_PHROG	ab initio prediction:Pyrodigal-gv:0.3.2	CDS	None	hypothetical protein	unknown function	None	None	None	None	None	None	None	None	None	None	None	None	None	None	None	None	None	None	None	11
SRR35808553_ctg921|provirus_1054300_1093930_CDS_0051	32260	31880	-	SRR35808553_ctg921|provirus_1054300_1093930	66.3	00	2113	44.0	0.308	1.368e-07	No_PHROGs_HMM	No_PHROGs_HMM	No_PHROGs_HMM	No_custom_HMM	No_custom_HMM	No_custom_HMM	2113	ab initio prediction:Pyrodigal-gv:0.3.2	CDS	#c9c9c9	hypothetical protein	unknown function	None	None	None	None	None	None	None	None	None	None	None	None	None	None	None	None	None	None	None	11
SRR35808553_ctg921|provirus_1054300_1093930_CDS_0052	33041	32271	-	SRR35808553_ctg921|provirus_1054300_1093930	96.2	00	No_PHROG	No_PHROG	No_PHROG	No_PHROG	No_PHROGs_HMM	No_PHROGs_HMM	No_PHROGs_HMM	No_custom_HMM	No_custom_HMM	No_custom_HMM	No_PHROG	ab initio prediction:Pyrodigal-gv:0.3.2	CDS	None	hypothetical protein	unknown function	None	None	None	None	None	None	None	None	None	None	None	None	None	None	None	None	None	None	None	11
SRR35808553_ctg921|provirus_1054300_1093930_CDS_0053	33392	33057	-	SRR35808553_ctg921|provirus_1054300_1093930	66.9	00	2041	49.0	0.309	2.118e-09	No_PHROGs_HMM	No_PHROGs_HMM	No_PHROGs_HMM	No_custom_HMM	No_custom_HMM	No_custom_HMM	2041	ab initio prediction:Pyrodigal-gv:0.3.2	CDS	#c9c9c9	hypothetical protein	unknown function	None	None	None	None	None	None	None	None	None	None	None	None	None	None	None	None	None	None	None	11
SRR35808553_ctg921|provirus_1054300_1093930_CDS_0054	34659	33394	-	SRR35808553_ctg921|provirus_1054300_1093930	230.2	00	296	70.0	0.213	1.33e-14	No_PHROGs_HMM	No_PHROGs_HMM	No_PHROGs_HMM	No_custom_HMM	No_custom_HMM	No_custom_HMM	296	ab initio prediction:Pyrodigal-gv:0.3.2	CDS	#fea328	DNA transposition protein	integration and excision	None	None	None	None	None	None	None	None	None	None	None	None	None	None	None	None	None	None	None	11
SRR35808553_ctg921|provirus_1054300_1093930_CDS_0055	36548	34785	-	SRR35808553_ctg921|provirus_1054300_1093930	295.6	00	310	242.0	0.317	8.765e-69	No_PHROGs_HMM	No_PHROGs_HMM	No_PHROGs_HMM	No_custom_HMM	No_custom_HMM	No_custom_HMM	310	ab initio prediction:Pyrodigal-gv:0.3.2	CDS	#fea328	transposase	integration and excision	None	None	None	None	None	None	None	None	None	None	None	None	None	None	None	None	None	None	None	11
SRR35808553_ctg921|provirus_1054300_1093930_CDS_0056	37488	36550	-	SRR35808553_ctg921|provirus_1054300_1093930	170.5	00	1748	113.0	0.311	8.222999999999999e-29	No_PHROGs_HMM	No_PHROGs_HMM	No_PHROGs_HMM	No_custom_HMM	No_custom_HMM	No_custom_HMM	1748	ab initio prediction:Pyrodigal-gv:0.3.2	CDS	#c9c9c9	hypothetical protein	unknown function	None	None	None	None	None	None	None	None	None	None	None	None	None	None	None	None	None	None	None	11
SRR35808553_ctg921|provirus_1054300_1093930_CDS_0057	37846	37517	-	SRR35808553_ctg921|provirus_1054300_1093930	56.3	00	1368	56.0	0.36	3.276e-12	No_PHROGs_HMM	No_PHROGs_HMM	No_PHROGs_HMM	No_custom_HMM	No_custom_HMM	No_custom_HMM	1368	ab initio prediction:Pyrodigal-gv:0.3.2	CDS	#a861e3	transcriptional regulator	transcription regulation	None	None	None	None	None	None	None	None	None	None	None	None	None	None	None	None	None	None	None	11
SRR35808553_ctg921|provirus_1054300_1093930_CDS_0058	38325	37843	-	SRR35808553_ctg921|provirus_1054300_1093930	87.2	00	No_PHROG	No_PHROG	No_PHROG	No_PHROG	No_PHROGs_HMM	No_PHROGs_HMM	No_PHROGs_HMM	No_custom_HMM	No_custom_HMM	No_custom_HMM	No_PHROG	ab initio prediction:Pyrodigal-gv:0.3.2	CDS	None	hypothetical protein	unknown function	None	None	None	None	None	None	None	None	None	None	None	None	None	None	None	None	None	None	None	11
SRR35808553_ctg921|provirus_1054300_1093930_CDS_0059	38790	38434	-	SRR35808553_ctg921|provirus_1054300_1093930	7.4	00	769	51.0	0.408	1.249e-10	No_PHROGs_HMM	No_PHROGs_HMM	No_PHROGs_HMM	No_custom_HMM	No_custom_HMM	No_custom_HMM	769	ab initio prediction:Pyrodigal-gv:0.3.2	CDS	#a861e3	transcriptional repressor	transcription regulation	None	None	None	None	None	None	None	None	None	None	None	None	None	None	None	None	None	None	None	11
SRR35808553_ctg921|provirus_1054300_1093930_CDS_0060	38867	39631	+	SRR35808553_ctg921|provirus_1054300_1093930	71.5	00	4836	46.0	0.269	2.094e-07	No_PHROGs_HMM	No_PHROGs_HMM	No_PHROGs_HMM	No_custom_HMM	No_custom_HMM	No_custom_HMM	4836	ab initio prediction:Pyrodigal-gv:0.3.2	CDS	#a861e3	CII-like regulator	transcription regulation	None	None	None	None	None	None	None	None	None	None	None	None	None	None	None	None	None	None	None	11
SRR35808611_ctg78|provirus_2163821_2228021_CDS_0001	1	615	+	SRR35808611_ctg78|provirus_2163821_2228021	10.4	10	No_PHROG	No_PHROG	No_PHROG	No_PHROG	No_PHROGs_HMM	No_PHROGs_HMM	No_PHROGs_HMM	No_custom_HMM	No_custom_HMM	No_custom_HMM	No_PHROG	ab initio prediction:Pyrodigal-gv:0.3.2	CDS	None	hypothetical protein	unknown function	None	None	None	None	None	None	None	None	None	None	None	None	None	None	None	None	None	None	None	11
SRR35808611_ctg78|provirus_2163821_2228021_CDS_0002	866	2272	+	SRR35808611_ctg78|provirus_2163821_2228021	70.3	00	No_PHROG	No_PHROG	No_PHROG	No_PHROG	No_PHROGs_HMM	No_PHROGs_HMM	No_PHROGs_HMM	No_custom_HMM	No_custom_HMM	No_custom_HMM	No_PHROG	ab initio prediction:Pyrodigal-gv:0.3.2	CDS	None	hypothetical protein	unknown function	None	None	None	None	None	None	None	None	None	None	None	None	None	None	None	None	None	None	None	11
SRR35808611_ctg78|provirus_2163821_2228021_CDS_0003	2309	3019	+	SRR35808611_ctg78|provirus_2163821_2228021	17.3	00	No_PHROG	No_PHROG	No_PHROG	No_PHROG	No_PHROGs_HMM	No_PHROGs_HMM	No_PHROGs_HMM	No_custom_HMM	No_custom_HMM	No_custom_HMM	No_PHROG	ab initio prediction:Pyrodigal-gv:0.3.2	CDS	None	hypothetical protein	unknown function	None	None	None	None	None	None	None	None	None	None	None	None	None	None	None	None	None	None	None	11
SRR35808611_ctg78|provirus_2163821_2228021_CDS_0004	3658	4314	+	SRR35808611_ctg78|provirus_2163821_2228021	51.3	00	No_PHROG	No_PHROG	No_PHROG	No_PHROG	No_PHROGs_HMM	No_PHROGs_HMM	No_PHROGs_HMM	No_custom_HMM	No_custom_HMM	No_custom_HMM	No_PHROG	ab initio prediction:Pyrodigal-gv:0.3.2	CDS	None	hypothetical protein	unknown function	None	None	None	None	None	None	None	None	None	None	None	None	None	None	None	None	None	None	None	11
SRR35808611_ctg78|provirus_2163821_2228021_CDS_0005	4448	5779	+	SRR35808611_ctg78|provirus_2163821_2228021	191.3	00	1499	99.0	0.208	2.4999999999999998e-23	No_PHROGs_HMM	No_PHROGs_HMM	No_PHROGs_HMM	No_custom_HMM	No_custom_HMM	No_custom_HMM	1499	ab initio prediction:Pyrodigal-gv:0.3.2	CDS	#c9c9c9	hypothetical protein	unknown function	None	None	None	None	None	None	None	None	None	None	None	None	None	None	None	None	None	None	None	11
SRR35808611_ctg78|provirus_2163821_2228021_CDS_0006	5982	6314	+	SRR35808611_ctg78|provirus_2163821_2228021	10.9	00	No_PHROG	No_PHROG	No_PHROG	No_PHROG	No_PHROGs_HMM	No_PHROGs_HMM	No_PHROGs_HMM	No_custom_HMM	No_custom_HMM	No_custom_HMM	No_PHROG	ab initio prediction:Pyrodigal-gv:0.3.2	CDS	None	hypothetical protein	unknown function	None	None	None	None	None	None	None	None	None	None	None	None	None	None	None	None	None	None	None	11
SRR35808611_ctg78|provirus_2163821_2228021_CDS_0007	6311	7189	+	SRR35808611_ctg78|provirus_2163821_2228021	76.8	00	16901	85.0	0.309	1.014e-19	No_PHROGs_HMM	No_PHROGs_HMM	No_PHROGs_HMM	No_custom_HMM	No_custom_HMM	No_custom_HMM	16901	ab initio prediction:Pyrodigal-gv:0.3.2	CDS	#c9c9c9	hypothetical protein	unknown function	None	None	None	None	None	None	None	None	None	None	None	None	None	None	None	None	None	None	None	11
SRR35808611_ctg78|provirus_2163821_2228021_CDS_0008	7186	7596	+	SRR35808611_ctg78|provirus_2163821_2228021	14.7	00	1934	85.0	0.491	2.618e-21	No_PHROGs_HMM	No_PHROGs_HMM	No_PHROGs_HMM	No_custom_HMM	No_custom_HMM	No_custom_HMM	1934	ab initio prediction:Pyrodigal-gv:0.3.2	CDS	#c9c9c9	hypothetical protein	unknown function	None	None	None	None	None	None	None	None	None	None	None	None	None	None	None	None	None	None	None	11
SRR35808611_ctg78|provirus_2163821_2228021_CDS_0009	7593	7901	+	SRR35808611_ctg78|provirus_2163821_2228021	23.5	00	No_PHROG	No_PHROG	No_PHROG	No_PHROG	No_PHROGs_HMM	No_PHROGs_HMM	No_PHROGs_HMM	No_custom_HMM	No_custom_HMM	No_custom_HMM	No_PHROG	ab initio prediction:Pyrodigal-gv:0.3.2	CDS	None	hypothetical protein	unknown function	None	None	None	None	None	None	None	None	None	None	None	None	None	None	None	None	None	None	None	11
SRR35808611_ctg78|provirus_2163821_2228021_CDS_0010	7898	8278	+	SRR35808611_ctg78|provirus_2163821_2228021	26.6	00	No_PHROG	No_PHROG	No_PHROG	No_PHROG	No_PHROGs_HMM	No_PHROGs_HMM	No_PHROGs_HMM	No_custom_HMM	No_custom_HMM	No_custom_HMM	No_PHROG	ab initio prediction:Pyrodigal-gv:0.3.2	CDS	None	hypothetical protein	unknown function	None	None	None	None	None	None	None	None	None	None	None	None	None	None	None	None	None	None	None	11
SRR35808611_ctg78|provirus_2163821_2228021_CDS_0011	8295	9212	+	SRR35808611_ctg78|provirus_2163821_2228021	97.4	00	412	87.0	0.241	1.7890000000000002e-20	No_PHROGs_HMM	No_PHROGs_HMM	No_PHROGs_HMM	No_custom_HMM	No_custom_HMM	No_custom_HMM	412	ab initio prediction:Pyrodigal-gv:0.3.2	CDS	#ffdf59	exonuclease VIII	DNA, RNA and nucleotide metabolism	None	None	None	None	None	None	None	None	None	None	None	None	None	None	None	None	None	None	None	11
SRR35808611_ctg78|provirus_2163821_2228021_CDS_0012	9323	10414	+	SRR35808611_ctg78|provirus_2163821_2228021	124.6	00	No_PHROG	No_PHROG	No_PHROG	No_PHROG	No_PHROGs_HMM	No_PHROGs_HMM	No_PHROGs_HMM	No_custom_HMM	No_custom_HMM	No_custom_HMM	No_PHROG	ab initio prediction:Pyrodigal-gv:0.3.2	CDS	None	hypothetical protein	unknown function	None	None	None	None	None	None	None	None	None	None	None	None	None	None	None	None	None	None	None	11
SRR35808611_ctg78|provirus_2163821_2228021_CDS_0013	10492	10776	+	SRR35808611_ctg78|provirus_2163821_2228021	24.6	00	No_PHROG	No_PHROG	No_PHROG	No_PHROG	No_PHROGs_HMM	No_PHROGs_HMM	No_PHROGs_HMM	No_custom_HMM	No_custom_HMM	No_custom_HMM	No_PHROG	ab initio prediction:Pyrodigal-gv:0.3.2	CDS	None	hypothetical protein	unknown function	None	None	None	None	None	None	None	None	None	None	None	None	None	None	None	None	None	None	None	11
SRR35808611_ctg78|provirus_2163821_2228021_CDS_0014	10773	11966	+	SRR35808611_ctg78|provirus_2163821_2228021	46.3	00	No_PHROG	No_PHROG	No_PHROG	No_PHROG	No_PHROGs_HMM	No_PHROGs_HMM	No_PHROGs_HMM	No_custom_HMM	No_custom_HMM	No_custom_HMM	No_PHROG	ab initio prediction:Pyrodigal-gv:0.3.2	CDS	None	hypothetical protein	unknown function	None	None	None	None	None	None	None	None	None	None	None	None	None	None	None	None	None	None	None	11
SRR35808611_ctg78|provirus_2163821_2228021_CDS_0015	11953	13791	+	SRR35808611_ctg78|provirus_2163821_2228021	153.4	00	2666	64.0	0.238	2.329e-13	No_PHROGs_HMM	No_PHROGs_HMM	No_PHROGs_HMM	No_custom_HMM	No_custom_HMM	No_custom_HMM	2666	ab initio prediction:Pyrodigal-gv:0.3.2	CDS	#3e83f6	terminase large subunit	head and packaging	None	None	None	None	None	None	None	None	None	None	None	None	None	None	None	None	None	None	None	11
SRR35808611_ctg78|provirus_2163821_2228021_CDS_0016	14192	14410	+	SRR35808611_ctg78|provirus_2163821_2228021	37.7	00	No_PHROG	No_PHROG	No_PHROG	No_PHROG	No_PHROGs_HMM	No_PHROGs_HMM	No_PHROGs_HMM	No_custom_HMM	No_custom_HMM	No_custom_HMM	No_PHROG	ab initio prediction:Pyrodigal-gv:0.3.2	CDS	None	hypothetical protein	unknown function	None	None	None	None	None	None	None	None	None	None	None	None	None	None	None	None	None	None	None	11
SRR35808611_ctg78|provirus_2163821_2228021_CDS_0017	14407	16008	+	SRR35808611_ctg78|provirus_2163821_2228021	188.9	00	18726	61.0	0.204	4.748e-11	No_PHROGs_HMM	No_PHROGs_HMM	No_PHROGs_HMM	No_custom_HMM	No_custom_HMM	No_custom_HMM	18726	ab initio prediction:Pyrodigal-gv:0.3.2	CDS	#c9c9c9	hypothetical protein	unknown function	None	None	None	None	None	None	None	None	None	None	None	None	None	None	None	None	None	None	None	11
SRR35808611_ctg78|provirus_2163821_2228021_CDS_0018	16005	16901	+	SRR35808611_ctg78|provirus_2163821_2228021	103.1	00	No_PHROG	No_PHROG	No_PHROG	No_PHROG	No_PHROGs_HMM	No_PHROGs_HMM	No_PHROGs_HMM	No_custom_HMM	No_custom_HMM	No_custom_HMM	No_PHROG	ab initio prediction:Pyrodigal-gv:0.3.2	CDS	None	hypothetical protein	unknown function	None	None	None	None	None	None	None	None	None	None	None	None	None	None	None	None	None	None	None	11
SRR35808611_ctg78|provirus_2163821_2228021_CDS_0019	16951	17253	+	SRR35808611_ctg78|provirus_2163821_2228021	19.3	00	No_PHROG	No_PHROG	No_PHROG	No_PHROG	No_PHROGs_HMM	No_PHROGs_HMM	No_PHROGs_HMM	No_custom_HMM	No_custom_HMM	No_custom_HMM	No_PHROG	ab initio prediction:Pyrodigal-gv:0.3.2	CDS	None	hypothetical protein	unknown function	None	None	None	None	None	None	None	None	None	None	None	None	None	None	None	None	None	None	None	11
SRR35808611_ctg78|provirus_2163821_2228021_CDS_0020	17250	17480	+	SRR35808611_ctg78|provirus_2163821_2228021	21.0	00	No_PHROG	No_PHROG	No_PHROG	No_PHROG	No_PHROGs_HMM	No_PHROGs_HMM	No_PHROGs_HMM	No_custom_HMM	No_custom_HMM	No_custom_HMM	No_PHROG	ab initio prediction:Pyrodigal-gv:0.3.2	CDS	None	hypothetical protein	unknown function	None	None	None	None	None	None	None	None	None	None	None	None	None	None	None	None	None	None	None	11
SRR35808611_ctg78|provirus_2163821_2228021_CDS_0021	17515	18612	+	SRR35808611_ctg78|provirus_2163821_2228021	155.8	00	No_PHROG	No_PHROG	No_PHROG	No_PHROG	No_PHROGs_HMM	No_PHROGs_HMM	No_PHROGs_HMM	No_custom_HMM	No_custom_HMM	No_custom_HMM	No_PHROG	ab initio prediction:Pyrodigal-gv:0.3.2	CDS	None	hypothetical protein	unknown function	None	None	None	None	None	None	None	None	None	None	None	None	None	None	None	None	None	None	None	11
SRR35808611_ctg78|provirus_2163821_2228021_CDS_0022	18759	19004	+	SRR35808611_ctg78|provirus_2163821_2228021	32.8	00	No_PHROG	No_PHROG	No_PHROG	No_PHROG	No_PHROGs_HMM	No_PHROGs_HMM	No_PHROGs_HMM	No_custom_HMM	No_custom_HMM	No_custom_HMM	No_PHROG	ab initio prediction:Pyrodigal-gv:0.3.2	CDS	None	hypothetical protein	unknown function	None	None	None	None	None	None	None	None	None	None	None	None	None	None	None	None	None	None	None	11
SRR35808611_ctg78|provirus_2163821_2228021_CDS_0023	19001	19459	+	SRR35808611_ctg78|provirus_2163821_2228021	32.9	00	229	44.0	0.363	8.001e-08	No_PHROGs_HMM	No_PHROGs_HMM	No_PHROGs_HMM	No_custom_HMM	No_custom_HMM	No_custom_HMM	229	ab initio prediction:Pyrodigal-gv:0.3.2	CDS	#838383	MazG-like pyrophosphatase	other	None	None	None	None	None	None	None	None	None	None	None	None	None	None	None	None	None	None	None	11
SRR35808611_ctg78|provirus_2163821_2228021_CDS_0024	19459	19662	+	SRR35808611_ctg78|provirus_2163821_2228021	7.9	00	No_PHROG	No_PHROG	No_PHROG	No_PHROG	No_PHROGs_HMM	No_PHROGs_HMM	No_PHROGs_HMM	No_custom_HMM	No_custom_HMM	No_custom_HMM	No_PHROG	ab initio prediction:Pyrodigal-gv:0.3.2	CDS	None	hypothetical protein	unknown function	None	None	None	None	None	None	None	None	None	None	None	None	None	None	None	None	None	None	None	11
SRR35808611_ctg78|provirus_2163821_2228021_CDS_0025	19662	20030	+	SRR35808611_ctg78|provirus_2163821_2228021	11.4	00	No_PHROG	No_PHROG	No_PHROG	No_PHROG	No_PHROGs_HMM	No_PHROGs_HMM	No_PHROGs_HMM	No_custom_HMM	No_custom_HMM	No_custom_HMM	No_PHROG	ab initio prediction:Pyrodigal-gv:0.3.2	CDS	None	hypothetical protein	unknown function	None	None	None	None	None	None	None	None	None	None	None	None	None	None	None	None	None	None	None	11
SRR35808611_ctg78|provirus_2163821_2228021_CDS_0026	20462	21337	+	SRR35808611_ctg78|provirus_2163821_2228021	73.0	00	No_PHROG	No_PHROG	No_PHROG	No_PHROG	No_PHROGs_HMM	No_PHROGs_HMM	No_PHROGs_HMM	No_custom_HMM	No_custom_HMM	No_custom_HMM	No_PHROG	ab initio prediction:Pyrodigal-gv:0.3.2	CDS	None	hypothetical protein	unknown function	None	None	None	None	None	None	None	None	None	None	None	None	None	None	None	None	None	None	None	11
SRR35808611_ctg78|provirus_2163821_2228021_CDS_0027	21334	22680	+	SRR35808611_ctg78|provirus_2163821_2228021	133.8	00	498	268.0	0.373	4.956e-80	No_PHROGs_HMM	No_PHROGs_HMM	No_PHROGs_HMM	No_custom_HMM	No_custom_HMM	No_custom_HMM	498	ab initio prediction:Pyrodigal-gv:0.3.2	CDS	#838383	DNA methyltransferase	other	None	None	None	None	None	None	None	None	None	None	None	None	None	None	None	None	None	None	None	11
SRR35808611_ctg78|provirus_2163821_2228021_CDS_0028	23611	22763	-	SRR35808611_ctg78|provirus_2163821_2228021	56.2	00	No_PHROG	No_PHROG	No_PHROG	No_PHROG	No_PHROGs_HMM	No_PHROGs_HMM	No_PHROGs_HMM	No_custom_HMM	No_custom_HMM	No_custom_HMM	No_PHROG	ab initio prediction:Pyrodigal-gv:0.3.2	CDS	None	hypothetical protein	unknown function	None	None	None	None	None	None	None	None	None	None	None	None	None	None	None	None	None	None	None	11
SRR35808611_ctg78|provirus_2163821_2228021_CDS_0029	23856	23623	-	SRR35808611_ctg78|provirus_2163821_2228021	28.1	00	No_PHROG	No_PHROG	No_PHROG	No_PHROG	No_PHROGs_HMM	No_PHROGs_HMM	No_PHROGs_HMM	No_custom_HMM	No_custom_HMM	No_custom_HMM	No_PHROG	ab initio prediction:Pyrodigal-gv:0.3.2	CDS	None	hypothetical protein	unknown function	None	None	None	None	None	None	None	None	None	None	None	None	None	None	None	None	None	None	None	11
SRR35808611_ctg78|provirus_2163821_2228021_CDS_0030	24351	23920	-	SRR35808611_ctg78|provirus_2163821_2228021	33.1	00	No_PHROG	No_PHROG	No_PHROG	No_PHROG	No_PHROGs_HMM	No_PHROGs_HMM	No_PHROGs_HMM	No_custom_HMM	No_custom_HMM	No_custom_HMM	No_PHROG	ab initio prediction:Pyrodigal-gv:0.3.2	CDS	None	hypothetical protein	unknown function	None	None	None	None	None	None	None	None	None	None	None	None	None	None	None	None	None	None	None	11
SRR35808611_ctg78|provirus_2163821_2228021_CDS_0031	24602	24345	-	SRR35808611_ctg78|provirus_2163821_2228021	24.9	00	No_PHROG	No_PHROG	No_PHROG	No_PHROG	No_PHROGs_HMM	No_PHROGs_HMM	No_PHROGs_HMM	No_custom_HMM	No_custom_HMM	No_custom_HMM	No_PHROG	ab initio prediction:Pyrodigal-gv:0.3.2	CDS	None	hypothetical protein	unknown function	None	None	None	None	None	None	None	None	None	None	None	None	None	None	None	None	None	None	None	11
SRR35808611_ctg78|provirus_2163821_2228021_CDS_0032	24925	25389	+	SRR35808611_ctg78|provirus_2163821_2228021	39.9	00	No_PHROG	No_PHROG	No_PHROG	No_PHROG	No_PHROGs_HMM	No_PHROGs_HMM	No_PHROGs_HMM	No_custom_HMM	No_custom_HMM	No_custom_HMM	No_PHROG	ab initio prediction:Pyrodigal-gv:0.3.2	CDS	None	hypothetical protein	unknown function	None	None	None	None	None	None	None	None	None	None	None	None	None	None	None	None	None	None	None	11
SRR35808611_ctg78|provirus_2163821_2228021_CDS_0033	25480	25767	+	SRR35808611_ctg78|provirus_2163821_2228021	17.5	00	No_PHROG	No_PHROG	No_PHROG	No_PHROG	No_PHROGs_HMM	No_PHROGs_HMM	No_PHROGs_HMM	No_custom_HMM	No_custom_HMM	No_custom_HMM	No_PHROG	ab initio prediction:Pyrodigal-gv:0.3.2	CDS	None	hypothetical protein	unknown function	None	None	None	None	None	None	None	None	None	None	None	None	None	None	None	None	None	None	None	11
SRR35808611_ctg78|provirus_2163821_2228021_CDS_0034	25868	26431	+	SRR35808611_ctg78|provirus_2163821_2228021	53.6	00	No_PHROG	No_PHROG	No_PHROG	No_PHROG	No_PHROGs_HMM	No_PHROGs_HMM	No_PHROGs_HMM	No_custom_HMM	No_custom_HMM	No_custom_HMM	No_PHROG	ab initio prediction:Pyrodigal-gv:0.3.2	CDS	None	hypothetical protein	unknown function	None	None	None	None	None	None	None	None	None	None	None	None	None	None	None	None	None	None	None	11
SRR35808611_ctg78|provirus_2163821_2228021_CDS_0035	26431	28047	+	SRR35808611_ctg78|provirus_2163821_2228021	181.8	00	38407	100.0	0.34	6.038e-24	No_PHROGs_HMM	No_PHROGs_HMM	No_PHROGs_HMM	No_custom_HMM	No_custom_HMM	No_custom_HMM	38407	ab initio prediction:Pyrodigal-gv:0.3.2	CDS	#c9c9c9	hypothetical protein	unknown function	None	None	None	None	None	None	None	None	None	None	None	None	None	None	None	None	None	None	None	11
SRR35808611_ctg78|provirus_2163821_2228021_CDS_0036	28072	28821	+	SRR35808611_ctg78|provirus_2163821_2228021	82.2	00	8156	48.0	0.245	1.113e-07	No_PHROGs_HMM	No_PHROGs_HMM	No_PHROGs_HMM	No_custom_HMM	No_custom_HMM	No_custom_HMM	8156	ab initio prediction:Pyrodigal-gv:0.3.2	CDS	#838383	methyltransferase	other	None	None	None	None	None	None	None	None	None	None	None	None	None	None	None	None	None	None	None	11
SRR35808611_ctg78|provirus_2163821_2228021_CDS_0037	29006	29740	+	SRR35808611_ctg78|provirus_2163821_2228021	70.2	00	No_PHROG	No_PHROG	No_PHROG	No_PHROG	No_PHROGs_HMM	No_PHROGs_HMM	No_PHROGs_HMM	No_custom_HMM	No_custom_HMM	No_custom_HMM	No_PHROG	ab initio prediction:Pyrodigal-gv:0.3.2	CDS	None	hypothetical protein	unknown function	None	None	None	None	None	None	None	None	None	None	None	None	None	None	None	None	None	None	None	11
SRR35808611_ctg78|provirus_2163821_2228021_CDS_0038	29737	30549	+	SRR35808611_ctg78|provirus_2163821_2228021	90.6	00	No_PHROG	No_PHROG	No_PHROG	No_PHROG	No_PHROGs_HMM	No_PHROGs_HMM	No_PHROGs_HMM	No_custom_HMM	No_custom_HMM	No_custom_HMM	No_PHROG	ab initio prediction:Pyrodigal-gv:0.3.2	CDS	None	hypothetical protein	unknown function	None	None	None	None	None	None	None	None	None	None	None	None	None	None	None	None	None	None	None	11
SRR35808611_ctg78|provirus_2163821_2228021_CDS_0039	30626	31477	+	SRR35808611_ctg78|provirus_2163821_2228021	114.3	00	No_PHROG	No_PHROG	No_PHROG	No_PHROG	No_PHROGs_HMM	No_PHROGs_HMM	No_PHROGs_HMM	No_custom_HMM	No_custom_HMM	No_custom_HMM	No_PHROG	ab initio prediction:Pyrodigal-gv:0.3.2	CDS	None	hypothetical protein	unknown function	None	None	None	None	None	None	None	None	None	None	None	None	None	None	None	None	None	None	None	11
SRR35808611_ctg78|provirus_2163821_2228021_CDS_0040	31559	31816	+	SRR35808611_ctg78|provirus_2163821_2228021	28.5	00	No_PHROG	No_PHROG	No_PHROG	No_PHROG	No_PHROGs_HMM	No_PHROGs_HMM	No_PHROGs_HMM	No_custom_HMM	No_custom_HMM	No_custom_HMM	No_PHROG	ab initio prediction:Pyrodigal-gv:0.3.2	CDS	None	hypothetical protein	unknown function	None	None	None	None	None	None	None	None	None	None	None	None	None	None	None	None	None	None	None	11
SRR35808611_ctg78|provirus_2163821_2228021_CDS_0041	31824	32324	+	SRR35808611_ctg78|provirus_2163821_2228021	53.6	00	No_PHROG	No_PHROG	No_PHROG	No_PHROG	No_PHROGs_HMM	No_PHROGs_HMM	No_PHROGs_HMM	No_custom_HMM	No_custom_HMM	No_custom_HMM	No_PHROG	ab initio prediction:Pyrodigal-gv:0.3.2	CDS	None	hypothetical protein	unknown function	None	None	None	None	None	None	None	None	None	None	None	None	None	None	None	None	None	None	None	11
SRR35808611_ctg78|provirus_2163821_2228021_CDS_0042	32327	33502	+	SRR35808611_ctg78|provirus_2163821_2228021	113.6	00	No_PHROG	No_PHROG	No_PHROG	No_PHROG	No_PHROGs_HMM	No_PHROGs_HMM	No_PHROGs_HMM	No_custom_HMM	No_custom_HMM	No_custom_HMM	No_PHROG	ab initio prediction:Pyrodigal-gv:0.3.2	CDS	None	hypothetical protein	unknown function	None	None	None	None	None	None	None	None	None	None	None	None	None	None	None	None	None	None	None	11
SRR35808611_ctg78|provirus_2163821_2228021_CDS_0043	33506	35155	+	SRR35808611_ctg78|provirus_2163821_2228021	202.9	00	No_PHROG	No_PHROG	No_PHROG	No_PHROG	No_PHROGs_HMM	No_PHROGs_HMM	No_PHROGs_HMM	No_custom_HMM	No_custom_HMM	No_custom_HMM	No_PHROG	ab initio prediction:Pyrodigal-gv:0.3.2	CDS	None	hypothetical protein	unknown function	None	None	None	None	None	None	None	None	None	None	None	None	None	None	None	None	None	None	None	11
SRR35808611_ctg78|provirus_2163821_2228021_CDS_0044	35177	35848	+	SRR35808611_ctg78|provirus_2163821_2228021	67.8	00	No_PHROG	No_PHROG	No_PHROG	No_PHROG	No_PHROGs_HMM	No_PHROGs_HMM	No_PHROGs_HMM	No_custom_HMM	No_custom_HMM	No_custom_HMM	No_PHROG	ab initio prediction:Pyrodigal-gv:0.3.2	CDS	None	hypothetical protein	unknown function	None	None	None	None	None	None	None	None	None	None	None	None	None	None	None	None	None	None	None	11
SRR35808611_ctg78|provirus_2163821_2228021_CDS_0045	35845	36534	+	SRR35808611_ctg78|provirus_2163821_2228021	57.5	00	No_PHROG	No_PHROG	No_PHROG	No_PHROG	No_PHROGs_HMM	No_PHROGs_HMM	No_PHROGs_HMM	No_custom_HMM	No_custom_HMM	No_custom_HMM	No_PHROG	ab initio prediction:Pyrodigal-gv:0.3.2	CDS	None	hypothetical protein	unknown function	None	None	None	None	None	None	None	None	None	None	None	None	None	None	None	None	None	None	None	11
SRR35808611_ctg78|provirus_2163821_2228021_CDS_0046	36531	39017	+	SRR35808611_ctg78|provirus_2163821_2228021	245.4	00	2662	167.0	0.213	7.718e-44	No_PHROGs_HMM	No_PHROGs_HMM	No_PHROGs_HMM	No_custom_HMM	No_custom_HMM	No_custom_HMM	2662	ab initio prediction:Pyrodigal-gv:0.3.2	CDS	#3e83f6	portal protein	head and packaging	None	None	None	None	None	None	None	None	None	None	None	None	None	None	None	None	None	None	None	11
SRR35808611_ctg78|provirus_2163821_2228021_CDS_0047	39028	40335	+	SRR35808611_ctg78|provirus_2163821_2228021	210.5	00	No_PHROG	No_PHROG	No_PHROG	No_PHROG	No_PHROGs_HMM	No_PHROGs_HMM	No_PHROGs_HMM	No_custom_HMM	No_custom_HMM	No_custom_HMM	No_PHROG	ab initio prediction:Pyrodigal-gv:0.3.2	CDS	None	hypothetical protein	unknown function	None	None	None	None	None	None	None	None	None	None	None	None	None	None	None	None	None	None	None	11
SRR35808611_ctg78|provirus_2163821_2228021_CDS_0048	40424	41794	+	SRR35808611_ctg78|provirus_2163821_2228021	273.4	00	617	48.0	0.309	3.26e-07	No_PHROGs_HMM	No_PHROGs_HMM	No_PHROGs_HMM	No_custom_HMM	No_custom_HMM	No_custom_HMM	617	ab initio prediction:Pyrodigal-gv:0.3.2	CDS	#3e83f6	major head protein	head and packaging	None	None	None	None	None	None	None	None	None	None	None	None	None	None	None	None	None	None	None	11
SRR35808611_ctg78|provirus_2163821_2228021_CDS_0049	41917	42432	+	SRR35808611_ctg78|provirus_2163821_2228021	101.9	00	No_PHROG	No_PHROG	No_PHROG	No_PHROG	No_PHROGs_HMM	No_PHROGs_HMM	No_PHROGs_HMM	No_custom_HMM	No_custom_HMM	No_custom_HMM	No_PHROG	ab initio prediction:Pyrodigal-gv:0.3.2	CDS	None	hypothetical protein	unknown function	None	None	None	None	None	None	None	None	None	None	None	None	None	None	None	None	None	None	None	11
SRR35808611_ctg78|provirus_2163821_2228021_CDS_0050	42659	43003	+	SRR35808611_ctg78|provirus_2163821_2228021	24.5	00	No_PHROG	No_PHROG	No_PHROG	No_PHROG	No_PHROGs_HMM	No_PHROGs_HMM	No_PHROGs_HMM	No_custom_HMM	No_custom_HMM	No_custom_HMM	No_PHROG	ab initio prediction:Pyrodigal-gv:0.3.2	CDS	None	hypothetical protein	unknown function	None	None	None	None	None	None	None	None	None	None	None	None	None	None	None	None	None	None	None	11
SRR35808611_ctg78|provirus_2163821_2228021_CDS_0051	43000	43563	+	SRR35808611_ctg78|provirus_2163821_2228021	42.1	00	No_PHROG	No_PHROG	No_PHROG	No_PHROG	No_PHROGs_HMM	No_PHROGs_HMM	No_PHROGs_HMM	No_custom_HMM	No_custom_HMM	No_custom_HMM	No_PHROG	ab initio prediction:Pyrodigal-gv:0.3.2	CDS	None	hypothetical protein	unknown function	None	None	None	None	None	None	None	None	None	None	None	None	None	None	None	None	None	None	None	11
SRR35808611_ctg78|provirus_2163821_2228021_CDS_0052	43565	44293	+	SRR35808611_ctg78|provirus_2163821_2228021	90.7	00	No_PHROG	No_PHROG	No_PHROG	No_PHROG	No_PHROGs_HMM	No_PHROGs_HMM	No_PHROGs_HMM	No_custom_HMM	No_custom_HMM	No_custom_HMM	No_PHROG	ab initio prediction:Pyrodigal-gv:0.3.2	CDS	None	hypothetical protein	unknown function	None	None	None	None	None	None	None	None	None	None	None	None	None	None	None	None	None	None	None	11
SRR35808611_ctg78|provirus_2163821_2228021_CDS_0053	44286	44762	+	SRR35808611_ctg78|provirus_2163821_2228021	49.8	00	No_PHROG	No_PHROG	No_PHROG	No_PHROG	No_PHROGs_HMM	No_PHROGs_HMM	No_PHROGs_HMM	No_custom_HMM	No_custom_HMM	No_custom_HMM	No_PHROG	ab initio prediction:Pyrodigal-gv:0.3.2	CDS	None	hypothetical protein	unknown function	None	None	None	None	None	None	None	None	None	None	None	None	None	None	None	None	None	None	None	11
SRR35808611_ctg78|provirus_2163821_2228021_CDS_0054	44813	45634	+	SRR35808611_ctg78|provirus_2163821_2228021	117.0	00	807	64.0	0.266	5.483e-13	No_PHROGs_HMM	No_PHROGs_HMM	No_PHROGs_HMM	No_custom_HMM	No_custom_HMM	No_custom_HMM	807	ab initio prediction:Pyrodigal-gv:0.3.2	CDS	#07e9a2	major tail protein with Ig-like domain	tail	None	None	None	None	None	None	None	None	None	None	None	None	None	None	None	None	None	None	None	11
SRR35808611_ctg78|provirus_2163821_2228021_CDS_0055	45767	46396	+	SRR35808611_ctg78|provirus_2163821_2228021	32.1	00	No_PHROG	No_PHROG	No_PHROG	No_PHROG	No_PHROGs_HMM	No_PHROGs_HMM	No_PHROGs_HMM	No_custom_HMM	No_custom_HMM	No_custom_HMM	No_PHROG	ab initio prediction:Pyrodigal-gv:0.3.2	CDS	None	hypothetical protein	unknown function	None	None	None	None	None	None	None	None	None	None	None	None	None	None	None	None	None	None	None	11
SRR35808611_ctg78|provirus_2163821_2228021_CDS_0056	46514	49723	+	SRR35808611_ctg78|provirus_2163821_2228021	251.6	00	37649	53.0	0.196	3.88e-08	No_PHROGs_HMM	No_PHROGs_HMM	No_PHROGs_HMM	No_custom_HMM	No_custom_HMM	No_custom_HMM	37649	ab initio prediction:Pyrodigal-gv:0.3.2	CDS	#07e9a2	tail length tape measure protein	tail	None	None	None	None	None	None	None	None	None	None	None	None	None	None	None	None	None	None	None	11
SRR35808611_ctg78|provirus_2163821_2228021_CDS_0057	50473	49724	-	SRR35808611_ctg78|provirus_2163821_2228021	46.6	00	No_PHROG	No_PHROG	No_PHROG	No_PHROG	No_PHROGs_HMM	No_PHROGs_HMM	No_PHROGs_HMM	No_custom_HMM	No_custom_HMM	No_custom_HMM	No_PHROG	ab initio prediction:Pyrodigal-gv:0.3.2	CDS	None	hypothetical protein	unknown function	None	None	None	None	None	None	None	None	None	None	None	None	None	None	None	None	None	None	None	11
SRR35808611_ctg78|provirus_2163821_2228021_CDS_0058	50796	51686	+	SRR35808611_ctg78|provirus_2163821_2228021	20.8	00	119	53.0	0.409	6.594e-11	No_PHROGs_HMM	No_PHROGs_HMM	No_PHROGs_HMM	No_custom_HMM	No_custom_HMM	No_custom_HMM	119	ab initio prediction:Pyrodigal-gv:0.3.2	CDS	#ffdf59	HNH endonuclease	DNA, RNA and nucleotide metabolism	None	None	None	None	None	None	None	None	None	None	None	None	None	None	None	None	None	None	None	11
SRR35808611_ctg78|provirus_2163821_2228021_CDS_0059	52544	51738	-	SRR35808611_ctg78|provirus_2163821_2228021	122.8	00	17239	214.0	0.485	4.869e-64	No_PHROGs_HMM	No_PHROGs_HMM	No_PHROGs_HMM	No_custom_HMM	No_custom_HMM	No_custom_HMM	17239	ab initio prediction:Pyrodigal-gv:0.3.2	CDS	#c9c9c9	hypothetical protein	unknown function	None	None	None	None	None	None	None	None	None	None	None	None	None	None	None	None	None	None	None	11
SRR35808611_ctg78|provirus_2163821_2228021_CDS_0060	53261	52917	-	SRR35808611_ctg78|provirus_2163821_2228021	14.5	00	No_PHROG	No_PHROG	No_PHROG	No_PHROG	No_PHROGs_HMM	No_PHROGs_HMM	No_PHROGs_HMM	No_custom_HMM	No_custom_HMM	No_custom_HMM	No_PHROG	ab initio prediction:Pyrodigal-gv:0.3.2	CDS	None	hypothetical protein	unknown function	None	None	None	None	None	None	None	None	None	None	None	None	None	None	None	None	None	None	None	11
SRR35808611_ctg78|provirus_2163821_2228021_CDS_0061	53590	53763	+	SRR35808611_ctg78|provirus_2163821_2228021	2.9	00	No_PHROG	No_PHROG	No_PHROG	No_PHROG	No_PHROGs_HMM	No_PHROGs_HMM	No_PHROGs_HMM	No_custom_HMM	No_custom_HMM	No_custom_HMM	No_PHROG	ab initio prediction:Pyrodigal-gv:0.3.2	CDS	None	hypothetical protein	unknown function	None	None	None	None	None	None	None	None	None	None	None	None	None	None	None	None	None	None	None	11
SRR35808611_ctg78|provirus_2163821_2228021_CDS_0062	54561	54812	+	SRR35808611_ctg78|provirus_2163821_2228021	5.6	00	No_PHROG	No_PHROG	No_PHROG	No_PHROG	No_PHROGs_HMM	No_PHROGs_HMM	No_PHROGs_HMM	No_custom_HMM	No_custom_HMM	No_custom_HMM	No_PHROG	ab initio prediction:Pyrodigal-gv:0.3.2	CDS	None	hypothetical protein	unknown function	None	None	None	None	None	None	None	None	None	None	None	None	None	None	None	None	None	None	None	11
SRR35808611_ctg78|provirus_2163821_2228021_CDS_0063	54858	57788	+	SRR35808611_ctg78|provirus_2163821_2228021	154.0	00	1082	153.0	0.272	5.076e-40	No_PHROGs_HMM	No_PHROGs_HMM	No_PHROGs_HMM	No_custom_HMM	No_custom_HMM	No_custom_HMM	1082	ab initio prediction:Pyrodigal-gv:0.3.2	CDS	#07e9a2	tail assembly protein	tail	None	None	None	None	None	None	None	None	None	None	None	None	None	None	None	None	None	None	None	11
SRR35808611_ctg78|provirus_2163821_2228021_CDS_0064	58191	59015	+	SRR35808611_ctg78|provirus_2163821_2228021	57.8	00	778	70.0	0.235	5.859e-15	No_PHROGs_HMM	No_PHROGs_HMM	No_PHROGs_HMM	No_custom_HMM	No_custom_HMM	No_custom_HMM	778	ab initio prediction:Pyrodigal-gv:0.3.2	CDS	#07e9a2	tail assembly protein	tail	None	None	None	None	None	None	None	None	None	None	None	None	None	None	None	None	None	None	None	11
SRR35808611_ctg78|provirus_2163821_2228021_CDS_0065	59015	59488	+	SRR35808611_ctg78|provirus_2163821_2228021	31.1	00	No_PHROG	No_PHROG	No_PHROG	No_PHROG	No_PHROGs_HMM	No_PHROGs_HMM	No_PHROGs_HMM	No_custom_HMM	No_custom_HMM	No_custom_HMM	No_PHROG	ab initio prediction:Pyrodigal-gv:0.3.2	CDS	None	hypothetical protein	unknown function	None	None	None	None	None	None	None	None	None	None	None	None	None	None	None	None	None	None	None	11
SRR35808611_ctg78|provirus_2163821_2228021_CDS_0066	59485	61950	+	SRR35808611_ctg78|provirus_2163821_2228021	249.8	00	1101	87.0	0.169	5.989e-19	No_PHROGs_HMM	No_PHROGs_HMM	No_PHROGs_HMM	No_custom_HMM	No_custom_HMM	No_custom_HMM	1101	ab initio prediction:Pyrodigal-gv:0.3.2	CDS	#07e9a2	tail protein	tail	None	None	None	None	None	None	None	None	None	None	None	None	None	None	None	None	None	None	None	11
SRR35808611_ctg78|provirus_2163821_2228021_CDS_0067	61961	62281	+	SRR35808611_ctg78|provirus_2163821_2228021	32.5	00	No_PHROG	No_PHROG	No_PHROG	No_PHROG	No_PHROGs_HMM	No_PHROGs_HMM	No_PHROGs_HMM	No_custom_HMM	No_custom_HMM	No_custom_HMM	No_PHROG	ab initio prediction:Pyrodigal-gv:0.3.2	CDS	None	hypothetical protein	unknown function	None	None	None	None	None	None	None	None	None	None	None	None	None	None	None	None	None	None	None	11
SRR35808611_ctg78|provirus_2163821_2228021_CDS_0068	62825	64201	+	SRR35808611_ctg78|provirus_2163821_2228021	49.7	00	1	72.0	0.217	7.874e-15	No_PHROGs_HMM	No_PHROGs_HMM	No_PHROGs_HMM	No_custom_HMM	No_custom_HMM	No_custom_HMM	1	ab initio prediction:Pyrodigal-gv:0.3.2	CDS	#fea328	integrase	integration and excision	None	None	None	None	None	None	None	None	None	None	None	None	None	None	None	None	None	None	None	11
SRR35808611_ctg442|provirus_3721232_3760862_CDS_0001	765	1	-	SRR35808611_ctg442|provirus_3721232_3760862	71.5	00	4836	46.0	0.269	2.094e-07	No_PHROGs_HMM	No_PHROGs_HMM	No_PHROGs_HMM	No_custom_HMM	No_custom_HMM	No_custom_HMM	4836	ab initio prediction:Pyrodigal-gv:0.3.2	CDS	#a861e3	CII-like regulator	transcription regulation	None	None	None	None	None	None	None	None	None	None	None	None	None	None	None	None	None	None	None	11
SRR35808611_ctg442|provirus_3721232_3760862_CDS_0002	842	1198	+	SRR35808611_ctg442|provirus_3721232_3760862	7.4	00	769	51.0	0.408	1.249e-10	No_PHROGs_HMM	No_PHROGs_HMM	No_PHROGs_HMM	No_custom_HMM	No_custom_HMM	No_custom_HMM	769	ab initio prediction:Pyrodigal-gv:0.3.2	CDS	#a861e3	transcriptional repressor	transcription regulation	None	None	None	None	None	None	None	None	None	None	None	None	None	None	None	None	None	None	None	11
SRR35808611_ctg442|provirus_3721232_3760862_CDS_0003	1307	1789	+	SRR35808611_ctg442|provirus_3721232_3760862	87.2	00	No_PHROG	No_PHROG	No_PHROG	No_PHROG	No_PHROGs_HMM	No_PHROGs_HMM	No_PHROGs_HMM	No_custom_HMM	No_custom_HMM	No_custom_HMM	No_PHROG	ab initio prediction:Pyrodigal-gv:0.3.2	CDS	None	hypothetical protein	unknown function	None	None	None	None	None	None	None	None	None	None	None	None	None	None	None	None	None	None	None	11
SRR35808611_ctg442|provirus_3721232_3760862_CDS_0004	1786	2115	+	SRR35808611_ctg442|provirus_3721232_3760862	56.3	00	1368	56.0	0.36	3.276e-12	No_PHROGs_HMM	No_PHROGs_HMM	No_PHROGs_HMM	No_custom_HMM	No_custom_HMM	No_custom_HMM	1368	ab initio prediction:Pyrodigal-gv:0.3.2	CDS	#a861e3	transcriptional regulator	transcription regulation	None	None	None	None	None	None	None	None	None	None	None	None	None	None	None	None	None	None	None	11
SRR35808611_ctg442|provirus_3721232_3760862_CDS_0005	2144	3082	+	SRR35808611_ctg442|provirus_3721232_3760862	170.5	00	1748	113.0	0.311	8.222999999999999e-29	No_PHROGs_HMM	No_PHROGs_HMM	No_PHROGs_HMM	No_custom_HMM	No_custom_HMM	No_custom_HMM	1748	ab initio prediction:Pyrodigal-gv:0.3.2	CDS	#c9c9c9	hypothetical protein	unknown function	None	None	None	None	None	None	None	None	None	None	None	None	None	None	None	None	None	None	None	11
SRR35808611_ctg442|provirus_3721232_3760862_CDS_0006	3084	4847	+	SRR35808611_ctg442|provirus_3721232_3760862	295.6	00	310	242.0	0.317	8.765e-69	No_PHROGs_HMM	No_PHROGs_HMM	No_PHROGs_HMM	No_custom_HMM	No_custom_HMM	No_custom_HMM	310	ab initio prediction:Pyrodigal-gv:0.3.2	CDS	#fea328	transposase	integration and excision	None	None	None	None	None	None	None	None	None	None	None	None	None	None	None	None	None	None	None	11
SRR35808611_ctg442|provirus_3721232_3760862_CDS_0007	4973	6238	+	SRR35808611_ctg442|provirus_3721232_3760862	230.2	00	296	70.0	0.213	1.33e-14	No_PHROGs_HMM	No_PHROGs_HMM	No_PHROGs_HMM	No_custom_HMM	No_custom_HMM	No_custom_HMM	296	ab initio prediction:Pyrodigal-gv:0.3.2	CDS	#fea328	DNA transposition protein	integration and excision	None	None	None	None	None	None	None	None	None	None	None	None	None	None	None	None	None	None	None	11
SRR35808611_ctg442|provirus_3721232_3760862_CDS_0008	6240	6575	+	SRR35808611_ctg442|provirus_3721232_3760862	66.9	00	2041	49.0	0.309	2.118e-09	No_PHROGs_HMM	No_PHROGs_HMM	No_PHROGs_HMM	No_custom_HMM	No_custom_HMM	No_custom_HMM	2041	ab initio prediction:Pyrodigal-gv:0.3.2	CDS	#c9c9c9	hypothetical protein	unknown function	None	None	None	None	None	None	None	None	None	None	None	None	None	None	None	None	None	None	None	11
SRR35808611_ctg442|provirus_3721232_3760862_CDS_0009	6591	7361	+	SRR35808611_ctg442|provirus_3721232_3760862	96.2	00	No_PHROG	No_PHROG	No_PHROG	No_PHROG	No_PHROGs_HMM	No_PHROGs_HMM	No_PHROGs_HMM	No_custom_HMM	No_custom_HMM	No_custom_HMM	No_PHROG	ab initio prediction:Pyrodigal-gv:0.3.2	CDS	None	hypothetical protein	unknown function	None	None	None	None	None	None	None	None	None	None	None	None	None	None	None	None	None	None	None	11
SRR35808611_ctg442|provirus_3721232_3760862_CDS_0010	7372	7752	+	SRR35808611_ctg442|provirus_3721232_3760862	66.3	00	2113	44.0	0.308	1.368e-07	No_PHROGs_HMM	No_PHROGs_HMM	No_PHROGs_HMM	No_custom_HMM	No_custom_HMM	No_custom_HMM	2113	ab initio prediction:Pyrodigal-gv:0.3.2	CDS	#c9c9c9	hypothetical protein	unknown function	None	None	None	None	None	None	None	None	None	None	None	None	None	None	None	None	None	None	None	11
SRR35808611_ctg442|provirus_3721232_3760862_CDS_0011	7757	8011	+	SRR35808611_ctg442|provirus_3721232_3760862	40.9	00	No_PHROG	No_PHROG	No_PHROG	No_PHROG	No_PHROGs_HMM	No_PHROGs_HMM	No_PHROGs_HMM	No_custom_HMM	No_custom_HMM	No_custom_HMM	No_PHROG	ab initio prediction:Pyrodigal-gv:0.3.2	CDS	None	hypothetical protein	unknown function	None	None	None	None	None	None	None	None	None	None	None	None	None	None	None	None	None	None	None	11
SRR35808611_ctg442|provirus_3721232_3760862_CDS_0012	7983	8600	+	SRR35808611_ctg442|provirus_3721232_3760862	122.8	00	No_PHROG	No_PHROG	No_PHROG	No_PHROG	No_PHROGs_HMM	No_PHROGs_HMM	No_PHROGs_HMM	No_custom_HMM	No_custom_HMM	No_custom_HMM	No_PHROG	ab initio prediction:Pyrodigal-gv:0.3.2	CDS	None	hypothetical protein	unknown function	None	None	None	None	None	None	None	None	None	None	None	None	None	None	None	None	None	None	None	11
SRR35808611_ctg442|provirus_3721232_3760862_CDS_0013	8600	8836	+	SRR35808611_ctg442|provirus_3721232_3760862	49.2	00	No_PHROG	No_PHROG	No_PHROG	No_PHROG	No_PHROGs_HMM	No_PHROGs_HMM	No_PHROGs_HMM	No_custom_HMM	No_custom_HMM	No_custom_HMM	No_PHROG	ab initio prediction:Pyrodigal-gv:0.3.2	CDS	None	hypothetical protein	unknown function	None	None	None	None	None	None	None	None	None	None	None	None	None	None	None	None	None	None	None	11
SRR35808611_ctg442|provirus_3721232_3760862_CDS_0014	8821	9075	+	SRR35808611_ctg442|provirus_3721232_3760862	29.2	00	No_PHROG	No_PHROG	No_PHROG	No_PHROG	No_PHROGs_HMM	No_PHROGs_HMM	No_PHROGs_HMM	No_custom_HMM	No_custom_HMM	No_custom_HMM	No_PHROG	ab initio prediction:Pyrodigal-gv:0.3.2	CDS	None	hypothetical protein	unknown function	None	None	None	None	None	None	None	None	None	None	None	None	None	None	None	None	None	None	None	11
SRR35808611_ctg442|provirus_3721232_3760862_CDS_0015	9072	9341	+	SRR35808611_ctg442|provirus_3721232_3760862	72.1	00	379	75.0	0.427	3.56e-18	No_PHROGs_HMM	No_PHROGs_HMM	No_PHROGs_HMM	No_custom_HMM	No_custom_HMM	No_custom_HMM	379	ab initio prediction:Pyrodigal-gv:0.3.2	CDS	#ffdf59	DNA binding protein	DNA, RNA and nucleotide metabolism	None	None	None	None	None	None	None	None	None	None	None	None	None	None	None	None	None	None	None	11
SRR35808611_ctg442|provirus_3721232_3760862_CDS_0016	9406	9696	+	SRR35808611_ctg442|provirus_3721232_3760862	54.2	00	No_PHROG	No_PHROG	No_PHROG	No_PHROG	No_PHROGs_HMM	No_PHROGs_HMM	No_PHROGs_HMM	No_custom_HMM	No_custom_HMM	No_custom_HMM	No_PHROG	ab initio prediction:Pyrodigal-gv:0.3.2	CDS	None	hypothetical protein	unknown function	None	None	None	None	None	None	None	None	None	None	None	None	None	None	None	None	None	None	None	11
SRR35808611_ctg442|provirus_3721232_3760862_CDS_0017	9693	9938	+	SRR35808611_ctg442|provirus_3721232_3760862	23.9	00	No_PHROG	No_PHROG	No_PHROG	No_PHROG	No_PHROGs_HMM	No_PHROGs_HMM	No_PHROGs_HMM	No_custom_HMM	No_custom_HMM	No_custom_HMM	No_PHROG	ab initio prediction:Pyrodigal-gv:0.3.2	CDS	None	hypothetical protein	unknown function	None	None	None	None	None	None	None	None	None	None	None	None	None	None	None	None	None	None	None	11
SRR35808611_ctg442|provirus_3721232_3760862_CDS_0018	9938	10285	+	SRR35808611_ctg442|provirus_3721232_3760862	49.2	00	355	102.0	0.489	9.966e-28	No_PHROGs_HMM	No_PHROGs_HMM	No_PHROGs_HMM	No_custom_HMM	No_custom_HMM	No_custom_HMM	355	ab initio prediction:Pyrodigal-gv:0.3.2	CDS	#ffdf59	nucleoside 2-deoxyribosyltransferase	DNA, RNA and nucleotide metabolism	None	None	None	None	None	None	None	None	None	None	None	None	None	None	None	None	None	None	None	11
SRR35808611_ctg442|provirus_3721232_3760862_CDS_0019	10278	11396	+	SRR35808611_ctg442|provirus_3721232_3760862	150.9	00	2045	344.0	0.497	5.953e-107	No_PHROGs_HMM	No_PHROGs_HMM	No_PHROGs_HMM	No_custom_HMM	No_custom_HMM	No_custom_HMM	2045	ab initio prediction:Pyrodigal-gv:0.3.2	CDS	#c9c9c9	hypothetical protein	unknown function	None	None	None	None	None	None	None	None	None	None	None	None	None	None	None	None	None	None	None	11
SRR35808611_ctg442|provirus_3721232_3760862_CDS_0020	11389	11613	+	SRR35808611_ctg442|provirus_3721232_3760862	26.7	00	No_PHROG	No_PHROG	No_PHROG	No_PHROG	No_PHROGs_HMM	No_PHROGs_HMM	No_PHROGs_HMM	No_custom_HMM	No_custom_HMM	No_custom_HMM	No_PHROG	ab initio prediction:Pyrodigal-gv:0.3.2	CDS	None	hypothetical protein	unknown function	None	None	None	None	None	None	None	None	None	None	None	None	None	None	None	None	None	None	None	11
SRR35808611_ctg442|provirus_3721232_3760862_CDS_0021	11604	11810	+	SRR35808611_ctg442|provirus_3721232_3760862	41.9	00	No_PHROG	No_PHROG	No_PHROG	No_PHROG	No_PHROGs_HMM	No_PHROGs_HMM	No_PHROGs_HMM	No_custom_HMM	No_custom_HMM	No_custom_HMM	No_PHROG	ab initio prediction:Pyrodigal-gv:0.3.2	CDS	None	hypothetical protein	unknown function	None	None	None	None	None	None	None	None	None	None	None	None	None	None	None	None	None	None	None	11
SRR35808611_ctg442|provirus_3721232_3760862_CDS_0022	11807	12310	+	SRR35808611_ctg442|provirus_3721232_3760862	101.2	00	286	93.0	0.39	2.786e-24	No_PHROGs_HMM	No_PHROGs_HMM	No_PHROGs_HMM	No_custom_HMM	No_custom_HMM	No_custom_HMM	286	ab initio prediction:Pyrodigal-gv:0.3.2	CDS	#c9c9c9	hypothetical protein	unknown function	None	None	None	None	None	None	None	None	None	None	None	None	None	None	None	None	None	None	None	11
SRR35808611_ctg442|provirus_3721232_3760862_CDS_0023	12313	12732	+	SRR35808611_ctg442|provirus_3721232_3760862	90.2	00	836	82.0	0.355	2.5030000000000003e-20	No_PHROGs_HMM	No_PHROGs_HMM	No_PHROGs_HMM	No_custom_HMM	No_custom_HMM	No_custom_HMM	836	ab initio prediction:Pyrodigal-gv:0.3.2	CDS	#a861e3	late transcriptional activator	transcription regulation	None	None	None	None	None	None	None	None	None	None	None	None	None	None	None	None	None	None	None	11
SRR35808611_ctg442|provirus_3721232_3760862_CDS_0024	12786	13028	+	SRR35808611_ctg442|provirus_3721232_3760862	41.8	00	No_PHROG	No_PHROG	No_PHROG	No_PHROG	No_PHROGs_HMM	No_PHROGs_HMM	No_PHROGs_HMM	No_custom_HMM	No_custom_HMM	No_custom_HMM	No_PHROG	ab initio prediction:Pyrodigal-gv:0.3.2	CDS	None	hypothetical protein	unknown function	None	None	None	None	None	None	None	None	None	None	None	None	None	None	None	None	None	None	None	11
SRR35808611_ctg442|provirus_3721232_3760862_CDS_0025	13095	13538	+	SRR35808611_ctg442|provirus_3721232_3760862	48.7	00	No_PHROG	No_PHROG	No_PHROG	No_PHROG	No_PHROGs_HMM	No_PHROGs_HMM	No_PHROGs_HMM	No_custom_HMM	No_custom_HMM	No_custom_HMM	No_PHROG	ab initio prediction:Pyrodigal-gv:0.3.2	CDS	None	hypothetical protein	unknown function	None	None	None	None	None	None	None	None	None	None	None	None	None	None	None	None	None	None	None	11
SRR35808611_ctg442|provirus_3721232_3760862_CDS_0026	13505	13606	+	SRR35808611_ctg442|provirus_3721232_3760862	1.1	00	No_PHROG	No_PHROG	No_PHROG	No_PHROG	No_PHROGs_HMM	No_PHROGs_HMM	No_PHROGs_HMM	No_custom_HMM	No_custom_HMM	No_custom_HMM	No_PHROG	ab initio prediction:Pyrodigal-gv:0.3.2	CDS	None	hypothetical protein	unknown function	None	None	None	None	None	None	None	None	None	None	None	None	None	None	None	None	None	None	None	11
SRR35808611_ctg442|provirus_3721232_3760862_CDS_0027	13680	14309	+	SRR35808611_ctg442|provirus_3721232_3760862	80.6	00	822	116.0	0.377	1.0760000000000001e-30	No_PHROGs_HMM	No_PHROGs_HMM	No_PHROGs_HMM	No_custom_HMM	No_custom_HMM	No_custom_HMM	822	ab initio prediction:Pyrodigal-gv:0.3.2	CDS	#f35f49	amidase	lysis	None	None	None	None	None	None	None	None	None	None	None	None	None	None	None	None	None	None	None	11
SRR35808611_ctg442|provirus_3721232_3760862_CDS_0028	14309	14575	+	SRR35808611_ctg442|provirus_3721232_3760862	18.6	00	No_PHROG	No_PHROG	No_PHROG	No_PHROG	No_PHROGs_HMM	No_PHROGs_HMM	No_PHROGs_HMM	No_custom_HMM	No_custom_HMM	No_custom_HMM	No_PHROG	ab initio prediction:Pyrodigal-gv:0.3.2	CDS	None	hypothetical protein	unknown function	None	None	None	None	None	None	None	None	None	None	None	None	None	None	None	None	None	None	None	11
SRR35808611_ctg442|provirus_3721232_3760862_CDS_0029	14572	14799	+	SRR35808611_ctg442|provirus_3721232_3760862	33.4	00	1356	42.0	0.338	1.397e-07	No_PHROGs_HMM	No_PHROGs_HMM	No_PHROGs_HMM	No_custom_HMM	No_custom_HMM	No_custom_HMM	1356	ab initio prediction:Pyrodigal-gv:0.3.2	CDS	#f35f49	holin	lysis	None	None	None	None	None	None	None	None	None	None	None	None	None	None	None	None	None	None	None	11
SRR35808611_ctg442|provirus_3721232_3760862_CDS_0030	14796	15413	+	SRR35808611_ctg442|provirus_3721232_3760862	105.7	00	No_PHROG	No_PHROG	No_PHROG	No_PHROG	No_PHROGs_HMM	No_PHROGs_HMM	No_PHROGs_HMM	No_custom_HMM	No_custom_HMM	No_custom_HMM	No_PHROG	ab initio prediction:Pyrodigal-gv:0.3.2	CDS	None	hypothetical protein	unknown function	None	None	None	None	None	None	None	None	None	None	None	None	None	None	None	None	None	None	None	11
SRR35808611_ctg442|provirus_3721232_3760862_CDS_0031	15407	15736	+	SRR35808611_ctg442|provirus_3721232_3760862	57.7	00	No_PHROG	No_PHROG	No_PHROG	No_PHROG	No_PHROGs_HMM	No_PHROGs_HMM	No_PHROGs_HMM	No_custom_HMM	No_custom_HMM	No_custom_HMM	No_PHROG	ab initio prediction:Pyrodigal-gv:0.3.2	CDS	None	hypothetical protein	unknown function	None	None	None	None	None	None	None	None	None	None	None	None	None	None	None	None	None	None	None	11
SRR35808611_ctg442|provirus_3721232_3760862_CDS_0032	15733	16092	+	SRR35808611_ctg442|provirus_3721232_3760862	54.4	00	462	40.0	0.366	1.018e-06	No_PHROGs_HMM	No_PHROGs_HMM	No_PHROGs_HMM	No_custom_HMM	No_custom_HMM	No_custom_HMM	462	ab initio prediction:Pyrodigal-gv:0.3.2	CDS	#838383	lipoprotein	other	None	None	None	None	None	None	None	None	None	None	None	None	None	None	None	None	None	None	None	11
SRR35808611_ctg442|provirus_3721232_3760862_CDS_0033	16089	16403	+	SRR35808611_ctg442|provirus_3721232_3760862	62.7	00	436	95.0	0.489	1.596e-25	No_PHROGs_HMM	No_PHROGs_HMM	No_PHROGs_HMM	No_custom_HMM	No_custom_HMM	No_custom_HMM	436	ab initio prediction:Pyrodigal-gv:0.3.2	CDS	#c9c9c9	hypothetical protein	unknown function	None	None	None	None	None	None	None	None	None	None	None	None	None	None	None	None	None	None	None	11
SRR35808611_ctg442|provirus_3721232_3760862_CDS_0034	16405	16950	+	SRR35808611_ctg442|provirus_3721232_3760862	102.5	00	426	139.0	0.432	1.414e-39	No_PHROGs_HMM	No_PHROGs_HMM	No_PHROGs_HMM	No_custom_HMM	No_custom_HMM	No_custom_HMM	426	ab initio prediction:Pyrodigal-gv:0.3.2	CDS	#3e83f6	terminase small subunit	head and packaging	None	None	None	None	None	None	None	None	None	None	None	None	None	None	None	None	None	None	None	11
SRR35808611_ctg442|provirus_3721232_3760862_CDS_0035	16950	17147	+	SRR35808611_ctg442|provirus_3721232_3760862	4.8	00	No_PHROG	No_PHROG	No_PHROG	No_PHROG	No_PHROGs_HMM	No_PHROGs_HMM	No_PHROGs_HMM	No_custom_HMM	No_custom_HMM	No_custom_HMM	No_PHROG	ab initio prediction:Pyrodigal-gv:0.3.2	CDS	None	hypothetical protein	unknown function	None	None	None	None	None	None	None	None	None	None	None	None	None	None	None	None	None	None	None	11
SRR35808611_ctg442|provirus_3721232_3760862_CDS_0036	17147	17422	+	SRR35808611_ctg442|provirus_3721232_3760862	46.7	00	6519	46.0	0.424	6.753e-09	No_PHROGs_HMM	No_PHROGs_HMM	No_PHROGs_HMM	No_custom_HMM	No_custom_HMM	No_custom_HMM	6519	ab initio prediction:Pyrodigal-gv:0.3.2	CDS	#c9c9c9	hypothetical protein	unknown function	None	None	None	None	None	None	None	None	None	None	None	None	None	None	None	None	None	None	None	11
SRR35808611_ctg442|provirus_3721232_3760862_CDS_0037	17412	18986	+	SRR35808611_ctg442|provirus_3721232_3760862	279.9	00	11208	70.0	0.435	1.766e-16	No_PHROGs_HMM	No_PHROGs_HMM	No_PHROGs_HMM	No_custom_HMM	No_custom_HMM	No_custom_HMM	11208	ab initio prediction:Pyrodigal-gv:0.3.2	CDS	#c9c9c9	hypothetical protein	unknown function	None	None	None	None	None	None	None	None	None	None	None	None	None	None	None	None	None	None	None	11
SRR35808611_ctg442|provirus_3721232_3760862_CDS_0038	19120	20604	+	SRR35808611_ctg442|provirus_3721232_3760862	318.8	00	10963	167.0	0.276	9.440999999999999e-45	No_PHROGs_HMM	No_PHROGs_HMM	No_PHROGs_HMM	No_custom_HMM	No_custom_HMM	No_custom_HMM	10963	ab initio prediction:Pyrodigal-gv:0.3.2	CDS	#3e83f6	portal protein	head and packaging	None	None	None	None	None	None	None	None	None	None	None	None	None	None	None	None	None	None	None	11
SRR35808611_ctg442|provirus_3721232_3760862_CDS_0039	20601	20783	+	SRR35808611_ctg442|provirus_3721232_3760862	-2.8	00	No_PHROG	No_PHROG	No_PHROG	No_PHROG	No_PHROGs_HMM	No_PHROGs_HMM	No_PHROGs_HMM	No_custom_HMM	No_custom_HMM	No_custom_HMM	No_PHROG	ab initio prediction:Pyrodigal-gv:0.3.2	CDS	None	hypothetical protein	unknown function	None	None	None	None	None	None	None	None	None	None	None	None	None	None	None	None	None	None	None	11
SRR35808611_ctg442|provirus_3721232_3760862_CDS_0040	20780	21559	+	SRR35808611_ctg442|provirus_3721232_3760862	135.7	00	2468	73.0	0.317	1.036e-15	No_PHROGs_HMM	No_PHROGs_HMM	No_PHROGs_HMM	No_custom_HMM	No_custom_HMM	No_custom_HMM	2468	ab initio prediction:Pyrodigal-gv:0.3.2	CDS	#3e83f6	head morphogenesis	head and packaging	None	None	None	None	None	None	None	None	None	None	None	None	None	None	None	None	None	None	None	11
SRR35808611_ctg442|provirus_3721232_3760862_CDS_0041	21559	21855	+	SRR35808611_ctg442|provirus_3721232_3760862	6.4	00	4887	123.0	0.658	2.384e-35	No_PHROGs_HMM	No_PHROGs_HMM	No_PHROGs_HMM	No_custom_HMM	No_custom_HMM	No_custom_HMM	4887	ab initio prediction:Pyrodigal-gv:0.3.2	CDS	#c9c9c9	hypothetical protein	unknown function	None	None	None	None	None	None	None	None	None	None	None	None	None	None	None	None	None	None	None	11
SRR35808611_ctg442|provirus_3721232_3760862_CDS_0042	21982	22242	+	SRR35808611_ctg442|provirus_3721232_3760862	51.9	00	No_PHROG	No_PHROG	No_PHROG	No_PHROG	No_PHROGs_HMM	No_PHROGs_HMM	No_PHROGs_HMM	No_custom_HMM	No_custom_HMM	No_custom_HMM	No_PHROG	ab initio prediction:Pyrodigal-gv:0.3.2	CDS	None	hypothetical protein	unknown function	None	None	None	None	None	None	None	None	None	None	None	None	None	None	None	None	None	None	None	11
SRR35808611_ctg442|provirus_3721232_3760862_CDS_0043	22239	24488	+	SRR35808611_ctg442|provirus_3721232_3760862	441.0	00	29592	553.0	0.408	1.68e-170	No_PHROGs_HMM	No_PHROGs_HMM	No_PHROGs_HMM	No_custom_HMM	No_custom_HMM	No_custom_HMM	29592	ab initio prediction:Pyrodigal-gv:0.3.2	CDS	#c9c9c9	hypothetical protein	unknown function	None	None	None	None	None	None	None	None	None	None	None	None	None	None	None	None	None	None	None	11
SRR35808611_ctg442|provirus_3721232_3760862_CDS_0044	24671	25048	+	SRR35808611_ctg442|provirus_3721232_3760862	62.1	00	No_PHROG	No_PHROG	No_PHROG	No_PHROG	No_PHROGs_HMM	No_PHROGs_HMM	No_PHROGs_HMM	No_custom_HMM	No_custom_HMM	No_custom_HMM	No_PHROG	ab initio prediction:Pyrodigal-gv:0.3.2	CDS	None	hypothetical protein	unknown function	None	None	None	None	None	None	None	None	None	None	None	None	None	None	None	None	None	None	None	11
SRR35808611_ctg442|provirus_3721232_3760862_CDS_0045	25251	25030	-	SRR35808611_ctg442|provirus_3721232_3760862	5.9	00	No_PHROG	No_PHROG	No_PHROG	No_PHROG	No_PHROGs_HMM	No_PHROGs_HMM	No_PHROGs_HMM	No_custom_HMM	No_custom_HMM	No_custom_HMM	No_PHROG	ab initio prediction:Pyrodigal-gv:0.3.2	CDS	None	hypothetical protein	unknown function	None	None	None	None	None	None	None	None	None	None	None	None	None	None	None	None	None	None	None	11
SRR35808611_ctg442|provirus_3721232_3760862_CDS_0046	25525	27285	+	SRR35808611_ctg442|provirus_3721232_3760862	116.6	00	No_PHROG	No_PHROG	No_PHROG	No_PHROG	No_PHROGs_HMM	No_PHROGs_HMM	No_PHROGs_HMM	No_custom_HMM	No_custom_HMM	No_custom_HMM	No_PHROG	ab initio prediction:Pyrodigal-gv:0.3.2	CDS	None	hypothetical protein	unknown function	None	None	None	None	None	None	None	None	None	None	None	None	None	None	None	None	None	None	None	11
SRR35808611_ctg442|provirus_3721232_3760862_CDS_0047	27351	28007	+	SRR35808611_ctg442|provirus_3721232_3760862	103.8	00	No_PHROG	No_PHROG	No_PHROG	No_PHROG	No_PHROGs_HMM	No_PHROGs_HMM	No_PHROGs_HMM	No_custom_HMM	No_custom_HMM	No_custom_HMM	No_PHROG	ab initio prediction:Pyrodigal-gv:0.3.2	CDS	None	hypothetical protein	unknown function	None	None	None	None	None	None	None	None	None	None	None	None	None	None	None	None	None	None	None	11
SRR35808611_ctg442|provirus_3721232_3760862_CDS_0048	28004	28513	+	SRR35808611_ctg442|provirus_3721232_3760862	93.5	00	No_PHROG	No_PHROG	No_PHROG	No_PHROG	No_PHROGs_HMM	No_PHROGs_HMM	No_PHROGs_HMM	No_custom_HMM	No_custom_HMM	No_custom_HMM	No_PHROG	ab initio prediction:Pyrodigal-gv:0.3.2	CDS	None	hypothetical protein	unknown function	None	None	None	None	None	None	None	None	None	None	None	None	None	None	None	None	None	None	None	11
SRR35808611_ctg442|provirus_3721232_3760862_CDS_0049	28510	28977	+	SRR35808611_ctg442|provirus_3721232_3760862	76.5	00	No_PHROG	No_PHROG	No_PHROG	No_PHROG	No_PHROGs_HMM	No_PHROGs_HMM	No_PHROGs_HMM	No_custom_HMM	No_custom_HMM	No_custom_HMM	No_PHROG	ab initio prediction:Pyrodigal-gv:0.3.2	CDS	None	hypothetical protein	unknown function	None	None	None	None	None	None	None	None	None	None	None	None	None	None	None	None	None	None	None	11
SRR35808611_ctg442|provirus_3721232_3760862_CDS_0050	29003	29185	+	SRR35808611_ctg442|provirus_3721232_3760862	33.9	00	3357	40.0	0.387	5.754e-07	No_PHROGs_HMM	No_PHROGs_HMM	No_PHROGs_HMM	No_custom_HMM	No_custom_HMM	No_custom_HMM	3357	ab initio prediction:Pyrodigal-gv:0.3.2	CDS	#c9c9c9	hypothetical protein	unknown function	None	None	None	None	None	None	None	None	None	None	None	None	None	None	None	None	None	None	None	11
SRR35808611_ctg442|provirus_3721232_3760862_CDS_0051	29222	29974	+	SRR35808611_ctg442|provirus_3721232_3760862	184.1	00	807	110.0	0.3	3.03e-28	No_PHROGs_HMM	No_PHROGs_HMM	No_PHROGs_HMM	No_custom_HMM	No_custom_HMM	No_custom_HMM	807	ab initio prediction:Pyrodigal-gv:0.3.2	CDS	#07e9a2	major tail protein with Ig-like domain	tail	None	None	None	None	None	None	None	None	None	None	None	None	None	None	None	None	None	None	None	11
SRR35808611_ctg442|provirus_3721232_3760862_CDS_0052	29980	30465	+	SRR35808611_ctg442|provirus_3721232_3760862	74.0	00	1442	80.0	0.32	8.966000000000001e-20	No_PHROGs_HMM	No_PHROGs_HMM	No_PHROGs_HMM	No_custom_HMM	No_custom_HMM	No_custom_HMM	1442	ab initio prediction:Pyrodigal-gv:0.3.2	CDS	#07e9a2	tail assembly chaperone	tail	None	None	None	None	None	None	None	None	None	None	None	None	None	None	None	None	None	None	None	11
SRR35808611_ctg442|provirus_3721232_3760862_CDS_0053	30543	30650	+	SRR35808611_ctg442|provirus_3721232_3760862	4.0	00	No_PHROG	No_PHROG	No_PHROG	No_PHROG	No_PHROGs_HMM	No_PHROGs_HMM	No_PHROGs_HMM	No_custom_HMM	No_custom_HMM	No_custom_HMM	No_PHROG	ab initio prediction:Pyrodigal-gv:0.3.2	CDS	None	hypothetical protein	unknown function	None	None	None	None	None	None	None	None	None	None	None	None	None	None	None	None	None	None	None	11
SRR35808611_ctg442|provirus_3721232_3760862_CDS_0054	30655	33903	+	SRR35808611_ctg442|provirus_3721232_3760862	616.1	00	18891	133.0	0.371	1.462e-32	No_PHROGs_HMM	No_PHROGs_HMM	No_PHROGs_HMM	No_custom_HMM	No_custom_HMM	No_custom_HMM	18891	ab initio prediction:Pyrodigal-gv:0.3.2	CDS	#07e9a2	tail length tape measure protein	tail	None	None	None	None	None	None	None	None	None	None	None	None	None	None	None	None	None	None	None	11
SRR35808611_ctg442|provirus_3721232_3760862_CDS_0055	33914	34318	+	SRR35808611_ctg442|provirus_3721232_3760862	73.7	00	384	77.0	0.383	1.943e-18	No_PHROGs_HMM	No_PHROGs_HMM	No_PHROGs_HMM	No_custom_HMM	No_custom_HMM	No_custom_HMM	384	ab initio prediction:Pyrodigal-gv:0.3.2	CDS	#3e83f6	virion structural protein	head and packaging	None	None	None	None	None	None	None	None	None	None	None	None	None	None	None	None	None	None	None	11
SRR35808611_ctg442|provirus_3721232_3760862_CDS_0056	34320	34832	+	SRR35808611_ctg442|provirus_3721232_3760862	97.6	00	396	89.0	0.344	1.3979999999999998e-22	No_PHROGs_HMM	No_PHROGs_HMM	No_PHROGs_HMM	No_custom_HMM	No_custom_HMM	No_custom_HMM	396	ab initio prediction:Pyrodigal-gv:0.3.2	CDS	#07e9a2	minor tail protein	tail	None	None	None	None	None	None	None	None	None	None	None	None	None	None	None	None	None	None	None	11
SRR35808611_ctg442|provirus_3721232_3760862_CDS_0057	34829	35245	+	SRR35808611_ctg442|provirus_3721232_3760862	62.4	00	329	65.0	0.335	1.746e-14	No_PHROGs_HMM	No_PHROGs_HMM	No_PHROGs_HMM	No_custom_HMM	No_custom_HMM	No_custom_HMM	329	ab initio prediction:Pyrodigal-gv:0.3.2	CDS	#07e9a2	minor tail protein	tail	None	None	None	None	None	None	None	None	None	None	None	None	None	None	None	None	None	None	None	11
SRR35808611_ctg442|provirus_3721232_3760862_CDS_0058	35242	38526	+	SRR35808611_ctg442|provirus_3721232_3760862	544.5	00	31	331.0	0.257	1.348e-92	No_PHROGs_HMM	No_PHROGs_HMM	No_PHROGs_HMM	No_custom_HMM	No_custom_HMM	No_custom_HMM	31	ab initio prediction:Pyrodigal-gv:0.3.2	CDS	#07e9a2	central tail fiber J	tail	None	None	None	None	None	None	None	None	None	None	None	None	None	None	None	None	None	None	None	11
SRR35808611_ctg442|provirus_3721232_3760862_CDS_0059	38523	38807	+	SRR35808611_ctg442|provirus_3721232_3760862	39.4	00	No_PHROG	No_PHROG	No_PHROG	No_PHROG	No_PHROGs_HMM	No_PHROGs_HMM	No_PHROGs_HMM	No_custom_HMM	No_custom_HMM	No_custom_HMM	No_PHROG	ab initio prediction:Pyrodigal-gv:0.3.2	CDS	None	hypothetical protein	unknown function	None	None	None	None	None	None	None	None	None	None	None	None	None	None	None	None	None	None	None	11
SRR35808611_ctg442|provirus_3721232_3760862_CDS_0060	38804	39631	+	SRR35808611_ctg442|provirus_3721232_3760862	55.9	00	No_PHROG	No_PHROG	No_PHROG	No_PHROG	No_PHROGs_HMM	No_PHROGs_HMM	No_PHROGs_HMM	No_custom_HMM	No_custom_HMM	No_custom_HMM	No_PHROG	ab initio prediction:Pyrodigal-gv:0.3.2	CDS	None	hypothetical protein	unknown function	None	None	None	None	None	None	None	None	None	None	None	None	None	None	None	None	None	None	None	11
SRR35808611_ctg442|provirus_4085068_4130200_CDS_0001	213	1	-	SRR35808611_ctg442|provirus_4085068_4130200	20.6	00	No_PHROG	No_PHROG	No_PHROG	No_PHROG	No_PHROGs_HMM	No_PHROGs_HMM	No_PHROGs_HMM	No_custom_HMM	No_custom_HMM	No_custom_HMM	No_PHROG	ab initio prediction:Pyrodigal-gv:0.3.2	CDS	None	hypothetical protein	unknown function	None	None	None	None	None	None	None	None	None	None	None	None	None	None	None	None	None	None	None	11
SRR35808611_ctg442|provirus_4085068_4130200_CDS_0002	1089	442	-	SRR35808611_ctg442|provirus_4085068_4130200	95.9	00	181	162.0	0.455	7.436999999999999e-47	No_PHROGs_HMM	No_PHROGs_HMM	No_PHROGs_HMM	No_custom_HMM	No_custom_HMM	No_custom_HMM	181	ab initio prediction:Pyrodigal-gv:0.3.2	CDS	#f35f49	endolysin	lysis	None	None	None	None	None	None	None	None	None	None	None	None	None	None	None	None	None	None	None	11
SRR35808611_ctg442|provirus_4085068_4130200_CDS_0003	1334	1086	-	SRR35808611_ctg442|provirus_4085068_4130200	34.4	00	No_PHROG	No_PHROG	No_PHROG	No_PHROG	No_PHROGs_HMM	No_PHROGs_HMM	No_PHROGs_HMM	No_custom_HMM	No_custom_HMM	No_custom_HMM	No_PHROG	ab initio prediction:Pyrodigal-gv:0.3.2	CDS	None	hypothetical protein	unknown function	None	None	None	None	None	None	None	None	None	None	None	None	None	None	None	None	None	None	None	11
SRR35808611_ctg442|provirus_4085068_4130200_CDS_0004	1699	1334	-	SRR35808611_ctg442|provirus_4085068_4130200	57.7	00	No_PHROG	No_PHROG	No_PHROG	No_PHROG	No_PHROGs_HMM	No_PHROGs_HMM	No_PHROGs_HMM	No_custom_HMM	No_custom_HMM	No_custom_HMM	No_PHROG	ab initio prediction:Pyrodigal-gv:0.3.2	CDS	None	hypothetical protein	unknown function	None	None	None	None	None	None	None	None	None	None	None	None	None	None	None	None	None	None	None	11
SRR35808611_ctg442|provirus_4085068_4130200_CDS_0005	2292	1762	-	SRR35808611_ctg442|provirus_4085068_4130200	90.3	00	2837	74.0	0.274	4.126e-17	No_PHROGs_HMM	No_PHROGs_HMM	No_PHROGs_HMM	No_custom_HMM	No_custom_HMM	No_custom_HMM	2837	ab initio prediction:Pyrodigal-gv:0.3.2	CDS	#07e9a2	tail protein	tail	None	None	None	None	None	None	None	None	None	None	None	None	None	None	None	None	None	None	None	11
SRR35808611_ctg442|provirus_4085068_4130200_CDS_0006	3013	2294	-	SRR35808611_ctg442|provirus_4085068_4130200	63.1	00	2282	61.0	0.327	2.107e-11	No_PHROGs_HMM	No_PHROGs_HMM	No_PHROGs_HMM	No_custom_HMM	No_custom_HMM	No_custom_HMM	2282	ab initio prediction:Pyrodigal-gv:0.3.2	CDS	#07e9a2	tail fiber protein	tail	None	None	None	None	None	None	None	None	None	None	None	None	None	None	None	None	None	None	None	11
SRR35808611_ctg442|provirus_4085068_4130200_CDS_0007	3703	3014	-	SRR35808611_ctg442|provirus_4085068_4130200	98.8	00	587	141.0	0.419	4.5099999999999995e-39	No_PHROGs_HMM	No_PHROGs_HMM	No_PHROGs_HMM	No_custom_HMM	No_custom_HMM	No_custom_HMM	587	ab initio prediction:Pyrodigal-gv:0.3.2	CDS	#3e83f6	structural protein	head and packaging	None	None	None	None	None	None	None	None	None	None	None	None	None	None	None	None	None	None	None	11
SRR35808611_ctg442|provirus_4085068_4130200_CDS_0008	4884	3706	-	SRR35808611_ctg442|provirus_4085068_4130200	230.1	00	6	136.0	0.232	5.908e-35	No_PHROGs_HMM	No_PHROGs_HMM	No_PHROGs_HMM	No_custom_HMM	No_custom_HMM	No_custom_HMM	6	ab initio prediction:Pyrodigal-gv:0.3.2	CDS	#07e9a2	baseplate wedge subunit	tail	None	None	None	None	None	None	None	None	None	None	None	None	None	None	None	None	None	None	None	11
SRR35808611_ctg442|provirus_4085068_4130200_CDS_0009	5239	4886	-	SRR35808611_ctg442|provirus_4085068_4130200	61.9	00	120	73.0	0.36	1.074e-17	No_PHROGs_HMM	No_PHROGs_HMM	No_PHROGs_HMM	No_custom_HMM	No_custom_HMM	No_custom_HMM	120	ab initio prediction:Pyrodigal-gv:0.3.2	CDS	#07e9a2	baseplate wedge subunit	tail	None	None	None	None	None	None	None	None	None	None	None	None	None	None	None	None	None	None	None	11
SRR35808611_ctg442|provirus_4085068_4130200_CDS_0010	5910	5242	-	SRR35808611_ctg442|provirus_4085068_4130200	132.7	00	11	92.0	0.351	2.741e-22	No_PHROGs_HMM	No_PHROGs_HMM	No_PHROGs_HMM	No_custom_HMM	No_custom_HMM	No_custom_HMM	11	ab initio prediction:Pyrodigal-gv:0.3.2	CDS	#07e9a2	baseplate spike	tail	None	None	None	None	None	None	None	None	None	None	None	None	None	None	None	None	None	None	None	11
SRR35808611_ctg442|provirus_4085068_4130200_CDS_0011	6890	5910	-	SRR35808611_ctg442|provirus_4085068_4130200	187.1	00	20677	127.0	0.307	2.2330000000000002e-31	No_PHROGs_HMM	No_PHROGs_HMM	No_PHROGs_HMM	No_custom_HMM	No_custom_HMM	No_custom_HMM	20677	ab initio prediction:Pyrodigal-gv:0.3.2	CDS	#c9c9c9	hypothetical protein	unknown function	None	None	None	None	None	None	None	None	None	None	None	None	None	None	None	None	None	None	None	11
SRR35808611_ctg442|provirus_4085068_4130200_CDS_0012	7819	6887	-	SRR35808611_ctg442|provirus_4085068_4130200	183.3	00	817	115.0	0.425	2.1880000000000003e-31	No_PHROGs_HMM	No_PHROGs_HMM	No_PHROGs_HMM	No_custom_HMM	No_custom_HMM	No_custom_HMM	817	ab initio prediction:Pyrodigal-gv:0.3.2	CDS	#07e9a2	tail fiber protein	tail	None	None	None	None	None	None	None	None	None	None	None	None	None	None	None	None	None	None	None	11
SRR35808611_ctg442|provirus_4085068_4130200_CDS_0013	9306	7819	-	SRR35808611_ctg442|provirus_4085068_4130200	280.2	00	30077	178.0	0.4	1.478e-47	No_PHROGs_HMM	No_PHROGs_HMM	No_PHROGs_HMM	No_custom_HMM	No_custom_HMM	No_custom_HMM	30077	ab initio prediction:Pyrodigal-gv:0.3.2	CDS	#c9c9c9	hypothetical protein	unknown function	None	None	None	None	None	None	None	None	None	None	None	None	None	None	None	None	None	None	None	11
SRR35808611_ctg442|provirus_4085068_4130200_CDS_0014	9454	9299	-	SRR35808611_ctg442|provirus_4085068_4130200	4.0	00	4364	41.0	0.554	1.092e-07	No_PHROGs_HMM	No_PHROGs_HMM	No_PHROGs_HMM	No_custom_HMM	No_custom_HMM	No_custom_HMM	4364	ab initio prediction:Pyrodigal-gv:0.3.2	CDS	#c9c9c9	hypothetical protein	unknown function	None	None	None	None	None	None	None	None	None	None	None	None	None	None	None	None	None	None	None	11
SRR35808611_ctg442|provirus_4085068_4130200_CDS_0015	9921	9478	-	SRR35808611_ctg442|provirus_4085068_4130200	83.9	00	1688	85.0	0.37	8.66e-21	No_PHROGs_HMM	No_PHROGs_HMM	No_PHROGs_HMM	No_custom_HMM	No_custom_HMM	No_custom_HMM	1688	ab initio prediction:Pyrodigal-gv:0.3.2	CDS	#07e9a2	tail assembly chaperone	tail	None	None	None	None	None	None	None	None	None	None	None	None	None	None	None	None	None	None	None	11
SRR35808611_ctg442|provirus_4085068_4130200_CDS_0016	10369	9929	-	SRR35808611_ctg442|provirus_4085068_4130200	115.3	00	280	98.0	0.395	6.577000000000001e-26	No_PHROGs_HMM	No_PHROGs_HMM	No_PHROGs_HMM	No_custom_HMM	No_custom_HMM	No_custom_HMM	280	ab initio prediction:Pyrodigal-gv:0.3.2	CDS	#3e83f6	virion structural protein	head and packaging	None	None	None	None	None	None	None	None	None	None	None	None	None	None	None	None	None	None	None	11
SRR35808611_ctg442|provirus_4085068_4130200_CDS_0017	11867	10380	-	SRR35808611_ctg442|provirus_4085068_4130200	320.5	00	205	241.0	0.316	7.227e-70	No_PHROGs_HMM	No_PHROGs_HMM	No_PHROGs_HMM	No_custom_HMM	No_custom_HMM	No_custom_HMM	205	ab initio prediction:Pyrodigal-gv:0.3.2	CDS	#07e9a2	tail sheath	tail	None	None	None	None	None	None	None	None	None	None	None	None	None	None	None	None	None	None	None	11
SRR35808611_ctg442|provirus_4085068_4130200_CDS_0018	12432	11878	-	SRR35808611_ctg442|provirus_4085068_4130200	75.3	00	1973	182.0	0.524	4.313e-54	No_PHROGs_HMM	No_PHROGs_HMM	No_PHROGs_HMM	No_custom_HMM	No_custom_HMM	No_custom_HMM	1973	ab initio prediction:Pyrodigal-gv:0.3.2	CDS	#c9c9c9	hypothetical protein	unknown function	None	None	None	None	None	None	None	None	None	None	None	None	None	None	None	None	None	None	None	11
SRR35808611_ctg442|provirus_4085068_4130200_CDS_0019	12811	12437	-	SRR35808611_ctg442|provirus_4085068_4130200	62.5	00	939	76.0	0.367	1.008e-18	No_PHROGs_HMM	No_PHROGs_HMM	No_PHROGs_HMM	No_custom_HMM	No_custom_HMM	No_custom_HMM	939	ab initio prediction:Pyrodigal-gv:0.3.2	CDS	#3e83f6	head protein	head and packaging	None	None	None	None	None	None	None	None	None	None	None	None	None	None	None	None	None	None	None	11
SRR35808611_ctg442|provirus_4085068_4130200_CDS_0020	13320	12808	-	SRR35808611_ctg442|provirus_4085068_4130200	56.1	00	222	102.0	0.359	8.488e-27	No_PHROGs_HMM	No_PHROGs_HMM	No_PHROGs_HMM	No_custom_HMM	No_custom_HMM	No_custom_HMM	222	ab initio prediction:Pyrodigal-gv:0.3.2	CDS	#35d7ff	tail completion or Neck1 protein	connector	None	None	None	None	None	None	None	None	None	None	None	None	None	None	None	None	None	None	None	11
SRR35808611_ctg442|provirus_4085068_4130200_CDS_0021	13733	13350	-	SRR35808611_ctg442|provirus_4085068_4130200	59.7	00	302	66.0	0.33	3.204e-15	No_PHROGs_HMM	No_PHROGs_HMM	No_PHROGs_HMM	No_custom_HMM	No_custom_HMM	No_custom_HMM	302	ab initio prediction:Pyrodigal-gv:0.3.2	CDS	#3e83f6	virion structural protein	head and packaging	None	None	None	None	None	None	None	None	None	None	None	None	None	None	None	None	None	None	None	11
SRR35808611_ctg442|provirus_4085068_4130200_CDS_0022	14056	13733	-	SRR35808611_ctg442|provirus_4085068_4130200	52.9	00	No_PHROG	No_PHROG	No_PHROG	No_PHROG	No_PHROGs_HMM	No_PHROGs_HMM	No_PHROGs_HMM	No_custom_HMM	No_custom_HMM	No_custom_HMM	No_PHROG	ab initio prediction:Pyrodigal-gv:0.3.2	CDS	None	hypothetical protein	unknown function	None	None	None	None	None	None	None	None	None	None	None	None	None	None	None	None	None	None	None	11
SRR35808611_ctg442|provirus_4085068_4130200_CDS_0023	15128	14067	-	SRR35808611_ctg442|provirus_4085068_4130200	219.4	00	264	152.0	0.307	1.429e-41	No_PHROGs_HMM	No_PHROGs_HMM	No_PHROGs_HMM	No_custom_HMM	No_custom_HMM	No_custom_HMM	264	ab initio prediction:Pyrodigal-gv:0.3.2	CDS	#3e83f6	major head protein	head and packaging	None	None	None	None	None	None	None	None	None	None	None	None	None	None	None	None	None	None	None	11
SRR35808611_ctg442|provirus_4085068_4130200_CDS_0024	15634	15143	-	SRR35808611_ctg442|provirus_4085068_4130200	104.3	00	563	83.0	0.321	1.7780000000000003e-20	No_PHROGs_HMM	No_PHROGs_HMM	No_PHROGs_HMM	No_custom_HMM	No_custom_HMM	No_custom_HMM	563	ab initio prediction:Pyrodigal-gv:0.3.2	CDS	#3e83f6	virion structural protein	head and packaging	None	None	None	None	None	None	None	None	None	None	None	None	None	None	None	None	None	None	None	11
SRR35808611_ctg442|provirus_4085068_4130200_CDS_0025	16958	15651	-	SRR35808611_ctg442|provirus_4085068_4130200	231.1	00	1961	341.0	0.447	1.16e-104	No_PHROGs_HMM	No_PHROGs_HMM	No_PHROGs_HMM	No_custom_HMM	No_custom_HMM	No_custom_HMM	1961	ab initio prediction:Pyrodigal-gv:0.3.2	CDS	#c9c9c9	hypothetical protein	unknown function	None	None	None	None	None	None	None	None	None	None	None	None	None	None	None	None	None	None	None	11
SRR35808611_ctg442|provirus_4085068_4130200_CDS_0026	19458	17005	-	SRR35808611_ctg442|provirus_4085068_4130200	179.9	00	20877	53.0	0.355	2.023e-08	No_PHROGs_HMM	No_PHROGs_HMM	No_PHROGs_HMM	No_custom_HMM	No_custom_HMM	No_custom_HMM	20877	ab initio prediction:Pyrodigal-gv:0.3.2	CDS	#c9c9c9	hypothetical protein	unknown function	None	None	None	None	None	None	None	None	None	None	None	None	None	None	None	None	None	None	None	11
SRR35808611_ctg442|provirus_4085068_4130200_CDS_0027	20122	19469	-	SRR35808611_ctg442|provirus_4085068_4130200	79.8	00	324	146.0	0.417	2.147e-40	No_PHROGs_HMM	No_PHROGs_HMM	No_PHROGs_HMM	No_custom_HMM	No_custom_HMM	No_custom_HMM	324	ab initio prediction:Pyrodigal-gv:0.3.2	CDS	#3e83f6	head morphogenesis	head and packaging	None	None	None	None	None	None	None	None	None	None	None	None	None	None	None	None	None	None	None	11
SRR35808611_ctg442|provirus_4085068_4130200_CDS_0028	21656	20148	-	SRR35808611_ctg442|provirus_4085068_4130200	252.2	00	12751	349.0	0.551	1.081e-108	No_PHROGs_HMM	No_PHROGs_HMM	No_PHROGs_HMM	No_custom_HMM	No_custom_HMM	No_custom_HMM	12751	ab initio prediction:Pyrodigal-gv:0.3.2	CDS	#c9c9c9	hypothetical protein	unknown function	None	None	None	None	None	None	None	None	None	None	None	None	None	None	None	None	None	None	None	11
SRR35808611_ctg442|provirus_4085068_4130200_CDS_0029	23122	21662	-	SRR35808611_ctg442|provirus_4085068_4130200	266.6	00	38	376.0	0.443	9.281000000000001e-116	No_PHROGs_HMM	No_PHROGs_HMM	No_PHROGs_HMM	No_custom_HMM	No_custom_HMM	No_custom_HMM	38	ab initio prediction:Pyrodigal-gv:0.3.2	CDS	#3e83f6	terminase large subunit	head and packaging	None	None	None	None	None	None	None	None	None	None	None	None	None	None	None	None	None	None	None	11
SRR35808611_ctg442|provirus_4085068_4130200_CDS_0030	23679	23125	-	SRR35808611_ctg442|provirus_4085068_4130200	102.1	00	51	71.0	0.502	1.783e-16	No_PHROGs_HMM	No_PHROGs_HMM	No_PHROGs_HMM	No_custom_HMM	No_custom_HMM	No_custom_HMM	51	ab initio prediction:Pyrodigal-gv:0.3.2	CDS	#3e83f6	terminase small subunit	head and packaging	None	None	None	None	None	None	None	None	None	None	None	None	None	None	None	None	None	None	None	11
SRR35808611_ctg442|provirus_4085068_4130200_CDS_0031	24458	23883	-	SRR35808611_ctg442|provirus_4085068_4130200	62.5	00	No_PHROG	No_PHROG	No_PHROG	No_PHROG	No_PHROGs_HMM	No_PHROGs_HMM	No_PHROGs_HMM	No_custom_HMM	No_custom_HMM	No_custom_HMM	No_PHROG	ab initio prediction:Pyrodigal-gv:0.3.2	CDS	None	hypothetical protein	unknown function	None	None	None	None	None	None	None	None	None	None	None	None	None	None	None	None	None	None	None	11
SRR35808611_ctg442|provirus_4085068_4130200_CDS_0032	24886	24458	-	SRR35808611_ctg442|provirus_4085068_4130200	46.8	00	140	130.0	0.491	6.4889999999999995e-37	No_PHROGs_HMM	No_PHROGs_HMM	No_PHROGs_HMM	No_custom_HMM	No_custom_HMM	No_custom_HMM	140	ab initio prediction:Pyrodigal-gv:0.3.2	CDS	#ffdf59	RusA-like Holliday junction resolvase	DNA, RNA and nucleotide metabolism	None	None	None	None	None	None	None	None	None	None	None	None	None	None	None	None	None	None	None	11
SRR35808611_ctg442|provirus_4085068_4130200_CDS_0033	26499	25108	-	SRR35808611_ctg442|provirus_4085068_4130200	230.7	00	19	320.0	0.425	1.468e-97	No_PHROGs_HMM	No_PHROGs_HMM	No_PHROGs_HMM	No_custom_HMM	No_custom_HMM	No_custom_HMM	19	ab initio prediction:Pyrodigal-gv:0.3.2	CDS	#ffdf59	DnaB-like replicative helicase	DNA, RNA and nucleotide metabolism	None	None	None	None	None	None	None	None	None	None	None	None	None	None	None	None	None	None	None	11
SRR35808611_ctg442|provirus_4085068_4130200_CDS_0034	27325	26489	-	SRR35808611_ctg442|provirus_4085068_4130200	61.7	00	2509	122.0	0.454	2.938e-32	No_PHROGs_HMM	No_PHROGs_HMM	No_PHROGs_HMM	No_custom_HMM	No_custom_HMM	No_custom_HMM	2509	ab initio prediction:Pyrodigal-gv:0.3.2	CDS	#ffdf59	replication initiation protein	DNA, RNA and nucleotide metabolism	None	None	None	None	None	None	None	None	None	None	None	None	None	None	None	None	None	None	None	11
SRR35808611_ctg442|provirus_4085068_4130200_CDS_0035	27441	27325	-	SRR35808611_ctg442|provirus_4085068_4130200	3.9	00	No_PHROG	No_PHROG	No_PHROG	No_PHROG	No_PHROGs_HMM	No_PHROGs_HMM	No_PHROGs_HMM	No_custom_HMM	No_custom_HMM	No_custom_HMM	No_PHROG	ab initio prediction:Pyrodigal-gv:0.3.2	CDS	None	hypothetical protein	unknown function	None	None	None	None	None	None	None	None	None	None	None	None	None	None	None	None	None	None	None	11
SRR35808611_ctg442|provirus_4085068_4130200_CDS_0036	29981	27438	-	SRR35808611_ctg442|provirus_4085068_4130200	462.7	00	67	89.0	0.214	4.002e-21	No_PHROGs_HMM	No_PHROGs_HMM	No_PHROGs_HMM	No_custom_HMM	No_custom_HMM	No_custom_HMM	67	ab initio prediction:Pyrodigal-gv:0.3.2	CDS	#838383	DNA methyltransferase	other	None	None	None	None	None	None	None	None	None	None	None	None	None	None	None	None	None	None	None	11
SRR35808611_ctg442|provirus_4085068_4130200_CDS_0037	30106	29978	-	SRR35808611_ctg442|provirus_4085068_4130200	14.1	00	No_PHROG	No_PHROG	No_PHROG	No_PHROG	No_PHROGs_HMM	No_PHROGs_HMM	No_PHROGs_HMM	No_custom_HMM	No_custom_HMM	No_custom_HMM	No_PHROG	ab initio prediction:Pyrodigal-gv:0.3.2	CDS	None	hypothetical protein	unknown function	None	None	None	None	None	None	None	None	None	None	None	None	None	None	None	None	None	None	None	11
SRR35808611_ctg442|provirus_4085068_4130200_CDS_0038	30459	30103	-	SRR35808611_ctg442|provirus_4085068_4130200	17.4	00	No_PHROG	No_PHROG	No_PHROG	No_PHROG	No_PHROGs_HMM	No_PHROGs_HMM	No_PHROGs_HMM	No_custom_HMM	No_custom_HMM	No_custom_HMM	No_PHROG	ab initio prediction:Pyrodigal-gv:0.3.2	CDS	None	hypothetical protein	unknown function	None	None	None	None	None	None	None	None	None	None	None	None	None	None	None	None	None	None	None	11
SRR35808611_ctg442|provirus_4085068_4130200_CDS_0039	30901	30668	-	SRR35808611_ctg442|provirus_4085068_4130200	26.1	00	No_PHROG	No_PHROG	No_PHROG	No_PHROG	No_PHROGs_HMM	No_PHROGs_HMM	No_PHROGs_HMM	No_custom_HMM	No_custom_HMM	No_custom_HMM	No_PHROG	ab initio prediction:Pyrodigal-gv:0.3.2	CDS	None	hypothetical protein	unknown function	None	None	None	None	None	None	None	None	None	None	None	None	None	None	None	None	None	None	None	11
SRR35808611_ctg442|provirus_4085068_4130200_CDS_0040	31021	31656	+	SRR35808611_ctg442|provirus_4085068_4130200	26.4	00	4	94.0	0.295	1.1669999999999999e-23	No_PHROGs_HMM	No_PHROGs_HMM	No_PHROGs_HMM	No_custom_HMM	No_custom_HMM	No_custom_HMM	4	ab initio prediction:Pyrodigal-gv:0.3.2	CDS	#a861e3	transcriptional repressor	transcription regulation	None	None	None	None	None	None	None	None	None	None	None	None	None	None	None	None	None	None	None	11
SRR35808611_ctg442|provirus_4085068_4130200_CDS_0041	31701	31907	+	SRR35808611_ctg442|provirus_4085068_4130200	17.8	00	No_PHROG	No_PHROG	No_PHROG	No_PHROG	No_PHROGs_HMM	No_PHROGs_HMM	No_PHROGs_HMM	No_custom_HMM	No_custom_HMM	No_custom_HMM	No_PHROG	ab initio prediction:Pyrodigal-gv:0.3.2	CDS	None	hypothetical protein	unknown function	None	None	None	None	None	None	None	None	None	None	None	None	None	None	None	None	None	None	None	11
SRR35808611_ctg442|provirus_4085068_4130200_CDS_0042	31910	32326	+	SRR35808611_ctg442|provirus_4085068_4130200	24.6	00	8809	126.0	0.517	1.731e-35	No_PHROGs_HMM	No_PHROGs_HMM	No_PHROGs_HMM	No_custom_HMM	No_custom_HMM	No_custom_HMM	8809	ab initio prediction:Pyrodigal-gv:0.3.2	CDS	#c9c9c9	hypothetical protein	unknown function	None	None	None	None	None	None	None	None	None	None	None	None	None	None	None	None	None	None	None	11
SRR35808611_ctg442|provirus_4085068_4130200_CDS_0043	32323	32550	+	SRR35808611_ctg442|provirus_4085068_4130200	28.6	00	No_PHROG	No_PHROG	No_PHROG	No_PHROG	No_PHROGs_HMM	No_PHROGs_HMM	No_PHROGs_HMM	No_custom_HMM	No_custom_HMM	No_custom_HMM	No_PHROG	ab initio prediction:Pyrodigal-gv:0.3.2	CDS	None	hypothetical protein	unknown function	None	None	None	None	None	None	None	None	None	None	None	None	None	None	None	None	None	None	None	11
SRR35808611_ctg442|provirus_4085068_4130200_CDS_0044	32878	32615	-	SRR35808611_ctg442|provirus_4085068_4130200	15.2	00	No_PHROG	No_PHROG	No_PHROG	No_PHROG	No_PHROGs_HMM	No_PHROGs_HMM	No_PHROGs_HMM	No_custom_HMM	No_custom_HMM	No_custom_HMM	No_PHROG	ab initio prediction:Pyrodigal-gv:0.3.2	CDS	None	hypothetical protein	unknown function	None	None	None	None	None	None	None	None	None	None	None	None	None	None	None	None	None	None	None	11
SRR35808611_ctg442|provirus_4085068_4130200_CDS_0045	33175	33510	+	SRR35808611_ctg442|provirus_4085068_4130200	71.6	00	No_PHROG	No_PHROG	No_PHROG	No_PHROG	No_PHROGs_HMM	No_PHROGs_HMM	No_PHROGs_HMM	No_custom_HMM	No_custom_HMM	No_custom_HMM	No_PHROG	ab initio prediction:Pyrodigal-gv:0.3.2	CDS	None	hypothetical protein	unknown function	None	None	None	None	None	None	None	None	None	None	None	None	None	None	None	None	None	None	None	11
SRR35808611_ctg442|provirus_4085068_4130200_CDS_0046	33507	33896	+	SRR35808611_ctg442|provirus_4085068_4130200	54.1	00	No_PHROG	No_PHROG	No_PHROG	No_PHROG	No_PHROGs_HMM	No_PHROGs_HMM	No_PHROGs_HMM	No_custom_HMM	No_custom_HMM	No_custom_HMM	No_PHROG	ab initio prediction:Pyrodigal-gv:0.3.2	CDS	None	hypothetical protein	unknown function	None	None	None	None	None	None	None	None	None	None	None	None	None	None	None	None	None	None	None	11
SRR35808611_ctg442|provirus_4085068_4130200_CDS_0047	33893	34009	+	SRR35808611_ctg442|provirus_4085068_4130200	9.3	00	No_PHROG	No_PHROG	No_PHROG	No_PHROG	No_PHROGs_HMM	No_PHROGs_HMM	No_PHROGs_HMM	No_custom_HMM	No_custom_HMM	No_custom_HMM	No_PHROG	ab initio prediction:Pyrodigal-gv:0.3.2	CDS	None	hypothetical protein	unknown function	None	None	None	None	None	None	None	None	None	None	None	None	None	None	None	None	None	None	None	11
SRR35808611_ctg442|provirus_4085068_4130200_CDS_0048	34009	34314	+	SRR35808611_ctg442|provirus_4085068_4130200	8.2	00	No_PHROG	No_PHROG	No_PHROG	No_PHROG	No_PHROGs_HMM	No_PHROGs_HMM	No_PHROGs_HMM	No_custom_HMM	No_custom_HMM	No_custom_HMM	No_PHROG	ab initio prediction:Pyrodigal-gv:0.3.2	CDS	None	hypothetical protein	unknown function	None	None	None	None	None	None	None	None	None	None	None	None	None	None	None	None	None	None	None	11
SRR35808611_ctg442|provirus_4085068_4130200_CDS_0049	34311	34424	+	SRR35808611_ctg442|provirus_4085068_4130200	16.2	00	No_PHROG	No_PHROG	No_PHROG	No_PHROG	No_PHROGs_HMM	No_PHROGs_HMM	No_PHROGs_HMM	No_custom_HMM	No_custom_HMM	No_custom_HMM	No_PHROG	ab initio prediction:Pyrodigal-gv:0.3.2	CDS	None	hypothetical protein	unknown function	None	None	None	None	None	None	None	None	None	None	None	None	None	None	None	None	None	None	None	11
SRR35808611_ctg442|provirus_4085068_4130200_CDS_0050	34417	34671	+	SRR35808611_ctg442|provirus_4085068_4130200	31.7	00	No_PHROG	No_PHROG	No_PHROG	No_PHROG	No_PHROGs_HMM	No_PHROGs_HMM	No_PHROGs_HMM	No_custom_HMM	No_custom_HMM	No_custom_HMM	No_PHROG	ab initio prediction:Pyrodigal-gv:0.3.2	CDS	None	hypothetical protein	unknown function	None	None	None	None	None	None	None	None	None	None	None	None	None	None	None	None	None	None	None	11
SRR35808611_ctg442|provirus_4085068_4130200_CDS_0051	34668	35489	+	SRR35808611_ctg442|provirus_4085068_4130200	145.7	00	69	52.0	0.19	7.724e-09	No_PHROGs_HMM	No_PHROGs_HMM	No_PHROGs_HMM	No_custom_HMM	No_custom_HMM	No_custom_HMM	69	ab initio prediction:Pyrodigal-gv:0.3.2	CDS	#ffdf59	exonuclease	DNA, RNA and nucleotide metabolism	None	None	None	None	None	None	None	None	None	None	None	None	None	None	None	None	None	None	None	11
SRR35808611_ctg442|provirus_4085068_4130200_CDS_0052	35501	36529	+	SRR35808611_ctg442|provirus_4085068_4130200	103.1	00	561	139.0	0.368	1.722e-37	No_PHROGs_HMM	No_PHROGs_HMM	No_PHROGs_HMM	No_custom_HMM	No_custom_HMM	No_custom_HMM	561	ab initio prediction:Pyrodigal-gv:0.3.2	CDS	#ffdf59	RecT-like ssDNA annealing protein	DNA, RNA and nucleotide metabolism	None	None	None	None	None	None	None	None	None	None	None	None	None	None	None	None	None	None	None	11
SRR35808611_ctg442|provirus_4085068_4130200_CDS_0053	36766	37452	+	SRR35808611_ctg442|provirus_4085068_4130200	120.3	00	6576	168.0	0.507	5.114e-48	No_PHROGs_HMM	No_PHROGs_HMM	No_PHROGs_HMM	No_custom_HMM	No_custom_HMM	No_custom_HMM	6576	ab initio prediction:Pyrodigal-gv:0.3.2	CDS	#c9c9c9	hypothetical protein	unknown function	None	None	None	None	None	None	None	None	None	None	None	None	None	None	None	None	None	None	None	11
SRR35808611_ctg442|provirus_4085068_4130200_CDS_0054	37457	39286	+	SRR35808611_ctg442|provirus_4085068_4130200	324.3	00	1499	53.0	0.269	4.69e-09	No_PHROGs_HMM	No_PHROGs_HMM	No_PHROGs_HMM	No_custom_HMM	No_custom_HMM	No_custom_HMM	1499	ab initio prediction:Pyrodigal-gv:0.3.2	CDS	#c9c9c9	hypothetical protein	unknown function	None	None	None	None	None	None	None	None	None	None	None	None	None	None	None	None	None	None	None	11
SRR35808611_ctg442|provirus_4085068_4130200_CDS_0055	39286	39942	+	SRR35808611_ctg442|provirus_4085068_4130200	23.2	00	38675	39.0	0.383	7.918e-06	No_PHROGs_HMM	No_PHROGs_HMM	No_PHROGs_HMM	No_custom_HMM	No_custom_HMM	No_custom_HMM	38675	ab initio prediction:Pyrodigal-gv:0.3.2	CDS	#c9c9c9	hypothetical protein	unknown function	None	None	None	None	None	None	None	None	None	None	None	None	None	None	None	None	None	None	None	11
SRR35808611_ctg442|provirus_4085068_4130200_CDS_0056	40217	42067	+	SRR35808611_ctg442|provirus_4085068_4130200	262.3	00	32684	358.0	0.745	8.326e-114	No_PHROGs_HMM	No_PHROGs_HMM	No_PHROGs_HMM	No_custom_HMM	No_custom_HMM	No_custom_HMM	32684	ab initio prediction:Pyrodigal-gv:0.3.2	CDS	#c9c9c9	hypothetical protein	unknown function	None	None	None	None	None	None	None	None	None	None	None	None	None	None	None	None	None	None	None	11
SRR35808611_ctg442|provirus_4085068_4130200_CDS_0057	42067	42504	+	SRR35808611_ctg442|provirus_4085068_4130200	62.9	00	No_PHROG	No_PHROG	No_PHROG	No_PHROG	No_PHROGs_HMM	No_PHROGs_HMM	No_PHROGs_HMM	No_custom_HMM	No_custom_HMM	No_custom_HMM	No_PHROG	ab initio prediction:Pyrodigal-gv:0.3.2	CDS	None	hypothetical protein	unknown function	None	None	None	None	None	None	None	None	None	None	None	None	None	None	None	None	None	None	None	11
SRR35808611_ctg442|provirus_4085068_4130200_CDS_0058	42501	43172	+	SRR35808611_ctg442|provirus_4085068_4130200	79.8	00	874	216.0	0.511	2.479e-64	No_PHROGs_HMM	No_PHROGs_HMM	No_PHROGs_HMM	No_custom_HMM	No_custom_HMM	No_custom_HMM	874	ab initio prediction:Pyrodigal-gv:0.3.2	CDS	#c9c9c9	hypothetical protein	unknown function	None	None	None	None	None	None	None	None	None	None	None	None	None	None	None	None	None	None	None	11
SRR35808611_ctg442|provirus_4085068_4130200_CDS_0059	43169	43339	+	SRR35808611_ctg442|provirus_4085068_4130200	-1.9	00	No_PHROG	No_PHROG	No_PHROG	No_PHROG	No_PHROGs_HMM	No_PHROGs_HMM	No_PHROGs_HMM	No_custom_HMM	No_custom_HMM	No_custom_HMM	No_PHROG	ab initio prediction:Pyrodigal-gv:0.3.2	CDS	None	hypothetical protein	unknown function	None	None	None	None	None	None	None	None	None	None	None	None	None	None	None	None	None	None	None	11
SRR35808611_ctg442|provirus_4085068_4130200_CDS_0060	43349	43795	+	SRR35808611_ctg442|provirus_4085068_4130200	90.5	00	17260	51.0	0.26	1.343e-09	No_PHROGs_HMM	No_PHROGs_HMM	No_PHROGs_HMM	No_custom_HMM	No_custom_HMM	No_custom_HMM	17260	ab initio prediction:Pyrodigal-gv:0.3.2	CDS	#c9c9c9	hypothetical protein	unknown function	None	None	None	None	None	None	None	None	None	None	None	None	None	None	None	None	None	None	None	11
SRR35808611_ctg442|provirus_4085068_4130200_CDS_0061	43795	44064	+	SRR35808611_ctg442|provirus_4085068_4130200	20.5	00	No_PHROG	No_PHROG	No_PHROG	No_PHROG	No_PHROGs_HMM	No_PHROGs_HMM	No_PHROGs_HMM	No_custom_HMM	No_custom_HMM	No_custom_HMM	No_PHROG	ab initio prediction:Pyrodigal-gv:0.3.2	CDS	None	hypothetical protein	unknown function	None	None	None	None	None	None	None	None	None	None	None	None	None	None	None	None	None	None	None	11
SRR35808611_ctg442|provirus_4085068_4130200_CDS_0062	44066	45133	+	SRR35808611_ctg442|provirus_4085068_4130200	173.4	00	1	85.0	0.217	4.472e-19	No_PHROGs_HMM	No_PHROGs_HMM	No_PHROGs_HMM	No_custom_HMM	No_custom_HMM	No_custom_HMM	1	ab initio prediction:Pyrodigal-gv:0.3.2	CDS	#fea328	integrase	integration and excision	None	None	None	None	None	None	None	None	None	None	None	None	None	None	None	None	None	None	None	11
SRR35808611_ctg514|provirus_397177_435424_CDS_0001	1	1221	+	SRR35808611_ctg514|provirus_397177_435424	113.1	10	3423	136.0	0.399	9.391e-38	No_PHROGs_HMM	No_PHROGs_HMM	No_PHROGs_HMM	No_custom_HMM	No_custom_HMM	No_custom_HMM	3423	ab initio prediction:Pyrodigal-gv:0.3.2	CDS	#c9c9c9	hypothetical protein	unknown function	None	None	None	None	None	None	None	None	None	None	None	None	None	None	None	None	None	None	None	11
SRR35808611_ctg514|provirus_397177_435424_CDS_0002	1377	1634	+	SRR35808611_ctg514|provirus_397177_435424	27.4	00	No_PHROG	No_PHROG	No_PHROG	No_PHROG	No_PHROGs_HMM	No_PHROGs_HMM	No_PHROGs_HMM	No_custom_HMM	No_custom_HMM	No_custom_HMM	No_PHROG	ab initio prediction:Pyrodigal-gv:0.3.2	CDS	None	hypothetical protein	unknown function	None	None	None	None	None	None	None	None	None	None	None	None	None	None	None	None	None	None	None	11
SRR35808611_ctg514|provirus_397177_435424_CDS_0003	1627	1911	+	SRR35808611_ctg514|provirus_397177_435424	12.4	00	No_PHROG	No_PHROG	No_PHROG	No_PHROG	No_PHROGs_HMM	No_PHROGs_HMM	No_PHROGs_HMM	No_custom_HMM	No_custom_HMM	No_custom_HMM	No_PHROG	ab initio prediction:Pyrodigal-gv:0.3.2	CDS	None	hypothetical protein	unknown function	None	None	None	None	None	None	None	None	None	None	None	None	None	None	None	None	None	None	None	11
SRR35808611_ctg514|provirus_397177_435424_CDS_0004	1904	2242	+	SRR35808611_ctg514|provirus_397177_435424	40.7	00	No_PHROG	No_PHROG	No_PHROG	No_PHROG	No_PHROGs_HMM	No_PHROGs_HMM	No_PHROGs_HMM	No_custom_HMM	No_custom_HMM	No_custom_HMM	No_PHROG	ab initio prediction:Pyrodigal-gv:0.3.2	CDS	None	hypothetical protein	unknown function	None	None	None	None	None	None	None	None	None	None	None	None	None	None	None	None	None	None	None	11
SRR35808611_ctg514|provirus_397177_435424_CDS_0005	2235	2468	+	SRR35808611_ctg514|provirus_397177_435424	17.0	00	No_PHROG	No_PHROG	No_PHROG	No_PHROG	No_PHROGs_HMM	No_PHROGs_HMM	No_PHROGs_HMM	No_custom_HMM	No_custom_HMM	No_custom_HMM	No_PHROG	ab initio prediction:Pyrodigal-gv:0.3.2	CDS	None	hypothetical protein	unknown function	None	None	None	None	None	None	None	None	None	None	None	None	None	None	None	None	None	None	None	11
SRR35808611_ctg514|provirus_397177_435424_CDS_0006	2452	2805	+	SRR35808611_ctg514|provirus_397177_435424	40.0	00	No_PHROG	No_PHROG	No_PHROG	No_PHROG	No_PHROGs_HMM	No_PHROGs_HMM	No_PHROGs_HMM	No_custom_HMM	No_custom_HMM	No_custom_HMM	No_PHROG	ab initio prediction:Pyrodigal-gv:0.3.2	CDS	None	hypothetical protein	unknown function	None	None	None	None	None	None	None	None	None	None	None	None	None	None	None	None	None	None	None	11
SRR35808611_ctg514|provirus_397177_435424_CDS_0007	2802	3095	+	SRR35808611_ctg514|provirus_397177_435424	16.6	00	34716	83.0	0.621	1.19e-21	No_PHROGs_HMM	No_PHROGs_HMM	No_PHROGs_HMM	No_custom_HMM	No_custom_HMM	No_custom_HMM	34716	ab initio prediction:Pyrodigal-gv:0.3.2	CDS	#c9c9c9	hypothetical protein	unknown function	None	None	None	None	None	None	None	None	None	None	None	None	None	None	None	None	None	None	None	11
SRR35808611_ctg514|provirus_397177_435424_CDS_0008	3197	4012	+	SRR35808611_ctg514|provirus_397177_435424	64.0	00	No_PHROG	No_PHROG	No_PHROG	No_PHROG	No_PHROGs_HMM	No_PHROGs_HMM	No_PHROGs_HMM	No_custom_HMM	No_custom_HMM	No_custom_HMM	No_PHROG	ab initio prediction:Pyrodigal-gv:0.3.2	CDS	None	hypothetical protein	unknown function	None	None	None	None	None	None	None	None	None	None	None	None	None	None	None	None	None	None	None	11
SRR35808611_ctg514|provirus_397177_435424_CDS_0009	4112	4318	+	SRR35808611_ctg514|provirus_397177_435424	3.9	00	No_PHROG	No_PHROG	No_PHROG	No_PHROG	No_PHROGs_HMM	No_PHROGs_HMM	No_PHROGs_HMM	No_custom_HMM	No_custom_HMM	No_custom_HMM	No_PHROG	ab initio prediction:Pyrodigal-gv:0.3.2	CDS	None	hypothetical protein	unknown function	None	None	None	None	None	None	None	None	None	None	None	None	None	None	None	None	None	None	None	11
SRR35808611_ctg514|provirus_397177_435424_CDS_0010	4315	5001	+	SRR35808611_ctg514|provirus_397177_435424	20.3	00	59	85.0	0.385	3.132e-21	No_PHROGs_HMM	No_PHROGs_HMM	No_PHROGs_HMM	No_custom_HMM	No_custom_HMM	No_custom_HMM	59	ab initio prediction:Pyrodigal-gv:0.3.2	CDS	#ffdf59	HNH endonuclease	DNA, RNA and nucleotide metabolism	None	None	None	None	None	None	None	None	None	None	None	None	None	None	None	None	None	None	None	11
SRR35808611_ctg514|provirus_397177_435424_CDS_0011	5029	6102	+	SRR35808611_ctg514|provirus_397177_435424	86.9	00	No_PHROG	No_PHROG	No_PHROG	No_PHROG	No_PHROGs_HMM	No_PHROGs_HMM	No_PHROGs_HMM	No_custom_HMM	No_custom_HMM	No_custom_HMM	No_PHROG	ab initio prediction:Pyrodigal-gv:0.3.2	CDS	None	hypothetical protein	unknown function	None	None	None	None	None	None	None	None	None	None	None	None	None	None	None	None	None	None	None	11
SRR35808611_ctg514|provirus_397177_435424_CDS_0012	6108	6350	+	SRR35808611_ctg514|provirus_397177_435424	11.6	00	No_PHROG	No_PHROG	No_PHROG	No_PHROG	No_PHROGs_HMM	No_PHROGs_HMM	No_PHROGs_HMM	No_custom_HMM	No_custom_HMM	No_custom_HMM	No_PHROG	ab initio prediction:Pyrodigal-gv:0.3.2	CDS	None	hypothetical protein	unknown function	None	None	None	None	None	None	None	None	None	None	None	None	None	None	None	None	None	None	None	11
SRR35808611_ctg514|provirus_397177_435424_CDS_0013	6659	7159	+	SRR35808611_ctg514|provirus_397177_435424	38.1	00	No_PHROG	No_PHROG	No_PHROG	No_PHROG	No_PHROGs_HMM	No_PHROGs_HMM	No_PHROGs_HMM	No_custom_HMM	No_custom_HMM	No_custom_HMM	No_PHROG	ab initio prediction:Pyrodigal-gv:0.3.2	CDS	None	hypothetical protein	unknown function	None	None	None	None	None	None	None	None	None	None	None	None	None	None	None	None	None	None	None	11
SRR35808611_ctg514|provirus_397177_435424_CDS_0014	7326	7496	+	SRR35808611_ctg514|provirus_397177_435424	1.5	00	No_PHROG	No_PHROG	No_PHROG	No_PHROG	No_PHROGs_HMM	No_PHROGs_HMM	No_PHROGs_HMM	No_custom_HMM	No_custom_HMM	No_custom_HMM	No_PHROG	ab initio prediction:Pyrodigal-gv:0.3.2	CDS	None	hypothetical protein	unknown function	None	None	None	None	None	None	None	None	None	None	None	None	None	None	None	None	None	None	None	11
SRR35808611_ctg514|provirus_397177_435424_CDS_0015	7536	8810	+	SRR35808611_ctg514|provirus_397177_435424	72.5	00	No_PHROG	No_PHROG	No_PHROG	No_PHROG	No_PHROGs_HMM	No_PHROGs_HMM	No_PHROGs_HMM	No_custom_HMM	No_custom_HMM	No_custom_HMM	No_PHROG	ab initio prediction:Pyrodigal-gv:0.3.2	CDS	None	hypothetical protein	unknown function	None	None	None	None	None	None	None	None	None	None	None	None	None	None	None	None	None	None	None	11
SRR35808611_ctg514|provirus_397177_435424_CDS_0016	8883	10370	+	SRR35808611_ctg514|provirus_397177_435424	107.9	00	No_PHROG	No_PHROG	No_PHROG	No_PHROG	No_PHROGs_HMM	No_PHROGs_HMM	No_PHROGs_HMM	No_custom_HMM	No_custom_HMM	No_custom_HMM	No_PHROG	ab initio prediction:Pyrodigal-gv:0.3.2	CDS	None	hypothetical protein	unknown function	None	None	None	None	None	None	None	None	None	None	None	None	None	None	None	None	None	None	None	11
SRR35808611_ctg514|provirus_397177_435424_CDS_0017	11283	10435	-	SRR35808611_ctg514|provirus_397177_435424	38.2	00	No_PHROG	No_PHROG	No_PHROG	No_PHROG	No_PHROGs_HMM	No_PHROGs_HMM	No_PHROGs_HMM	No_custom_HMM	No_custom_HMM	No_custom_HMM	No_PHROG	ab initio prediction:Pyrodigal-gv:0.3.2	CDS	None	hypothetical protein	unknown function	None	None	None	None	None	None	None	None	None	None	None	None	None	None	None	None	None	None	None	11
SRR35808611_ctg514|provirus_397177_435424_CDS_0018	11441	12253	+	SRR35808611_ctg514|provirus_397177_435424	75.6	00	No_PHROG	No_PHROG	No_PHROG	No_PHROG	No_PHROGs_HMM	No_PHROGs_HMM	No_PHROGs_HMM	No_custom_HMM	No_custom_HMM	No_custom_HMM	No_PHROG	ab initio prediction:Pyrodigal-gv:0.3.2	CDS	None	hypothetical protein	unknown function	None	None	None	None	None	None	None	None	None	None	None	None	None	None	None	None	None	None	None	11
SRR35808611_ctg514|provirus_397177_435424_CDS_0019	12302	14119	+	SRR35808611_ctg514|provirus_397177_435424	162.8	00	315	82.0	0.331	7.402000000000001e-20	No_PHROGs_HMM	No_PHROGs_HMM	No_PHROGs_HMM	No_custom_HMM	No_custom_HMM	No_custom_HMM	315	ab initio prediction:Pyrodigal-gv:0.3.2	CDS	#f35f49	endolysin	lysis	None	None	None	None	None	None	None	None	None	None	None	None	None	None	None	None	None	None	None	11
SRR35808611_ctg514|provirus_397177_435424_CDS_0020	14120	16381	+	SRR35808611_ctg514|provirus_397177_435424	206.1	00	36512	91.0	0.223	2.6340000000000003e-20	No_PHROGs_HMM	No_PHROGs_HMM	No_PHROGs_HMM	No_custom_HMM	No_custom_HMM	No_custom_HMM	36512	ab initio prediction:Pyrodigal-gv:0.3.2	CDS	#c9c9c9	hypothetical protein	unknown function	None	None	None	None	None	None	None	None	None	None	None	None	None	None	None	None	None	None	None	11
SRR35808611_ctg514|provirus_397177_435424_CDS_0021	16591	16358	-	SRR35808611_ctg514|provirus_397177_435424	9.1	00	No_PHROG	No_PHROG	No_PHROG	No_PHROG	No_PHROGs_HMM	No_PHROGs_HMM	No_PHROGs_HMM	No_custom_HMM	No_custom_HMM	No_custom_HMM	No_PHROG	ab initio prediction:Pyrodigal-gv:0.3.2	CDS	None	hypothetical protein	unknown function	None	None	None	None	None	None	None	None	None	None	None	None	None	None	None	None	None	None	None	11
SRR35808611_ctg514|provirus_397177_435424_CDS_0022	16606	17259	+	SRR35808611_ctg514|provirus_397177_435424	34.7	00	No_PHROG	No_PHROG	No_PHROG	No_PHROG	No_PHROGs_HMM	No_PHROGs_HMM	No_PHROGs_HMM	No_custom_HMM	No_custom_HMM	No_custom_HMM	No_PHROG	ab initio prediction:Pyrodigal-gv:0.3.2	CDS	None	hypothetical protein	unknown function	None	None	None	None	None	None	None	None	None	None	None	None	None	None	None	None	None	None	None	11
SRR35808611_ctg514|provirus_397177_435424_CDS_0023	17259	17849	+	SRR35808611_ctg514|provirus_397177_435424	45.6	00	No_PHROG	No_PHROG	No_PHROG	No_PHROG	No_PHROGs_HMM	No_PHROGs_HMM	No_PHROGs_HMM	No_custom_HMM	No_custom_HMM	No_custom_HMM	No_PHROG	ab initio prediction:Pyrodigal-gv:0.3.2	CDS	None	hypothetical protein	unknown function	None	None	None	None	None	None	None	None	None	None	None	None	None	None	None	None	None	None	None	11
SRR35808611_ctg514|provirus_397177_435424_CDS_0024	17806	18009	+	SRR35808611_ctg514|provirus_397177_435424	5.6	00	No_PHROG	No_PHROG	No_PHROG	No_PHROG	No_PHROGs_HMM	No_PHROGs_HMM	No_PHROGs_HMM	No_custom_HMM	No_custom_HMM	No_custom_HMM	No_PHROG	ab initio prediction:Pyrodigal-gv:0.3.2	CDS	None	hypothetical protein	unknown function	None	None	None	None	None	None	None	None	None	None	None	None	None	None	None	None	None	None	None	11
SRR35808611_ctg514|provirus_397177_435424_CDS_0025	18065	18868	+	SRR35808611_ctg514|provirus_397177_435424	38.7	00	No_PHROG	No_PHROG	No_PHROG	No_PHROG	No_PHROGs_HMM	No_PHROGs_HMM	No_PHROGs_HMM	No_custom_HMM	No_custom_HMM	No_custom_HMM	No_PHROG	ab initio prediction:Pyrodigal-gv:0.3.2	CDS	None	hypothetical protein	unknown function	None	None	None	None	None	None	None	None	None	None	None	None	None	None	None	None	None	None	None	11
SRR35808611_ctg514|provirus_397177_435424_CDS_0026	18858	19649	+	SRR35808611_ctg514|provirus_397177_435424	46.5	00	No_PHROG	No_PHROG	No_PHROG	No_PHROG	No_PHROGs_HMM	No_PHROGs_HMM	No_PHROGs_HMM	No_custom_HMM	No_custom_HMM	No_custom_HMM	No_PHROG	ab initio prediction:Pyrodigal-gv:0.3.2	CDS	None	hypothetical protein	unknown function	None	None	None	None	None	None	None	None	None	None	None	None	None	None	None	None	None	None	None	11
SRR35808611_ctg514|provirus_397177_435424_CDS_0027	20005	19760	-	SRR35808611_ctg514|provirus_397177_435424	0.9	00	No_PHROG	No_PHROG	No_PHROG	No_PHROG	No_PHROGs_HMM	No_PHROGs_HMM	No_PHROGs_HMM	No_custom_HMM	No_custom_HMM	No_custom_HMM	No_PHROG	ab initio prediction:Pyrodigal-gv:0.3.2	CDS	None	hypothetical protein	unknown function	None	None	None	None	None	None	None	None	None	None	None	None	None	None	None	None	None	None	None	11
SRR35808611_ctg514|provirus_397177_435424_CDS_0028	20022	20918	+	SRR35808611_ctg514|provirus_397177_435424	69.4	00	No_PHROG	No_PHROG	No_PHROG	No_PHROG	No_PHROGs_HMM	No_PHROGs_HMM	No_PHROGs_HMM	No_custom_HMM	No_custom_HMM	No_custom_HMM	No_PHROG	ab initio prediction:Pyrodigal-gv:0.3.2	CDS	None	hypothetical protein	unknown function	None	None	None	None	None	None	None	None	None	None	None	None	None	None	None	None	None	None	None	11
SRR35808611_ctg514|provirus_397177_435424_CDS_0029	21092	21349	+	SRR35808611_ctg514|provirus_397177_435424	17.9	00	No_PHROG	No_PHROG	No_PHROG	No_PHROG	No_PHROGs_HMM	No_PHROGs_HMM	No_PHROGs_HMM	No_custom_HMM	No_custom_HMM	No_custom_HMM	No_PHROG	ab initio prediction:Pyrodigal-gv:0.3.2	CDS	None	hypothetical protein	unknown function	None	None	None	None	None	None	None	None	None	None	None	None	None	None	None	None	None	None	None	11
SRR35808611_ctg514|provirus_397177_435424_CDS_0030	22118	21369	-	SRR35808611_ctg514|provirus_397177_435424	24.0	00	4285	74.0	0.311	2.003e-16	No_PHROGs_HMM	No_PHROGs_HMM	No_PHROGs_HMM	No_custom_HMM	No_custom_HMM	No_custom_HMM	4285	ab initio prediction:Pyrodigal-gv:0.3.2	CDS	#fea328	transposase	integration and excision	None	None	None	None	None	None	None	None	None	None	None	None	None	None	None	None	None	None	None	11
SRR35808611_ctg514|provirus_397177_435424_CDS_0031	22806	22243	-	SRR35808611_ctg514|provirus_397177_435424	40.0	00	No_PHROG	No_PHROG	No_PHROG	No_PHROG	No_PHROGs_HMM	No_PHROGs_HMM	No_PHROGs_HMM	No_custom_HMM	No_custom_HMM	No_custom_HMM	No_PHROG	ab initio prediction:Pyrodigal-gv:0.3.2	CDS	None	hypothetical protein	unknown function	None	None	None	None	None	None	None	None	None	None	None	None	None	None	None	None	None	None	None	11
SRR35808611_ctg514|provirus_397177_435424_CDS_0032	22995	23618	+	SRR35808611_ctg514|provirus_397177_435424	54.2	00	No_PHROG	No_PHROG	No_PHROG	No_PHROG	No_PHROGs_HMM	No_PHROGs_HMM	No_PHROGs_HMM	No_custom_HMM	No_custom_HMM	No_custom_HMM	No_PHROG	ab initio prediction:Pyrodigal-gv:0.3.2	CDS	None	hypothetical protein	unknown function	None	None	None	None	None	None	None	None	None	None	None	None	None	None	None	None	None	None	None	11
SRR35808611_ctg514|provirus_397177_435424_CDS_0033	23860	23525	-	SRR35808611_ctg514|provirus_397177_435424	27.1	00	66	40.0	0.395	8.69e-07	No_PHROGs_HMM	No_PHROGs_HMM	No_PHROGs_HMM	No_custom_HMM	No_custom_HMM	No_custom_HMM	66	ab initio prediction:Pyrodigal-gv:0.3.2	CDS	#fea328	excisionase and transcriptional regulator	integration and excision	None	None	None	None	None	None	None	None	None	None	None	None	None	None	None	None	None	None	None	11
SRR35808611_ctg514|provirus_397177_435424_CDS_0034	24077	23838	-	SRR35808611_ctg514|provirus_397177_435424	21.9	00	No_PHROG	No_PHROG	No_PHROG	No_PHROG	No_PHROGs_HMM	No_PHROGs_HMM	No_PHROGs_HMM	No_custom_HMM	No_custom_HMM	No_custom_HMM	No_PHROG	ab initio prediction:Pyrodigal-gv:0.3.2	CDS	None	hypothetical protein	unknown function	None	None	None	None	None	None	None	None	None	None	None	None	None	None	None	None	None	None	None	11
SRR35808611_ctg514|provirus_397177_435424_CDS_0035	24630	25148	+	SRR35808611_ctg514|provirus_397177_435424	40.6	00	2328	40.0	0.418	3.553e-06	No_PHROGs_HMM	No_PHROGs_HMM	No_PHROGs_HMM	No_custom_HMM	No_custom_HMM	No_custom_HMM	2328	ab initio prediction:Pyrodigal-gv:0.3.2	CDS	#a861e3	transcriptional repressor	transcription regulation	None	None	None	None	None	None	None	None	None	None	None	None	None	None	None	None	None	None	None	11
SRR35808611_ctg514|provirus_397177_435424_CDS_0036	25141	25650	+	SRR35808611_ctg514|provirus_397177_435424	23.2	00	No_PHROG	No_PHROG	No_PHROG	No_PHROG	No_PHROGs_HMM	No_PHROGs_HMM	No_PHROGs_HMM	No_custom_HMM	No_custom_HMM	No_custom_HMM	No_PHROG	ab initio prediction:Pyrodigal-gv:0.3.2	CDS	None	hypothetical protein	unknown function	None	None	None	None	None	None	None	None	None	None	None	None	None	None	None	None	None	None	None	11
SRR35808611_ctg514|provirus_397177_435424_CDS_0037	25910	25647	-	SRR35808611_ctg514|provirus_397177_435424	28.0	00	No_PHROG	No_PHROG	No_PHROG	No_PHROG	No_PHROGs_HMM	No_PHROGs_HMM	No_PHROGs_HMM	No_custom_HMM	No_custom_HMM	No_custom_HMM	No_PHROG	ab initio prediction:Pyrodigal-gv:0.3.2	CDS	None	hypothetical protein	unknown function	None	None	None	None	None	None	None	None	None	None	None	None	None	None	None	None	None	None	None	11
SRR35808611_ctg514|provirus_397177_435424_CDS_0038	26872	25907	-	SRR35808611_ctg514|provirus_397177_435424	106.3	00	1599	78.0	0.276	9.888e-18	No_PHROGs_HMM	No_PHROGs_HMM	No_PHROGs_HMM	No_custom_HMM	No_custom_HMM	No_custom_HMM	1599	ab initio prediction:Pyrodigal-gv:0.3.2	CDS	#c9c9c9	hypothetical protein	unknown function	None	None	None	None	None	None	None	None	None	None	None	None	None	None	None	None	None	None	None	11
SRR35808611_ctg514|provirus_397177_435424_CDS_0039	27073	27315	+	SRR35808611_ctg514|provirus_397177_435424	10.4	00	No_PHROG	No_PHROG	No_PHROG	No_PHROG	No_PHROGs_HMM	No_PHROGs_HMM	No_PHROGs_HMM	No_custom_HMM	No_custom_HMM	No_custom_HMM	No_PHROG	ab initio prediction:Pyrodigal-gv:0.3.2	CDS	None	hypothetical protein	unknown function	None	None	None	None	None	None	None	None	None	None	None	None	None	None	None	None	None	None	None	11
SRR35808611_ctg514|provirus_397177_435424_CDS_0040	27395	27658	+	SRR35808611_ctg514|provirus_397177_435424	9.1	00	No_PHROG	No_PHROG	No_PHROG	No_PHROG	No_PHROGs_HMM	No_PHROGs_HMM	No_PHROGs_HMM	No_custom_HMM	No_custom_HMM	No_custom_HMM	No_PHROG	ab initio prediction:Pyrodigal-gv:0.3.2	CDS	None	hypothetical protein	unknown function	None	None	None	None	None	None	None	None	None	None	None	None	None	None	None	None	None	None	None	11
SRR35808611_ctg514|provirus_397177_435424_CDS_0041	27729	28103	+	SRR35808611_ctg514|provirus_397177_435424	8.7	00	No_PHROG	No_PHROG	No_PHROG	No_PHROG	No_PHROGs_HMM	No_PHROGs_HMM	No_PHROGs_HMM	No_custom_HMM	No_custom_HMM	No_custom_HMM	No_PHROG	ab initio prediction:Pyrodigal-gv:0.3.2	CDS	None	hypothetical protein	unknown function	None	None	None	None	None	None	None	None	None	None	None	None	None	None	None	None	None	None	None	11
SRR35808611_ctg514|provirus_397177_435424_CDS_0042	28162	28521	+	SRR35808611_ctg514|provirus_397177_435424	27.1	00	No_PHROG	No_PHROG	No_PHROG	No_PHROG	No_PHROGs_HMM	No_PHROGs_HMM	No_PHROGs_HMM	No_custom_HMM	No_custom_HMM	No_custom_HMM	No_PHROG	ab initio prediction:Pyrodigal-gv:0.3.2	CDS	None	hypothetical protein	unknown function	None	None	None	None	None	None	None	None	None	None	None	None	None	None	None	None	None	None	None	11
SRR35808611_ctg514|provirus_397177_435424_CDS_0043	28811	28530	-	SRR35808611_ctg514|provirus_397177_435424	18.4	00	No_PHROG	No_PHROG	No_PHROG	No_PHROG	No_PHROGs_HMM	No_PHROGs_HMM	No_PHROGs_HMM	No_custom_HMM	No_custom_HMM	No_custom_HMM	No_PHROG	ab initio prediction:Pyrodigal-gv:0.3.2	CDS	None	hypothetical protein	unknown function	None	None	None	None	None	None	None	None	None	None	None	None	None	None	None	None	None	None	None	11
SRR35808611_ctg514|provirus_397177_435424_CDS_0044	29176	28862	-	SRR35808611_ctg514|provirus_397177_435424	14.3	00	No_PHROG	No_PHROG	No_PHROG	No_PHROG	No_PHROGs_HMM	No_PHROGs_HMM	No_PHROGs_HMM	No_custom_HMM	No_custom_HMM	No_custom_HMM	No_PHROG	ab initio prediction:Pyrodigal-gv:0.3.2	CDS	None	hypothetical protein	unknown function	None	None	None	None	None	None	None	None	None	None	None	None	None	None	None	None	None	None	None	11
SRR35808611_ctg514|provirus_397177_435424_CDS_0045	29364	29597	+	SRR35808611_ctg514|provirus_397177_435424	6.3	00	No_PHROG	No_PHROG	No_PHROG	No_PHROG	No_PHROGs_HMM	No_PHROGs_HMM	No_PHROGs_HMM	No_custom_HMM	No_custom_HMM	No_custom_HMM	No_PHROG	ab initio prediction:Pyrodigal-gv:0.3.2	CDS	None	hypothetical protein	unknown function	None	None	None	None	None	None	None	None	None	None	None	None	None	None	None	None	None	None	None	11
SRR35808611_ctg514|provirus_397177_435424_CDS_0046	29647	30201	+	SRR35808611_ctg514|provirus_397177_435424	23.2	00	No_PHROG	No_PHROG	No_PHROG	No_PHROG	No_PHROGs_HMM	No_PHROGs_HMM	No_PHROGs_HMM	No_custom_HMM	No_custom_HMM	No_custom_HMM	No_PHROG	ab initio prediction:Pyrodigal-gv:0.3.2	CDS	None	hypothetical protein	unknown function	None	None	None	None	None	None	None	None	None	None	None	None	None	None	None	None	None	None	None	11
SRR35808611_ctg514|provirus_397177_435424_CDS_0047	30318	32105	+	SRR35808611_ctg514|provirus_397177_435424	56.2	00	No_PHROG	No_PHROG	No_PHROG	No_PHROG	No_PHROGs_HMM	No_PHROGs_HMM	No_PHROGs_HMM	No_custom_HMM	No_custom_HMM	No_custom_HMM	No_PHROG	ab initio prediction:Pyrodigal-gv:0.3.2	CDS	None	hypothetical protein	unknown function	None	None	None	None	None	None	None	None	None	None	None	None	None	None	None	None	None	None	None	11
SRR35808611_ctg514|provirus_397177_435424_CDS_0048	32102	35329	+	SRR35808611_ctg514|provirus_397177_435424	177.0	00	10385	81.0	0.146	1.282e-16	No_PHROGs_HMM	No_PHROGs_HMM	No_PHROGs_HMM	No_custom_HMM	No_custom_HMM	No_custom_HMM	10385	ab initio prediction:Pyrodigal-gv:0.3.2	CDS	#c9c9c9	hypothetical protein	unknown function	None	None	None	None	None	None	None	None	None	None	None	None	None	None	None	None	None	None	None	11
SRR35808611_ctg514|provirus_397177_435424_CDS_0049	36482	36336	-	SRR35808611_ctg514|provirus_397177_435424	17.7	00	No_PHROG	No_PHROG	No_PHROG	No_PHROG	No_PHROGs_HMM	No_PHROGs_HMM	No_PHROGs_HMM	No_custom_HMM	No_custom_HMM	No_custom_HMM	No_PHROG	ab initio prediction:Pyrodigal-gv:0.3.2	CDS	None	hypothetical protein	unknown function	None	None	None	None	None	None	None	None	None	None	None	None	None	None	None	None	None	None	None	11
SRR35808611_ctg514|provirus_397177_435424_CDS_0050	36626	38248	+	SRR35808611_ctg514|provirus_397177_435424	190.9	00	No_PHROG	No_PHROG	No_PHROG	No_PHROG	No_PHROGs_HMM	No_PHROGs_HMM	No_PHROGs_HMM	No_custom_HMM	No_custom_HMM	No_custom_HMM	No_PHROG	ab initio prediction:Pyrodigal-gv:0.3.2	CDS	None	hypothetical protein	unknown function	None	None	None	None	None	None	None	None	None	None	None	None	None	None	None	None	None	None	None	11
SRR35808611_ctg707|provirus_5227802_5272024_CDS_0001	1	1017	+	SRR35808611_ctg707|provirus_5227802_5272024	109.1	10	3598	178.0	0.371	8.593999999999999e-51	No_PHROGs_HMM	No_PHROGs_HMM	No_PHROGs_HMM	No_custom_HMM	No_custom_HMM	No_custom_HMM	3598	ab initio prediction:Pyrodigal-gv:0.3.2	CDS	#fea328	transposase	integration and excision	None	None	None	None	None	None	None	None	None	None	None	None	None	None	None	None	None	None	None	11
SRR35808611_ctg707|provirus_5227802_5272024_CDS_0002	1436	1251	-	SRR35808611_ctg707|provirus_5227802_5272024	19.9	00	No_PHROG	No_PHROG	No_PHROG	No_PHROG	No_PHROGs_HMM	No_PHROGs_HMM	No_PHROGs_HMM	No_custom_HMM	No_custom_HMM	No_custom_HMM	No_PHROG	ab initio prediction:Pyrodigal-gv:0.3.2	CDS	None	hypothetical protein	unknown function	None	None	None	None	None	None	None	None	None	None	None	None	None	None	None	None	None	None	None	11
SRR35808611_ctg707|provirus_5227802_5272024_CDS_0003	1939	1433	-	SRR35808611_ctg707|provirus_5227802_5272024	89.9	00	No_PHROG	No_PHROG	No_PHROG	No_PHROG	No_PHROGs_HMM	No_PHROGs_HMM	No_PHROGs_HMM	No_custom_HMM	No_custom_HMM	No_custom_HMM	No_PHROG	ab initio prediction:Pyrodigal-gv:0.3.2	CDS	None	hypothetical protein	unknown function	None	None	None	None	None	None	None	None	None	None	None	None	None	None	None	None	None	None	None	11
SRR35808611_ctg707|provirus_5227802_5272024_CDS_0004	2613	1939	-	SRR35808611_ctg707|provirus_5227802_5272024	102.6	00	24864	63.0	0.28	1.29e-11	No_PHROGs_HMM	No_PHROGs_HMM	No_PHROGs_HMM	No_custom_HMM	No_custom_HMM	No_custom_HMM	24864	ab initio prediction:Pyrodigal-gv:0.3.2	CDS	#c9c9c9	hypothetical protein	unknown function	None	None	None	None	None	None	None	None	None	None	None	None	None	None	None	None	None	None	None	11
SRR35808611_ctg707|provirus_5227802_5272024_CDS_0005	3701	3171	-	SRR35808611_ctg707|provirus_5227802_5272024	57.7	00	No_PHROG	No_PHROG	No_PHROG	No_PHROG	No_PHROGs_HMM	No_PHROGs_HMM	No_PHROGs_HMM	No_custom_HMM	No_custom_HMM	No_custom_HMM	No_PHROG	ab initio prediction:Pyrodigal-gv:0.3.2	CDS	None	hypothetical protein	unknown function	None	None	None	None	None	None	None	None	None	None	None	None	None	None	None	None	None	None	None	11
SRR35808611_ctg707|provirus_5227802_5272024_CDS_0006	3868	4641	+	SRR35808611_ctg707|provirus_5227802_5272024	33.6	00	No_PHROG	No_PHROG	No_PHROG	No_PHROG	No_PHROGs_HMM	No_PHROGs_HMM	No_PHROGs_HMM	No_custom_HMM	No_custom_HMM	No_custom_HMM	No_PHROG	ab initio prediction:Pyrodigal-gv:0.3.2	CDS	None	hypothetical protein	unknown function	None	None	None	None	None	None	None	None	None	None	None	None	None	None	None	None	None	None	None	11
SRR35808611_ctg707|provirus_5227802_5272024_CDS_0007	5735	4803	-	SRR35808611_ctg707|provirus_5227802_5272024	103.4	00	8763	109.0	0.378	2.95e-29	No_PHROGs_HMM	No_PHROGs_HMM	No_PHROGs_HMM	No_custom_HMM	No_custom_HMM	No_custom_HMM	8763	ab initio prediction:Pyrodigal-gv:0.3.2	CDS	#07e9a2	tail protein	tail	None	None	None	None	None	None	None	None	None	None	None	None	None	None	None	None	None	None	None	11
SRR35808611_ctg707|provirus_5227802_5272024_CDS_0008	6323	5964	-	SRR35808611_ctg707|provirus_5227802_5272024	54.3	00	No_PHROG	No_PHROG	No_PHROG	No_PHROG	No_PHROGs_HMM	No_PHROGs_HMM	No_PHROGs_HMM	No_custom_HMM	No_custom_HMM	No_custom_HMM	No_PHROG	ab initio prediction:Pyrodigal-gv:0.3.2	CDS	None	hypothetical protein	unknown function	None	None	None	None	None	None	None	None	None	None	None	None	None	None	None	None	None	None	None	11
SRR35808611_ctg707|provirus_5227802_5272024_CDS_0009	6523	7560	+	SRR35808611_ctg707|provirus_5227802_5272024	92.7	00	No_PHROG	No_PHROG	No_PHROG	No_PHROG	No_PHROGs_HMM	No_PHROGs_HMM	No_PHROGs_HMM	No_custom_HMM	No_custom_HMM	No_custom_HMM	No_PHROG	ab initio prediction:Pyrodigal-gv:0.3.2	CDS	None	hypothetical protein	unknown function	None	None	None	None	None	None	None	None	None	None	None	None	None	None	None	None	None	None	None	11
SRR35808611_ctg707|provirus_5227802_5272024_CDS_0010	7876	7502	-	SRR35808611_ctg707|provirus_5227802_5272024	8.5	00	No_PHROG	No_PHROG	No_PHROG	No_PHROG	No_PHROGs_HMM	No_PHROGs_HMM	No_PHROGs_HMM	No_custom_HMM	No_custom_HMM	No_custom_HMM	No_PHROG	ab initio prediction:Pyrodigal-gv:0.3.2	CDS	None	hypothetical protein	unknown function	None	None	None	None	None	None	None	None	None	None	None	None	None	None	None	None	None	None	None	11
SRR35808611_ctg707|provirus_5227802_5272024_CDS_0011	10931	8187	-	SRR35808611_ctg707|provirus_5227802_5272024	155.3	00	1768	55.0	0.402	1.288e-11	No_PHROGs_HMM	No_PHROGs_HMM	No_PHROGs_HMM	No_custom_HMM	No_custom_HMM	No_custom_HMM	1768	ab initio prediction:Pyrodigal-gv:0.3.2	CDS	#f35f49	endolysin	lysis	None	None	None	None	None	None	None	None	None	None	None	None	None	None	None	None	None	None	None	11
SRR35808611_ctg707|provirus_5227802_5272024_CDS_0012	11294	11764	+	SRR35808611_ctg707|provirus_5227802_5272024	33.0	00	No_PHROG	No_PHROG	No_PHROG	No_PHROG	No_PHROGs_HMM	No_PHROGs_HMM	No_PHROGs_HMM	No_custom_HMM	No_custom_HMM	No_custom_HMM	No_PHROG	ab initio prediction:Pyrodigal-gv:0.3.2	CDS	None	hypothetical protein	unknown function	None	None	None	None	None	None	None	None	None	None	None	None	None	None	None	None	None	None	None	11
SRR35808611_ctg707|provirus_5227802_5272024_CDS_0013	12591	11881	-	SRR35808611_ctg707|provirus_5227802_5272024	33.1	00	No_PHROG	No_PHROG	No_PHROG	No_PHROG	No_PHROGs_HMM	No_PHROGs_HMM	No_PHROGs_HMM	No_custom_HMM	No_custom_HMM	No_custom_HMM	No_PHROG	ab initio prediction:Pyrodigal-gv:0.3.2	CDS	None	hypothetical protein	unknown function	None	None	None	None	None	None	None	None	None	None	None	None	None	None	None	None	None	None	None	11
SRR35808611_ctg707|provirus_5227802_5272024_CDS_0014	13155	12724	-	SRR35808611_ctg707|provirus_5227802_5272024	45.3	00	No_PHROG	No_PHROG	No_PHROG	No_PHROG	No_PHROGs_HMM	No_PHROGs_HMM	No_PHROGs_HMM	No_custom_HMM	No_custom_HMM	No_custom_HMM	No_PHROG	ab initio prediction:Pyrodigal-gv:0.3.2	CDS	None	hypothetical protein	unknown function	None	None	None	None	None	None	None	None	None	None	None	None	None	None	None	None	None	None	None	11
SRR35808611_ctg707|provirus_5227802_5272024_CDS_0015	13327	13647	+	SRR35808611_ctg707|provirus_5227802_5272024	14.4	00	No_PHROG	No_PHROG	No_PHROG	No_PHROG	No_PHROGs_HMM	No_PHROGs_HMM	No_PHROGs_HMM	No_custom_HMM	No_custom_HMM	No_custom_HMM	No_PHROG	ab initio prediction:Pyrodigal-gv:0.3.2	CDS	None	hypothetical protein	unknown function	None	None	None	None	None	None	None	None	None	None	None	None	None	None	None	None	None	None	None	11
SRR35808611_ctg707|provirus_5227802_5272024_CDS_0016	14367	15140	+	SRR35808611_ctg707|provirus_5227802_5272024	78.8	00	No_PHROG	No_PHROG	No_PHROG	No_PHROG	No_PHROGs_HMM	No_PHROGs_HMM	No_PHROGs_HMM	No_custom_HMM	No_custom_HMM	No_custom_HMM	No_PHROG	ab initio prediction:Pyrodigal-gv:0.3.2	CDS	None	hypothetical protein	unknown function	None	None	None	None	None	None	None	None	None	None	None	None	None	None	None	None	None	None	None	11
SRR35808611_ctg707|provirus_5227802_5272024_CDS_0017	15539	15180	-	SRR35808611_ctg707|provirus_5227802_5272024	36.0	00	No_PHROG	No_PHROG	No_PHROG	No_PHROG	No_PHROGs_HMM	No_PHROGs_HMM	No_PHROGs_HMM	No_custom_HMM	No_custom_HMM	No_custom_HMM	No_PHROG	ab initio prediction:Pyrodigal-gv:0.3.2	CDS	None	hypothetical protein	unknown function	None	None	None	None	None	None	None	None	None	None	None	None	None	None	None	None	None	None	None	11
SRR35808611_ctg707|provirus_5227802_5272024_CDS_0018	16347	16207	-	SRR35808611_ctg707|provirus_5227802_5272024	7.8	00	No_PHROG	No_PHROG	No_PHROG	No_PHROG	No_PHROGs_HMM	No_PHROGs_HMM	No_PHROGs_HMM	No_custom_HMM	No_custom_HMM	No_custom_HMM	No_PHROG	ab initio prediction:Pyrodigal-gv:0.3.2	CDS	None	hypothetical protein	unknown function	None	None	None	None	None	None	None	None	None	None	None	None	None	None	None	None	None	None	None	11
SRR35808611_ctg707|provirus_5227802_5272024_CDS_0019	16721	16440	-	SRR35808611_ctg707|provirus_5227802_5272024	3.7	00	No_PHROG	No_PHROG	No_PHROG	No_PHROG	No_PHROGs_HMM	No_PHROGs_HMM	No_PHROGs_HMM	No_custom_HMM	No_custom_HMM	No_custom_HMM	No_PHROG	ab initio prediction:Pyrodigal-gv:0.3.2	CDS	None	hypothetical protein	unknown function	None	None	None	None	None	None	None	None	None	None	None	None	None	None	None	None	None	None	None	11
SRR35808611_ctg707|provirus_5227802_5272024_CDS_0020	18018	17287	-	SRR35808611_ctg707|provirus_5227802_5272024	18.1	00	No_PHROG	No_PHROG	No_PHROG	No_PHROG	No_PHROGs_HMM	No_PHROGs_HMM	No_PHROGs_HMM	No_custom_HMM	No_custom_HMM	No_custom_HMM	No_PHROG	ab initio prediction:Pyrodigal-gv:0.3.2	CDS	None	hypothetical protein	unknown function	None	None	None	None	None	None	None	None	None	None	None	None	None	None	None	None	None	None	None	11
SRR35808611_ctg707|provirus_5227802_5272024_CDS_0021	18487	18047	-	SRR35808611_ctg707|provirus_5227802_5272024	30.6	00	No_PHROG	No_PHROG	No_PHROG	No_PHROG	No_PHROGs_HMM	No_PHROGs_HMM	No_PHROGs_HMM	No_custom_HMM	No_custom_HMM	No_custom_HMM	No_PHROG	ab initio prediction:Pyrodigal-gv:0.3.2	CDS	None	hypothetical protein	unknown function	None	None	None	None	None	None	None	None	None	None	None	None	None	None	None	None	None	None	None	11
SRR35808611_ctg707|provirus_5227802_5272024_CDS_0022	18976	18842	-	SRR35808611_ctg707|provirus_5227802_5272024	4.4	00	No_PHROG	No_PHROG	No_PHROG	No_PHROG	No_PHROGs_HMM	No_PHROGs_HMM	No_PHROGs_HMM	No_custom_HMM	No_custom_HMM	No_custom_HMM	No_PHROG	ab initio prediction:Pyrodigal-gv:0.3.2	CDS	None	hypothetical protein	unknown function	None	None	None	None	None	None	None	None	None	None	None	None	None	None	None	None	None	None	None	11
SRR35808611_ctg707|provirus_5227802_5272024_CDS_0023	19814	18987	-	SRR35808611_ctg707|provirus_5227802_5272024	135.3	00	4287	79.0	0.224	1.346e-17	No_PHROGs_HMM	No_PHROGs_HMM	No_PHROGs_HMM	No_custom_HMM	No_custom_HMM	No_custom_HMM	4287	ab initio prediction:Pyrodigal-gv:0.3.2	CDS	#ffdf59	DNA ejection protein	DNA, RNA and nucleotide metabolism	None	None	None	None	None	None	None	None	None	None	None	None	None	None	None	None	None	None	None	11
SRR35808611_ctg707|provirus_5227802_5272024_CDS_0024	20309	19833	-	SRR35808611_ctg707|provirus_5227802_5272024	55.5	00	No_PHROG	No_PHROG	No_PHROG	No_PHROG	No_PHROGs_HMM	No_PHROGs_HMM	No_PHROGs_HMM	No_custom_HMM	No_custom_HMM	No_custom_HMM	No_PHROG	ab initio prediction:Pyrodigal-gv:0.3.2	CDS	None	hypothetical protein	unknown function	None	None	None	None	None	None	None	None	None	None	None	None	None	None	None	None	None	None	None	11
SRR35808611_ctg707|provirus_5227802_5272024_CDS_0025	20707	20306	-	SRR35808611_ctg707|provirus_5227802_5272024	59.7	00	No_PHROG	No_PHROG	No_PHROG	No_PHROG	No_PHROGs_HMM	No_PHROGs_HMM	No_PHROGs_HMM	No_custom_HMM	No_custom_HMM	No_custom_HMM	No_PHROG	ab initio prediction:Pyrodigal-gv:0.3.2	CDS	None	hypothetical protein	unknown function	None	None	None	None	None	None	None	None	None	None	None	None	None	None	None	None	None	None	None	11
SRR35808611_ctg707|provirus_5227802_5272024_CDS_0026	22149	20704	-	SRR35808611_ctg707|provirus_5227802_5272024	214.8	00	No_PHROG	No_PHROG	No_PHROG	No_PHROG	No_PHROGs_HMM	No_PHROGs_HMM	No_PHROGs_HMM	No_custom_HMM	No_custom_HMM	No_custom_HMM	No_PHROG	ab initio prediction:Pyrodigal-gv:0.3.2	CDS	None	hypothetical protein	unknown function	None	None	None	None	None	None	None	None	None	None	None	None	None	None	None	None	None	None	None	11
SRR35808611_ctg707|provirus_5227802_5272024_CDS_0027	22773	22162	-	SRR35808611_ctg707|provirus_5227802_5272024	120.2	00	2941	104.0	0.302	1.2640000000000001e-26	No_PHROGs_HMM	No_PHROGs_HMM	No_PHROGs_HMM	No_custom_HMM	No_custom_HMM	No_custom_HMM	2941	ab initio prediction:Pyrodigal-gv:0.3.2	CDS	#3e83f6	virion structural protein	head and packaging	None	None	None	None	None	None	None	None	None	None	None	None	None	None	None	None	None	None	None	11
SRR35808611_ctg707|provirus_5227802_5272024_CDS_0028	23128	22826	-	SRR35808611_ctg707|provirus_5227802_5272024	44.4	00	No_PHROG	No_PHROG	No_PHROG	No_PHROG	No_PHROGs_HMM	No_PHROGs_HMM	No_PHROGs_HMM	No_custom_HMM	No_custom_HMM	No_custom_HMM	No_PHROG	ab initio prediction:Pyrodigal-gv:0.3.2	CDS	None	hypothetical protein	unknown function	None	None	None	None	None	None	None	None	None	None	None	None	None	None	None	None	None	None	None	11
SRR35808611_ctg707|provirus_5227802_5272024_CDS_0029	23540	23232	-	SRR35808611_ctg707|provirus_5227802_5272024	62.5	00	No_PHROG	No_PHROG	No_PHROG	No_PHROG	No_PHROGs_HMM	No_PHROGs_HMM	No_PHROGs_HMM	No_custom_HMM	No_custom_HMM	No_custom_HMM	No_PHROG	ab initio prediction:Pyrodigal-gv:0.3.2	CDS	None	hypothetical protein	unknown function	None	None	None	None	None	None	None	None	None	None	None	None	None	None	None	None	None	None	None	11
SRR35808611_ctg707|provirus_5227802_5272024_CDS_0030	24101	23667	-	SRR35808611_ctg707|provirus_5227802_5272024	88.5	00	No_PHROG	No_PHROG	No_PHROG	No_PHROG	No_PHROGs_HMM	No_PHROGs_HMM	No_PHROGs_HMM	No_custom_HMM	No_custom_HMM	No_custom_HMM	No_PHROG	ab initio prediction:Pyrodigal-gv:0.3.2	CDS	None	hypothetical protein	unknown function	None	None	None	None	None	None	None	None	None	None	None	None	None	None	None	None	None	None	None	11
SRR35808611_ctg707|provirus_5227802_5272024_CDS_0031	25253	24243	-	SRR35808611_ctg707|provirus_5227802_5272024	218.1	00	1328	211.0	0.384	3.523e-62	No_PHROGs_HMM	No_PHROGs_HMM	No_PHROGs_HMM	No_custom_HMM	No_custom_HMM	No_custom_HMM	1328	ab initio prediction:Pyrodigal-gv:0.3.2	CDS	#3e83f6	major head protein	head and packaging	None	None	None	None	None	None	None	None	None	None	None	None	None	None	None	None	None	None	None	11
SRR35808611_ctg707|provirus_5227802_5272024_CDS_0032	26243	25275	-	SRR35808611_ctg707|provirus_5227802_5272024	141.9	00	3927	68.0	0.237	6.86e-14	No_PHROGs_HMM	No_PHROGs_HMM	No_PHROGs_HMM	No_custom_HMM	No_custom_HMM	No_custom_HMM	3927	ab initio prediction:Pyrodigal-gv:0.3.2	CDS	#3e83f6	head scaffolding protein	head and packaging	None	None	None	None	None	None	None	None	None	None	None	None	None	None	None	None	None	None	None	11
SRR35808611_ctg707|provirus_5227802_5272024_CDS_0033	26741	26517	-	SRR35808611_ctg707|provirus_5227802_5272024	21.2	00	No_PHROG	No_PHROG	No_PHROG	No_PHROG	No_PHROGs_HMM	No_PHROGs_HMM	No_PHROGs_HMM	No_custom_HMM	No_custom_HMM	No_custom_HMM	No_PHROG	ab initio prediction:Pyrodigal-gv:0.3.2	CDS	None	hypothetical protein	unknown function	None	None	None	None	None	None	None	None	None	None	None	None	None	None	None	None	None	None	None	11
SRR35808611_ctg707|provirus_5227802_5272024_CDS_0034	27798	26989	-	SRR35808611_ctg707|provirus_5227802_5272024	11.7	00	No_PHROG	No_PHROG	No_PHROG	No_PHROG	No_PHROGs_HMM	No_PHROGs_HMM	No_PHROGs_HMM	No_custom_HMM	No_custom_HMM	No_custom_HMM	No_PHROG	ab initio prediction:Pyrodigal-gv:0.3.2	CDS	None	hypothetical protein	unknown function	None	None	None	None	None	None	None	None	None	None	None	None	None	None	None	None	None	None	None	11
SRR35808611_ctg707|provirus_5227802_5272024_CDS_0035	27956	27861	-	SRR35808611_ctg707|provirus_5227802_5272024	4.9	00	No_PHROG	No_PHROG	No_PHROG	No_PHROG	No_PHROGs_HMM	No_PHROGs_HMM	No_PHROGs_HMM	No_custom_HMM	No_custom_HMM	No_custom_HMM	No_PHROG	ab initio prediction:Pyrodigal-gv:0.3.2	CDS	None	hypothetical protein	unknown function	None	None	None	None	None	None	None	None	None	None	None	None	None	None	None	None	None	None	None	11
SRR35808611_ctg707|provirus_5227802_5272024_CDS_0036	28195	27956	-	SRR35808611_ctg707|provirus_5227802_5272024	46.1	00	No_PHROG	No_PHROG	No_PHROG	No_PHROG	No_PHROGs_HMM	No_PHROGs_HMM	No_PHROGs_HMM	No_custom_HMM	No_custom_HMM	No_custom_HMM	No_PHROG	ab initio prediction:Pyrodigal-gv:0.3.2	CDS	None	hypothetical protein	unknown function	None	None	None	None	None	None	None	None	None	None	None	None	None	None	None	None	None	None	None	11
SRR35808611_ctg707|provirus_5227802_5272024_CDS_0037	30688	28589	-	SRR35808611_ctg707|provirus_5227802_5272024	336.8	00	1216	365.0	0.334	5.267e-109	No_PHROGs_HMM	No_PHROGs_HMM	No_PHROGs_HMM	No_custom_HMM	No_custom_HMM	No_custom_HMM	1216	ab initio prediction:Pyrodigal-gv:0.3.2	CDS	#3e83f6	portal protein	head and packaging	None	None	None	None	None	None	None	None	None	None	None	None	None	None	None	None	None	None	None	11
SRR35808611_ctg707|provirus_5227802_5272024_CDS_0038	31433	31158	-	SRR35808611_ctg707|provirus_5227802_5272024	13.4	00	No_PHROG	No_PHROG	No_PHROG	No_PHROG	No_PHROGs_HMM	No_PHROGs_HMM	No_PHROGs_HMM	No_custom_HMM	No_custom_HMM	No_custom_HMM	No_PHROG	ab initio prediction:Pyrodigal-gv:0.3.2	CDS	None	hypothetical protein	unknown function	None	None	None	None	None	None	None	None	None	None	None	None	None	None	None	None	None	None	None	11
SRR35808611_ctg707|provirus_5227802_5272024_CDS_0039	32714	31437	-	SRR35808611_ctg707|provirus_5227802_5272024	153.0	00	3717	130.0	0.385	3.944e-35	No_PHROGs_HMM	No_PHROGs_HMM	No_PHROGs_HMM	No_custom_HMM	No_custom_HMM	No_custom_HMM	3717	ab initio prediction:Pyrodigal-gv:0.3.2	CDS	#3e83f6	terminase large subunit	head and packaging	None	None	None	None	None	None	None	None	None	None	None	None	None	None	None	None	None	None	None	11
SRR35808611_ctg707|provirus_5227802_5272024_CDS_0040	34544	33369	-	SRR35808611_ctg707|provirus_5227802_5272024	50.9	00	938	40.0	0.244	4.497e-06	No_PHROGs_HMM	No_PHROGs_HMM	No_PHROGs_HMM	No_custom_HMM	No_custom_HMM	No_custom_HMM	938	ab initio prediction:Pyrodigal-gv:0.3.2	CDS	#f35f49	endolysin	lysis	None	None	None	None	None	None	None	None	None	None	None	None	None	None	None	None	None	None	None	11
SRR35808611_ctg707|provirus_5227802_5272024_CDS_0041	34578	34859	+	SRR35808611_ctg707|provirus_5227802_5272024	24.0	00	No_PHROG	No_PHROG	No_PHROG	No_PHROG	No_PHROGs_HMM	No_PHROGs_HMM	No_PHROGs_HMM	No_custom_HMM	No_custom_HMM	No_custom_HMM	No_PHROG	ab initio prediction:Pyrodigal-gv:0.3.2	CDS	None	hypothetical protein	unknown function	None	None	None	None	None	None	None	None	None	None	None	None	None	None	None	None	None	None	None	11
SRR35808611_ctg707|provirus_5227802_5272024_CDS_0042	34916	35185	+	SRR35808611_ctg707|provirus_5227802_5272024	40.1	00	No_PHROG	No_PHROG	No_PHROG	No_PHROG	No_PHROGs_HMM	No_PHROGs_HMM	No_PHROGs_HMM	No_custom_HMM	No_custom_HMM	No_custom_HMM	No_PHROG	ab initio prediction:Pyrodigal-gv:0.3.2	CDS	None	hypothetical protein	unknown function	None	None	None	None	None	None	None	None	None	None	None	None	None	None	None	None	None	None	None	11
SRR35808611_ctg707|provirus_5227802_5272024_CDS_0043	35963	35298	-	SRR35808611_ctg707|provirus_5227802_5272024	76.5	00	1482	140.0	0.588	9.955e-40	No_PHROGs_HMM	No_PHROGs_HMM	No_PHROGs_HMM	No_custom_HMM	No_custom_HMM	No_custom_HMM	1482	ab initio prediction:Pyrodigal-gv:0.3.2	CDS	#3e83f6	terminase small subunit	head and packaging	None	None	None	None	None	None	None	None	None	None	None	None	None	None	None	None	None	None	None	11
SRR35808611_ctg707|provirus_5227802_5272024_CDS_0044	36548	36249	-	SRR35808611_ctg707|provirus_5227802_5272024	44.8	00	No_PHROG	No_PHROG	No_PHROG	No_PHROG	No_PHROGs_HMM	No_PHROGs_HMM	No_PHROGs_HMM	No_custom_HMM	No_custom_HMM	No_custom_HMM	No_PHROG	ab initio prediction:Pyrodigal-gv:0.3.2	CDS	None	hypothetical protein	unknown function	None	None	None	None	None	None	None	None	None	None	None	None	None	None	None	None	None	None	None	11
SRR35808611_ctg707|provirus_5227802_5272024_CDS_0045	36670	37737	+	SRR35808611_ctg707|provirus_5227802_5272024	127.0	00	No_PHROG	No_PHROG	No_PHROG	No_PHROG	No_PHROGs_HMM	No_PHROGs_HMM	No_PHROGs_HMM	No_custom_HMM	No_custom_HMM	No_custom_HMM	No_PHROG	ab initio prediction:Pyrodigal-gv:0.3.2	CDS	None	hypothetical protein	unknown function	None	None	None	None	None	None	None	None	None	None	None	None	None	None	None	None	None	None	None	11
SRR35808611_ctg707|provirus_5227802_5272024_CDS_0046	38323	37802	-	SRR35808611_ctg707|provirus_5227802_5272024	87.6	00	25909	152.0	0.486	4.7850000000000004e-43	No_PHROGs_HMM	No_PHROGs_HMM	No_PHROGs_HMM	No_custom_HMM	No_custom_HMM	No_custom_HMM	25909	ab initio prediction:Pyrodigal-gv:0.3.2	CDS	#a861e3	transcription antiterminator	transcription regulation	None	None	None	None	None	None	None	None	None	None	None	None	None	None	None	None	None	None	None	11
SRR35808611_ctg707|provirus_5227802_5272024_CDS_0047	38587	38336	-	SRR35808611_ctg707|provirus_5227802_5272024	16.7	00	No_PHROG	No_PHROG	No_PHROG	No_PHROG	No_PHROGs_HMM	No_PHROGs_HMM	No_PHROGs_HMM	No_custom_HMM	No_custom_HMM	No_custom_HMM	No_PHROG	ab initio prediction:Pyrodigal-gv:0.3.2	CDS	None	hypothetical protein	unknown function	None	None	None	None	None	None	None	None	None	None	None	None	None	None	None	None	None	None	None	11
SRR35808611_ctg707|provirus_5227802_5272024_CDS_0048	38941	38588	-	SRR35808611_ctg707|provirus_5227802_5272024	50.8	00	No_PHROG	No_PHROG	No_PHROG	No_PHROG	No_PHROGs_HMM	No_PHROGs_HMM	No_PHROGs_HMM	No_custom_HMM	No_custom_HMM	No_custom_HMM	No_PHROG	ab initio prediction:Pyrodigal-gv:0.3.2	CDS	None	hypothetical protein	unknown function	None	None	None	None	None	None	None	None	None	None	None	None	None	None	None	None	None	None	None	11
SRR35808611_ctg707|provirus_5227802_5272024_CDS_0049	39429	39106	-	SRR35808611_ctg707|provirus_5227802_5272024	29.8	00	3502	51.0	0.407	1.298e-10	No_PHROGs_HMM	No_PHROGs_HMM	No_PHROGs_HMM	No_custom_HMM	No_custom_HMM	No_custom_HMM	3502	ab initio prediction:Pyrodigal-gv:0.3.2	CDS	#c9c9c9	hypothetical protein	unknown function	None	None	None	None	None	None	None	None	None	None	None	None	None	None	None	None	None	None	None	11
SRR35808611_ctg707|provirus_5227802_5272024_CDS_0050	39776	40384	+	SRR35808611_ctg707|provirus_5227802_5272024	101.2	00	4	68.0	0.254	1.418e-14	No_PHROGs_HMM	No_PHROGs_HMM	No_PHROGs_HMM	No_custom_HMM	No_custom_HMM	No_custom_HMM	4	ab initio prediction:Pyrodigal-gv:0.3.2	CDS	#a861e3	transcriptional repressor	transcription regulation	None	None	None	None	None	None	None	None	None	None	None	None	None	None	None	None	None	None	None	11
SRR35808611_ctg707|provirus_5227802_5272024_CDS_0051	40591	41016	+	SRR35808611_ctg707|provirus_5227802_5272024	24.2	00	No_PHROG	No_PHROG	No_PHROG	No_PHROG	No_PHROGs_HMM	No_PHROGs_HMM	No_PHROGs_HMM	No_custom_HMM	No_custom_HMM	No_custom_HMM	No_PHROG	ab initio prediction:Pyrodigal-gv:0.3.2	CDS	None	hypothetical protein	unknown function	None	None	None	None	None	None	None	None	None	None	None	None	None	None	None	None	None	None	None	11
SRR35808611_ctg707|provirus_5227802_5272024_CDS_0052	41611	41339	-	SRR35808611_ctg707|provirus_5227802_5272024	36.9	00	379	92.0	0.503	4.554e-24	No_PHROGs_HMM	No_PHROGs_HMM	No_PHROGs_HMM	No_custom_HMM	No_custom_HMM	No_custom_HMM	379	ab initio prediction:Pyrodigal-gv:0.3.2	CDS	#ffdf59	DNA binding protein	DNA, RNA and nucleotide metabolism	None	None	None	None	None	None	None	None	None	None	None	None	None	None	None	None	None	None	None	11
SRR35808611_ctg707|provirus_5227802_5272024_CDS_0053	44223	41800	-	SRR35808611_ctg707|provirus_5227802_5272024	506.2	01	15585	1025.0	0.668	0.0	No_PHROGs_HMM	No_PHROGs_HMM	No_PHROGs_HMM	No_custom_HMM	No_custom_HMM	No_custom_HMM	15585	ab initio prediction:Pyrodigal-gv:0.3.2	CDS	#c9c9c9	hypothetical protein	unknown function	None	None	None	None	None	None	None	None	None	None	None	None	None	None	None	None	None	None	None	11
SRR35808611_ctg1214|provirus_771119_813367_CDS_0001	528	1	-	SRR35808611_ctg1214|provirus_771119_813367	56.7	00	No_PHROG	No_PHROG	No_PHROG	No_PHROG	No_PHROGs_HMM	No_PHROGs_HMM	No_PHROGs_HMM	No_custom_HMM	No_custom_HMM	No_custom_HMM	No_PHROG	ab initio prediction:Pyrodigal-gv:0.3.2	CDS	None	hypothetical protein	unknown function	None	None	None	None	None	None	None	None	None	None	None	None	None	None	None	None	None	None	None	11
SRR35808611_ctg1214|provirus_771119_813367_CDS_0002	1236	814	-	SRR35808611_ctg1214|provirus_771119_813367	28.2	00	497	74.0	0.346	6.152e-18	No_PHROGs_HMM	No_PHROGs_HMM	No_PHROGs_HMM	No_custom_HMM	No_custom_HMM	No_custom_HMM	497	ab initio prediction:Pyrodigal-gv:0.3.2	CDS	#ff59f5	toxin-antitoxin system HicB-like	moron, auxiliary metabolic gene and host takeover	None	None	None	None	None	None	None	None	None	None	None	None	None	None	None	None	None	None	None	11
SRR35808611_ctg1214|provirus_771119_813367_CDS_0003	1506	1330	-	SRR35808611_ctg1214|provirus_771119_813367	15.0	00	353	55.0	0.467	1.929e-12	No_PHROGs_HMM	No_PHROGs_HMM	No_PHROGs_HMM	No_custom_HMM	No_custom_HMM	No_custom_HMM	353	ab initio prediction:Pyrodigal-gv:0.3.2	CDS	#ff59f5	toxin	moron, auxiliary metabolic gene and host takeover	None	None	None	None	None	None	None	None	None	None	None	None	None	None	None	None	None	None	None	11
SRR35808611_ctg1214|provirus_771119_813367_CDS_0004	1933	1661	-	SRR35808611_ctg1214|provirus_771119_813367	69.4	00	1300	79.0	0.52	1.788e-20	No_PHROGs_HMM	No_PHROGs_HMM	No_PHROGs_HMM	No_custom_HMM	No_custom_HMM	No_custom_HMM	1300	ab initio prediction:Pyrodigal-gv:0.3.2	CDS	#fea328	excisionase	integration and excision	None	None	None	None	None	None	None	None	None	None	None	None	None	None	None	None	None	None	None	11
SRR35808611_ctg1214|provirus_771119_813367_CDS_0005	2050	2724	+	SRR35808611_ctg1214|provirus_771119_813367	43.1	00	No_PHROG	No_PHROG	No_PHROG	No_PHROG	No_PHROGs_HMM	No_PHROGs_HMM	No_PHROGs_HMM	No_custom_HMM	No_custom_HMM	No_custom_HMM	No_PHROG	ab initio prediction:Pyrodigal-gv:0.3.2	CDS	None	hypothetical protein	unknown function	None	None	None	None	None	None	None	None	None	None	None	None	None	None	None	None	None	None	None	11
SRR35808611_ctg1214|provirus_771119_813367_CDS_0006	4397	2727	-	SRR35808611_ctg1214|provirus_771119_813367	300.5	00	23072	253.0	0.42	3.641e-75	No_PHROGs_HMM	No_PHROGs_HMM	No_PHROGs_HMM	No_custom_HMM	No_custom_HMM	No_custom_HMM	23072	ab initio prediction:Pyrodigal-gv:0.3.2	CDS	#838383	DNA methyltransferase	other	None	None	None	None	None	None	None	None	None	None	None	None	None	None	None	None	None	None	None	11
SRR35808611_ctg1214|provirus_771119_813367_CDS_0007	4927	4394	-	SRR35808611_ctg1214|provirus_771119_813367	83.7	00	No_PHROG	No_PHROG	No_PHROG	No_PHROG	No_PHROGs_HMM	No_PHROGs_HMM	No_PHROGs_HMM	No_custom_HMM	No_custom_HMM	No_custom_HMM	No_PHROG	ab initio prediction:Pyrodigal-gv:0.3.2	CDS	None	hypothetical protein	unknown function	None	None	None	None	None	None	None	None	None	None	None	None	None	None	None	None	None	None	None	11
SRR35808611_ctg1214|provirus_771119_813367_CDS_0008	5535	4924	-	SRR35808611_ctg1214|provirus_771119_813367	105.9	00	No_PHROG	No_PHROG	No_PHROG	No_PHROG	No_PHROGs_HMM	No_PHROGs_HMM	No_PHROGs_HMM	No_custom_HMM	No_custom_HMM	No_custom_HMM	No_PHROG	ab initio prediction:Pyrodigal-gv:0.3.2	CDS	None	hypothetical protein	unknown function	None	None	None	None	None	None	None	None	None	None	None	None	None	None	None	None	None	None	None	11
SRR35808611_ctg1214|provirus_771119_813367_CDS_0009	6530	5532	-	SRR35808611_ctg1214|provirus_771119_813367	135.4	00	318	114.0	0.38	6.749e-31	No_PHROGs_HMM	No_PHROGs_HMM	No_PHROGs_HMM	No_custom_HMM	No_custom_HMM	No_custom_HMM	318	ab initio prediction:Pyrodigal-gv:0.3.2	CDS	#838383	deoxyribonucleoside 5' monophosphate phosphatase	other	None	None	None	None	None	None	None	None	None	None	None	None	None	None	None	None	None	None	None	11
SRR35808611_ctg1214|provirus_771119_813367_CDS_0010	8271	6523	-	SRR35808611_ctg1214|provirus_771119_813367	373.0	00	18726	123.0	0.292	1.947e-30	No_PHROGs_HMM	No_PHROGs_HMM	No_PHROGs_HMM	No_custom_HMM	No_custom_HMM	No_custom_HMM	18726	ab initio prediction:Pyrodigal-gv:0.3.2	CDS	#c9c9c9	hypothetical protein	unknown function	None	None	None	None	None	None	None	None	None	None	None	None	None	None	None	None	None	None	None	11
SRR35808611_ctg1214|provirus_771119_813367_CDS_0011	8831	8268	-	SRR35808611_ctg1214|provirus_771119_813367	110.3	00	No_PHROG	No_PHROG	No_PHROG	No_PHROG	No_PHROGs_HMM	No_PHROGs_HMM	No_PHROGs_HMM	No_custom_HMM	No_custom_HMM	No_custom_HMM	No_PHROG	ab initio prediction:Pyrodigal-gv:0.3.2	CDS	None	hypothetical protein	unknown function	None	None	None	None	None	None	None	None	None	None	None	None	None	None	None	None	None	None	None	11
SRR35808611_ctg1214|provirus_771119_813367_CDS_0012	9161	8838	-	SRR35808611_ctg1214|provirus_771119_813367	44.2	00	No_PHROG	No_PHROG	No_PHROG	No_PHROG	No_PHROGs_HMM	No_PHROGs_HMM	No_PHROGs_HMM	No_custom_HMM	No_custom_HMM	No_custom_HMM	No_PHROG	ab initio prediction:Pyrodigal-gv:0.3.2	CDS	None	hypothetical protein	unknown function	None	None	None	None	None	None	None	None	None	None	None	None	None	None	None	None	None	None	None	11
SRR35808611_ctg1214|provirus_771119_813367_CDS_0013	9427	9164	-	SRR35808611_ctg1214|provirus_771119_813367	26.4	00	No_PHROG	No_PHROG	No_PHROG	No_PHROG	No_PHROGs_HMM	No_PHROGs_HMM	No_PHROGs_HMM	No_custom_HMM	No_custom_HMM	No_custom_HMM	No_PHROG	ab initio prediction:Pyrodigal-gv:0.3.2	CDS	None	hypothetical protein	unknown function	None	None	None	None	None	None	None	None	None	None	None	None	None	None	None	None	None	None	None	11
SRR35808611_ctg1214|provirus_771119_813367_CDS_0014	9675	9424	-	SRR35808611_ctg1214|provirus_771119_813367	14.2	00	No_PHROG	No_PHROG	No_PHROG	No_PHROG	No_PHROGs_HMM	No_PHROGs_HMM	No_PHROGs_HMM	No_custom_HMM	No_custom_HMM	No_custom_HMM	No_PHROG	ab initio prediction:Pyrodigal-gv:0.3.2	CDS	None	hypothetical protein	unknown function	None	None	None	None	None	None	None	None	None	None	None	None	None	None	None	None	None	None	None	11
SRR35808611_ctg1214|provirus_771119_813367_CDS_0015	10010	9672	-	SRR35808611_ctg1214|provirus_771119_813367	45.9	00	No_PHROG	No_PHROG	No_PHROG	No_PHROG	No_PHROGs_HMM	No_PHROGs_HMM	No_PHROGs_HMM	No_custom_HMM	No_custom_HMM	No_custom_HMM	No_PHROG	ab initio prediction:Pyrodigal-gv:0.3.2	CDS	None	hypothetical protein	unknown function	None	None	None	None	None	None	None	None	None	None	None	None	None	None	None	None	None	None	None	11
SRR35808611_ctg1214|provirus_771119_813367_CDS_0016	10240	10007	-	SRR35808611_ctg1214|provirus_771119_813367	48.5	00	No_PHROG	No_PHROG	No_PHROG	No_PHROG	No_PHROGs_HMM	No_PHROGs_HMM	No_PHROGs_HMM	No_custom_HMM	No_custom_HMM	No_custom_HMM	No_PHROG	ab initio prediction:Pyrodigal-gv:0.3.2	CDS	None	hypothetical protein	unknown function	None	None	None	None	None	None	None	None	None	None	None	None	None	None	None	None	None	None	None	11
SRR35808611_ctg1214|provirus_771119_813367_CDS_0017	10310	10525	+	SRR35808611_ctg1214|provirus_771119_813367	13.5	00	No_PHROG	No_PHROG	No_PHROG	No_PHROG	No_PHROGs_HMM	No_PHROGs_HMM	No_PHROGs_HMM	No_custom_HMM	No_custom_HMM	No_custom_HMM	No_PHROG	ab initio prediction:Pyrodigal-gv:0.3.2	CDS	None	hypothetical protein	unknown function	None	None	None	None	None	None	None	None	None	None	None	None	None	None	None	None	None	None	None	11
SRR35808611_ctg1214|provirus_771119_813367_CDS_0018	10747	10514	-	SRR35808611_ctg1214|provirus_771119_813367	24.0	00	No_PHROG	No_PHROG	No_PHROG	No_PHROG	No_PHROGs_HMM	No_PHROGs_HMM	No_PHROGs_HMM	No_custom_HMM	No_custom_HMM	No_custom_HMM	No_PHROG	ab initio prediction:Pyrodigal-gv:0.3.2	CDS	None	hypothetical protein	unknown function	None	None	None	None	None	None	None	None	None	None	None	None	None	None	None	None	None	None	None	11
SRR35808611_ctg1214|provirus_771119_813367_CDS_0019	11228	10866	-	SRR35808611_ctg1214|provirus_771119_813367	70.4	00	No_PHROG	No_PHROG	No_PHROG	No_PHROG	No_PHROGs_HMM	No_PHROGs_HMM	No_PHROGs_HMM	No_custom_HMM	No_custom_HMM	No_custom_HMM	No_PHROG	ab initio prediction:Pyrodigal-gv:0.3.2	CDS	None	hypothetical protein	unknown function	None	None	None	None	None	None	None	None	None	None	None	None	None	None	None	None	None	None	None	11
SRR35808611_ctg1214|provirus_771119_813367_CDS_0020	11464	11252	-	SRR35808611_ctg1214|provirus_771119_813367	28.8	00	No_PHROG	No_PHROG	No_PHROG	No_PHROG	No_PHROGs_HMM	No_PHROGs_HMM	No_PHROGs_HMM	No_custom_HMM	No_custom_HMM	No_custom_HMM	No_PHROG	ab initio prediction:Pyrodigal-gv:0.3.2	CDS	None	hypothetical protein	unknown function	None	None	None	None	None	None	None	None	None	None	None	None	None	None	None	None	None	None	None	11
SRR35808611_ctg1214|provirus_771119_813367_CDS_0021	11757	11521	-	SRR35808611_ctg1214|provirus_771119_813367	7.2	00	No_PHROG	No_PHROG	No_PHROG	No_PHROG	No_PHROGs_HMM	No_PHROGs_HMM	No_PHROGs_HMM	No_custom_HMM	No_custom_HMM	No_custom_HMM	No_PHROG	ab initio prediction:Pyrodigal-gv:0.3.2	CDS	None	hypothetical protein	unknown function	None	None	None	None	None	None	None	None	None	None	None	None	None	None	None	None	None	None	None	11
SRR35808611_ctg1214|provirus_771119_813367_CDS_0022	12368	11754	-	SRR35808611_ctg1214|provirus_771119_813367	73.8	00	2967	40.0	0.339	9.366e-06	No_PHROGs_HMM	No_PHROGs_HMM	No_PHROGs_HMM	No_custom_HMM	No_custom_HMM	No_custom_HMM	2967	ab initio prediction:Pyrodigal-gv:0.3.2	CDS	#a861e3	transcriptional regulator	transcription regulation	None	None	None	None	None	None	None	None	None	None	None	None	None	None	None	None	None	None	None	11
SRR35808611_ctg1214|provirus_771119_813367_CDS_0023	12485	12715	+	SRR35808611_ctg1214|provirus_771119_813367	4.1	00	No_PHROG	No_PHROG	No_PHROG	No_PHROG	No_PHROGs_HMM	No_PHROGs_HMM	No_PHROGs_HMM	No_custom_HMM	No_custom_HMM	No_custom_HMM	No_PHROG	ab initio prediction:Pyrodigal-gv:0.3.2	CDS	None	hypothetical protein	unknown function	None	None	None	None	None	None	None	None	None	None	None	None	None	None	None	None	None	None	None	11
SRR35808611_ctg1214|provirus_771119_813367_CDS_0024	12715	13191	+	SRR35808611_ctg1214|provirus_771119_813367	100.5	00	101	68.0	0.319	4.053e-15	No_PHROGs_HMM	No_PHROGs_HMM	No_PHROGs_HMM	No_custom_HMM	No_custom_HMM	No_custom_HMM	101	ab initio prediction:Pyrodigal-gv:0.3.2	CDS	#a861e3	CII-like transcriptional activator	transcription regulation	None	None	None	None	None	None	None	None	None	None	None	None	None	None	None	None	None	None	None	11
SRR35808611_ctg1214|provirus_771119_813367_CDS_0025	13188	13457	+	SRR35808611_ctg1214|provirus_771119_813367	35.9	00	No_PHROG	No_PHROG	No_PHROG	No_PHROG	No_PHROGs_HMM	No_PHROGs_HMM	No_PHROGs_HMM	No_custom_HMM	No_custom_HMM	No_custom_HMM	No_PHROG	ab initio prediction:Pyrodigal-gv:0.3.2	CDS	None	hypothetical protein	unknown function	None	None	None	None	None	None	None	None	None	None	None	None	None	None	None	None	None	None	None	11
SRR35808611_ctg1214|provirus_771119_813367_CDS_0026	13454	13714	+	SRR35808611_ctg1214|provirus_771119_813367	24.6	00	No_PHROG	No_PHROG	No_PHROG	No_PHROG	No_PHROGs_HMM	No_PHROGs_HMM	No_PHROGs_HMM	No_custom_HMM	No_custom_HMM	No_custom_HMM	No_PHROG	ab initio prediction:Pyrodigal-gv:0.3.2	CDS	None	hypothetical protein	unknown function	None	None	None	None	None	None	None	None	None	None	None	None	None	None	None	None	None	None	None	11
SRR35808611_ctg1214|provirus_771119_813367_CDS_0027	13714	16401	+	SRR35808611_ctg1214|provirus_771119_813367	500.5	00	4762	153.0	0.28	3.735e-39	No_PHROGs_HMM	No_PHROGs_HMM	No_PHROGs_HMM	No_custom_HMM	No_custom_HMM	No_custom_HMM	4762	ab initio prediction:Pyrodigal-gv:0.3.2	CDS	#c9c9c9	hypothetical protein	unknown function	None	None	None	None	None	None	None	None	None	None	None	None	None	None	None	None	None	None	None	11
SRR35808611_ctg1214|provirus_771119_813367_CDS_0028	16670	17035	+	SRR35808611_ctg1214|provirus_771119_813367	36.7	00	No_PHROG	No_PHROG	No_PHROG	No_PHROG	No_PHROGs_HMM	No_PHROGs_HMM	No_PHROGs_HMM	No_custom_HMM	No_custom_HMM	No_custom_HMM	No_PHROG	ab initio prediction:Pyrodigal-gv:0.3.2	CDS	None	hypothetical protein	unknown function	None	None	None	None	None	None	None	None	None	None	None	None	None	None	None	None	None	None	None	11
SRR35808611_ctg1214|provirus_771119_813367_CDS_0029	17167	17685	+	SRR35808611_ctg1214|provirus_771119_813367	19.7	00	144	49.0	0.317	2.285e-09	No_PHROGs_HMM	No_PHROGs_HMM	No_PHROGs_HMM	No_custom_HMM	No_custom_HMM	No_custom_HMM	144	ab initio prediction:Pyrodigal-gv:0.3.2	CDS	#ffdf59	HNH endonuclease	DNA, RNA and nucleotide metabolism	None	None	None	None	None	None	None	None	None	None	None	None	None	None	None	None	None	None	None	11
SRR35808611_ctg1214|provirus_771119_813367_CDS_0030	17685	18239	+	SRR35808611_ctg1214|provirus_771119_813367	96.6	00	83	98.0	0.346	1.3280000000000001e-25	No_PHROGs_HMM	No_PHROGs_HMM	No_PHROGs_HMM	No_custom_HMM	No_custom_HMM	No_custom_HMM	83	ab initio prediction:Pyrodigal-gv:0.3.2	CDS	#3e83f6	terminase small subunit	head and packaging	None	None	None	None	None	None	None	None	None	None	None	None	None	None	None	None	None	None	None	11
SRR35808611_ctg1214|provirus_771119_813367_CDS_0031	18242	19963	+	SRR35808611_ctg1214|provirus_771119_813367	355.5	00	2699	208.0	0.352	5.173999999999999e-60	No_PHROGs_HMM	No_PHROGs_HMM	No_PHROGs_HMM	No_custom_HMM	No_custom_HMM	No_custom_HMM	2699	ab initio prediction:Pyrodigal-gv:0.3.2	CDS	#3e83f6	terminase large subunit	head and packaging	None	None	None	None	None	None	None	None	None	None	None	None	None	None	None	None	None	None	None	11
SRR35808611_ctg1214|provirus_771119_813367_CDS_0032	19966	21264	+	SRR35808611_ctg1214|provirus_771119_813367	233.9	00	12	204.0	0.354	6.538e-58	No_PHROGs_HMM	No_PHROGs_HMM	No_PHROGs_HMM	No_custom_HMM	No_custom_HMM	No_custom_HMM	12	ab initio prediction:Pyrodigal-gv:0.3.2	CDS	#3e83f6	portal protein	head and packaging	None	None	None	None	None	None	None	None	None	None	None	None	None	None	None	None	None	None	None	11
SRR35808611_ctg1214|provirus_771119_813367_CDS_0033	21254	22054	+	SRR35808611_ctg1214|provirus_771119_813367	113.9	00	94	161.0	0.473	2.804e-46	No_PHROGs_HMM	No_PHROGs_HMM	No_PHROGs_HMM	No_custom_HMM	No_custom_HMM	No_custom_HMM	94	ab initio prediction:Pyrodigal-gv:0.3.2	CDS	#3e83f6	head maturation protease	head and packaging	None	None	None	None	None	None	None	None	None	None	None	None	None	None	None	None	None	None	None	11
SRR35808611_ctg1214|provirus_771119_813367_CDS_0034	22127	23380	+	SRR35808611_ctg1214|provirus_771119_813367	316.5	00	10	192.0	0.305	3.6549999999999996e-54	No_PHROGs_HMM	No_PHROGs_HMM	No_PHROGs_HMM	No_custom_HMM	No_custom_HMM	No_custom_HMM	10	ab initio prediction:Pyrodigal-gv:0.3.2	CDS	#3e83f6	major head protein	head and packaging	None	None	None	None	None	None	None	None	None	None	None	None	None	None	None	None	None	None	None	11
SRR35808611_ctg1214|provirus_771119_813367_CDS_0035	23467	23811	+	SRR35808611_ctg1214|provirus_771119_813367	77.6	00	No_PHROG	No_PHROG	No_PHROG	No_PHROG	No_PHROGs_HMM	No_PHROGs_HMM	No_PHROGs_HMM	No_custom_HMM	No_custom_HMM	No_custom_HMM	No_PHROG	ab initio prediction:Pyrodigal-gv:0.3.2	CDS	None	hypothetical protein	unknown function	None	None	None	None	None	None	None	None	None	None	None	None	None	None	None	None	None	None	None	11
SRR35808611_ctg1214|provirus_771119_813367_CDS_0036	23878	24276	+	SRR35808611_ctg1214|provirus_771119_813367	97.4	00	644	79.0	0.412	5.727000000000001e-20	No_PHROGs_HMM	No_PHROGs_HMM	No_PHROGs_HMM	No_custom_HMM	No_custom_HMM	No_custom_HMM	644	ab initio prediction:Pyrodigal-gv:0.3.2	CDS	#c9c9c9	hypothetical protein	unknown function	None	None	None	None	None	None	None	None	None	None	None	None	None	None	None	None	None	None	None	11
SRR35808611_ctg1214|provirus_771119_813367_CDS_0037	24276	25424	+	SRR35808611_ctg1214|provirus_771119_813367	181.4	00	No_PHROG	No_PHROG	No_PHROG	No_PHROG	No_PHROGs_HMM	No_PHROGs_HMM	No_PHROGs_HMM	No_custom_HMM	No_custom_HMM	No_custom_HMM	No_PHROG	ab initio prediction:Pyrodigal-gv:0.3.2	CDS	None	hypothetical protein	unknown function	None	None	None	None	None	None	None	None	None	None	None	None	None	None	None	None	None	None	None	11
SRR35808611_ctg1214|provirus_771119_813367_CDS_0038	25425	26960	+	SRR35808611_ctg1214|provirus_771119_813367	272.3	00	27200	120.0	0.352	2.692e-28	No_PHROGs_HMM	No_PHROGs_HMM	No_PHROGs_HMM	No_custom_HMM	No_custom_HMM	No_custom_HMM	27200	ab initio prediction:Pyrodigal-gv:0.3.2	CDS	#c9c9c9	hypothetical protein	unknown function	None	None	None	None	None	None	None	None	None	None	None	None	None	None	None	None	None	None	None	11
SRR35808611_ctg1214|provirus_771119_813367_CDS_0039	26965	28137	+	SRR35808611_ctg1214|provirus_771119_813367	180.7	00	No_PHROG	No_PHROG	No_PHROG	No_PHROG	No_PHROGs_HMM	No_PHROGs_HMM	No_PHROGs_HMM	No_custom_HMM	No_custom_HMM	No_custom_HMM	No_PHROG	ab initio prediction:Pyrodigal-gv:0.3.2	CDS	None	hypothetical protein	unknown function	None	None	None	None	None	None	None	None	None	None	None	None	None	None	None	None	None	None	None	11
SRR35808611_ctg1214|provirus_771119_813367_CDS_0040	28115	28474	+	SRR35808611_ctg1214|provirus_771119_813367	59.0	00	No_PHROG	No_PHROG	No_PHROG	No_PHROG	No_PHROGs_HMM	No_PHROGs_HMM	No_PHROGs_HMM	No_custom_HMM	No_custom_HMM	No_custom_HMM	No_PHROG	ab initio prediction:Pyrodigal-gv:0.3.2	CDS	None	hypothetical protein	unknown function	None	None	None	None	None	None	None	None	None	None	None	None	None	None	None	None	None	None	None	11
SRR35808611_ctg1214|provirus_771119_813367_CDS_0041	28471	29034	+	SRR35808611_ctg1214|provirus_771119_813367	117.6	00	No_PHROG	No_PHROG	No_PHROG	No_PHROG	No_PHROGs_HMM	No_PHROGs_HMM	No_PHROGs_HMM	No_custom_HMM	No_custom_HMM	No_custom_HMM	No_PHROG	ab initio prediction:Pyrodigal-gv:0.3.2	CDS	None	hypothetical protein	unknown function	None	None	None	None	None	None	None	None	None	None	None	None	None	None	None	None	None	None	None	11
SRR35808611_ctg1214|provirus_771119_813367_CDS_0042	29031	29432	+	SRR35808611_ctg1214|provirus_771119_813367	65.9	00	347	47.0	0.272	1.121e-08	No_PHROGs_HMM	No_PHROGs_HMM	No_PHROGs_HMM	No_custom_HMM	No_custom_HMM	No_custom_HMM	347	ab initio prediction:Pyrodigal-gv:0.3.2	CDS	#35d7ff	tail terminator	connector	None	None	None	None	None	None	None	None	None	None	None	None	None	None	None	None	None	None	None	11
SRR35808611_ctg1214|provirus_771119_813367_CDS_0043	29500	30711	+	SRR35808611_ctg1214|provirus_771119_813367	306.0	00	290	82.0	0.283	1.481e-18	No_PHROGs_HMM	No_PHROGs_HMM	No_PHROGs_HMM	No_custom_HMM	No_custom_HMM	No_custom_HMM	290	ab initio prediction:Pyrodigal-gv:0.3.2	CDS	#07e9a2	minor tail protein	tail	None	None	None	None	None	None	None	None	None	None	None	None	None	None	None	None	None	None	None	11
SRR35808611_ctg1214|provirus_771119_813367_CDS_0044	30813	31253	+	SRR35808611_ctg1214|provirus_771119_813367	81.7	00	No_PHROG	No_PHROG	No_PHROG	No_PHROG	No_PHROGs_HMM	No_PHROGs_HMM	No_PHROGs_HMM	No_custom_HMM	No_custom_HMM	No_custom_HMM	No_PHROG	ab initio prediction:Pyrodigal-gv:0.3.2	CDS	None	hypothetical protein	unknown function	None	None	None	None	None	None	None	None	None	None	None	None	None	None	None	None	None	None	None	11
SRR35808611_ctg1214|provirus_771119_813367_CDS_0045	31274	31606	+	SRR35808611_ctg1214|provirus_771119_813367	46.7	00	4966	73.0	0.435	9.823e-18	No_PHROGs_HMM	No_PHROGs_HMM	No_PHROGs_HMM	No_custom_HMM	No_custom_HMM	No_custom_HMM	4966	ab initio prediction:Pyrodigal-gv:0.3.2	CDS	#c9c9c9	hypothetical protein	unknown function	None	None	None	None	None	None	None	None	None	None	None	None	None	None	None	None	None	None	None	11
SRR35808611_ctg1214|provirus_771119_813367_CDS_0046	31603	35178	+	SRR35808611_ctg1214|provirus_771119_813367	848.2	00	25966	93.0	0.156	2.3410000000000003e-20	No_PHROGs_HMM	No_PHROGs_HMM	No_PHROGs_HMM	No_custom_HMM	No_custom_HMM	No_custom_HMM	25966	ab initio prediction:Pyrodigal-gv:0.3.2	CDS	#07e9a2	tail length tape measure protein	tail	None	None	None	None	None	None	None	None	None	None	None	None	None	None	None	None	None	None	None	11
SRR35808611_ctg1214|provirus_771119_813367_CDS_0047	35175	36110	+	SRR35808611_ctg1214|provirus_771119_813367	216.4	00	6278	123.0	0.291	1.944e-32	No_PHROGs_HMM	No_PHROGs_HMM	No_PHROGs_HMM	No_custom_HMM	No_custom_HMM	No_custom_HMM	6278	ab initio prediction:Pyrodigal-gv:0.3.2	CDS	#c9c9c9	hypothetical protein	unknown function	None	None	None	None	None	None	None	None	None	None	None	None	None	None	None	None	None	None	None	11
SRR35808611_ctg1214|provirus_771119_813367_CDS_0048	36110	36811	+	SRR35808611_ctg1214|provirus_771119_813367	78.8	00	No_PHROG	No_PHROG	No_PHROG	No_PHROG	No_PHROGs_HMM	No_PHROGs_HMM	No_PHROGs_HMM	No_custom_HMM	No_custom_HMM	No_custom_HMM	No_PHROG	ab initio prediction:Pyrodigal-gv:0.3.2	CDS	None	hypothetical protein	unknown function	None	None	None	None	None	None	None	None	None	None	None	None	None	None	None	None	None	None	None	11
SRR35808611_ctg1214|provirus_771119_813367_CDS_0049	36808	37335	+	SRR35808611_ctg1214|provirus_771119_813367	86.4	00	No_PHROG	No_PHROG	No_PHROG	No_PHROG	No_PHROGs_HMM	No_PHROGs_HMM	No_PHROGs_HMM	No_custom_HMM	No_custom_HMM	No_custom_HMM	No_PHROG	ab initio prediction:Pyrodigal-gv:0.3.2	CDS	None	hypothetical protein	unknown function	None	None	None	None	None	None	None	None	None	None	None	None	None	None	None	None	None	None	None	11
SRR35808611_ctg1214|provirus_771119_813367_CDS_0050	37337	37735	+	SRR35808611_ctg1214|provirus_771119_813367	61.8	00	6034	71.0	0.375	2.795e-16	No_PHROGs_HMM	No_PHROGs_HMM	No_PHROGs_HMM	No_custom_HMM	No_custom_HMM	No_custom_HMM	6034	ab initio prediction:Pyrodigal-gv:0.3.2	CDS	#c9c9c9	hypothetical protein	unknown function	None	None	None	None	None	None	None	None	None	None	None	None	None	None	None	None	None	None	None	11
SRR35808611_ctg1214|provirus_771119_813367_CDS_0051	37795	38895	+	SRR35808611_ctg1214|provirus_771119_813367	214.4	00	No_PHROG	No_PHROG	No_PHROG	No_PHROG	No_PHROGs_HMM	No_PHROGs_HMM	No_PHROGs_HMM	No_custom_HMM	No_custom_HMM	No_custom_HMM	No_PHROG	ab initio prediction:Pyrodigal-gv:0.3.2	CDS	None	hypothetical protein	unknown function	None	None	None	None	None	None	None	None	None	None	None	None	None	None	None	None	None	None	None	11
SRR35808611_ctg1214|provirus_771119_813367_CDS_0052	38925	39200	+	SRR35808611_ctg1214|provirus_771119_813367	54.3	00	No_PHROG	No_PHROG	No_PHROG	No_PHROG	No_PHROGs_HMM	No_PHROGs_HMM	No_PHROGs_HMM	No_custom_HMM	No_custom_HMM	No_custom_HMM	No_PHROG	ab initio prediction:Pyrodigal-gv:0.3.2	CDS	None	hypothetical protein	unknown function	None	None	None	None	None	None	None	None	None	None	None	None	None	None	None	None	None	None	None	11
SRR35808611_ctg1214|provirus_771119_813367_CDS_0053	39212	39694	+	SRR35808611_ctg1214|provirus_771119_813367	102.7	00	315	154.0	0.509	9.105999999999999e-45	No_PHROGs_HMM	No_PHROGs_HMM	No_PHROGs_HMM	No_custom_HMM	No_custom_HMM	No_custom_HMM	315	ab initio prediction:Pyrodigal-gv:0.3.2	CDS	#f35f49	endolysin	lysis	None	None	None	None	None	None	None	None	None	None	None	None	None	None	None	None	None	None	None	11
SRR35808611_ctg1214|provirus_771119_813367_CDS_0054	39696	40214	+	SRR35808611_ctg1214|provirus_771119_813367	127.0	00	1544	51.0	0.23	2.78e-09	No_PHROGs_HMM	No_PHROGs_HMM	No_PHROGs_HMM	No_custom_HMM	No_custom_HMM	No_custom_HMM	1544	ab initio prediction:Pyrodigal-gv:0.3.2	CDS	#c9c9c9	hypothetical protein	unknown function	None	None	None	None	None	None	None	None	None	None	None	None	None	None	None	None	None	None	None	11
SRR35808611_ctg1214|provirus_771119_813367_CDS_0055	40756	40418	-	SRR35808611_ctg1214|provirus_771119_813367	47.1	00	338	42.0	0.422	3.897e-07	No_PHROGs_HMM	No_PHROGs_HMM	No_PHROGs_HMM	No_custom_HMM	No_custom_HMM	No_custom_HMM	338	ab initio prediction:Pyrodigal-gv:0.3.2	CDS	#ffdf59	HNH endonuclease	DNA, RNA and nucleotide metabolism	None	None	None	None	None	None	None	None	None	None	None	None	None	None	None	None	None	None	None	11
SRR35808611_ctg1214|provirus_771119_813367_CDS_0056	42249	41182	-	SRR35808611_ctg1214|provirus_771119_813367	192.6	01	22184	88.0	0.253	7.631e-21	No_PHROGs_HMM	No_PHROGs_HMM	No_PHROGs_HMM	No_custom_HMM	No_custom_HMM	No_custom_HMM	22184	ab initio prediction:Pyrodigal-gv:0.3.2	CDS	#c9c9c9	hypothetical protein	unknown function	None	None	None	None	None	None	None	None	None	None	None	None	None	None	None	None	None	None	None	11
SRR35809155_ctg108|provirus_3243057_3288390_CDS_0001	1068	1	-	SRR35809155_ctg108|provirus_3243057_3288390	173.4	00	1	85.0	0.217	4.472e-19	No_PHROGs_HMM	No_PHROGs_HMM	No_PHROGs_HMM	No_custom_HMM	No_custom_HMM	No_custom_HMM	1	ab initio prediction:Pyrodigal-gv:0.3.2	CDS	#fea328	integrase	integration and excision	None	None	None	None	None	None	None	None	None	None	None	None	None	None	None	None	None	None	None	11
SRR35809155_ctg108|provirus_3243057_3288390_CDS_0002	1339	1070	-	SRR35809155_ctg108|provirus_3243057_3288390	20.5	00	No_PHROG	No_PHROG	No_PHROG	No_PHROG	No_PHROGs_HMM	No_PHROGs_HMM	No_PHROGs_HMM	No_custom_HMM	No_custom_HMM	No_custom_HMM	No_PHROG	ab initio prediction:Pyrodigal-gv:0.3.2	CDS	None	hypothetical protein	unknown function	None	None	None	None	None	None	None	None	None	None	None	None	None	None	None	None	None	None	None	11
SRR35809155_ctg108|provirus_3243057_3288390_CDS_0003	1785	1339	-	SRR35809155_ctg108|provirus_3243057_3288390	90.5	00	17260	51.0	0.26	1.343e-09	No_PHROGs_HMM	No_PHROGs_HMM	No_PHROGs_HMM	No_custom_HMM	No_custom_HMM	No_custom_HMM	17260	ab initio prediction:Pyrodigal-gv:0.3.2	CDS	#c9c9c9	hypothetical protein	unknown function	None	None	None	None	None	None	None	None	None	None	None	None	None	None	None	None	None	None	None	11
SRR35809155_ctg108|provirus_3243057_3288390_CDS_0004	1965	1795	-	SRR35809155_ctg108|provirus_3243057_3288390	-1.9	00	No_PHROG	No_PHROG	No_PHROG	No_PHROG	No_PHROGs_HMM	No_PHROGs_HMM	No_PHROGs_HMM	No_custom_HMM	No_custom_HMM	No_custom_HMM	No_PHROG	ab initio prediction:Pyrodigal-gv:0.3.2	CDS	None	hypothetical protein	unknown function	None	None	None	None	None	None	None	None	None	None	None	None	None	None	None	None	None	None	None	11
SRR35809155_ctg108|provirus_3243057_3288390_CDS_0005	2633	1962	-	SRR35809155_ctg108|provirus_3243057_3288390	79.8	00	874	216.0	0.511	2.479e-64	No_PHROGs_HMM	No_PHROGs_HMM	No_PHROGs_HMM	No_custom_HMM	No_custom_HMM	No_custom_HMM	874	ab initio prediction:Pyrodigal-gv:0.3.2	CDS	#c9c9c9	hypothetical protein	unknown function	None	None	None	None	None	None	None	None	None	None	None	None	None	None	None	None	None	None	None	11
SRR35809155_ctg108|provirus_3243057_3288390_CDS_0006	3067	2630	-	SRR35809155_ctg108|provirus_3243057_3288390	62.9	00	No_PHROG	No_PHROG	No_PHROG	No_PHROG	No_PHROGs_HMM	No_PHROGs_HMM	No_PHROGs_HMM	No_custom_HMM	No_custom_HMM	No_custom_HMM	No_PHROG	ab initio prediction:Pyrodigal-gv:0.3.2	CDS	None	hypothetical protein	unknown function	None	None	None	None	None	None	None	None	None	None	None	None	None	None	None	None	None	None	None	11
SRR35809155_ctg108|provirus_3243057_3288390_CDS_0007	4917	3067	-	SRR35809155_ctg108|provirus_3243057_3288390	262.3	00	32684	358.0	0.745	8.326e-114	No_PHROGs_HMM	No_PHROGs_HMM	No_PHROGs_HMM	No_custom_HMM	No_custom_HMM	No_custom_HMM	32684	ab initio prediction:Pyrodigal-gv:0.3.2	CDS	#c9c9c9	hypothetical protein	unknown function	None	None	None	None	None	None	None	None	None	None	None	None	None	None	None	None	None	None	None	11
SRR35809155_ctg108|provirus_3243057_3288390_CDS_0008	5848	5192	-	SRR35809155_ctg108|provirus_3243057_3288390	23.2	00	38675	39.0	0.383	7.918e-06	No_PHROGs_HMM	No_PHROGs_HMM	No_PHROGs_HMM	No_custom_HMM	No_custom_HMM	No_custom_HMM	38675	ab initio prediction:Pyrodigal-gv:0.3.2	CDS	#c9c9c9	hypothetical protein	unknown function	None	None	None	None	None	None	None	None	None	None	None	None	None	None	None	None	None	None	None	11
SRR35809155_ctg108|provirus_3243057_3288390_CDS_0009	7677	5848	-	SRR35809155_ctg108|provirus_3243057_3288390	324.3	00	1499	53.0	0.269	4.69e-09	No_PHROGs_HMM	No_PHROGs_HMM	No_PHROGs_HMM	No_custom_HMM	No_custom_HMM	No_custom_HMM	1499	ab initio prediction:Pyrodigal-gv:0.3.2	CDS	#c9c9c9	hypothetical protein	unknown function	None	None	None	None	None	None	None	None	None	None	None	None	None	None	None	None	None	None	None	11
SRR35809155_ctg108|provirus_3243057_3288390_CDS_0010	8368	7682	-	SRR35809155_ctg108|provirus_3243057_3288390	120.3	00	6576	168.0	0.507	5.114e-48	No_PHROGs_HMM	No_PHROGs_HMM	No_PHROGs_HMM	No_custom_HMM	No_custom_HMM	No_custom_HMM	6576	ab initio prediction:Pyrodigal-gv:0.3.2	CDS	#c9c9c9	hypothetical protein	unknown function	None	None	None	None	None	None	None	None	None	None	None	None	None	None	None	None	None	None	None	11
SRR35809155_ctg108|provirus_3243057_3288390_CDS_0011	9633	8605	-	SRR35809155_ctg108|provirus_3243057_3288390	103.1	00	561	139.0	0.368	1.722e-37	No_PHROGs_HMM	No_PHROGs_HMM	No_PHROGs_HMM	No_custom_HMM	No_custom_HMM	No_custom_HMM	561	ab initio prediction:Pyrodigal-gv:0.3.2	CDS	#ffdf59	RecT-like ssDNA annealing protein	DNA, RNA and nucleotide metabolism	None	None	None	None	None	None	None	None	None	None	None	None	None	None	None	None	None	None	None	11
SRR35809155_ctg108|provirus_3243057_3288390_CDS_0012	10466	9645	-	SRR35809155_ctg108|provirus_3243057_3288390	145.7	00	69	52.0	0.19	7.724e-09	No_PHROGs_HMM	No_PHROGs_HMM	No_PHROGs_HMM	No_custom_HMM	No_custom_HMM	No_custom_HMM	69	ab initio prediction:Pyrodigal-gv:0.3.2	CDS	#ffdf59	exonuclease	DNA, RNA and nucleotide metabolism	None	None	None	None	None	None	None	None	None	None	None	None	None	None	None	None	None	None	None	11
SRR35809155_ctg108|provirus_3243057_3288390_CDS_0013	10717	10463	-	SRR35809155_ctg108|provirus_3243057_3288390	31.7	00	No_PHROG	No_PHROG	No_PHROG	No_PHROG	No_PHROGs_HMM	No_PHROGs_HMM	No_PHROGs_HMM	No_custom_HMM	No_custom_HMM	No_custom_HMM	No_PHROG	ab initio prediction:Pyrodigal-gv:0.3.2	CDS	None	hypothetical protein	unknown function	None	None	None	None	None	None	None	None	None	None	None	None	None	None	None	None	None	None	None	11
SRR35809155_ctg108|provirus_3243057_3288390_CDS_0014	10823	10710	-	SRR35809155_ctg108|provirus_3243057_3288390	16.2	00	No_PHROG	No_PHROG	No_PHROG	No_PHROG	No_PHROGs_HMM	No_PHROGs_HMM	No_PHROGs_HMM	No_custom_HMM	No_custom_HMM	No_custom_HMM	No_PHROG	ab initio prediction:Pyrodigal-gv:0.3.2	CDS	None	hypothetical protein	unknown function	None	None	None	None	None	None	None	None	None	None	None	None	None	None	None	None	None	None	None	11
SRR35809155_ctg108|provirus_3243057_3288390_CDS_0015	11125	10820	-	SRR35809155_ctg108|provirus_3243057_3288390	8.2	00	No_PHROG	No_PHROG	No_PHROG	No_PHROG	No_PHROGs_HMM	No_PHROGs_HMM	No_PHROGs_HMM	No_custom_HMM	No_custom_HMM	No_custom_HMM	No_PHROG	ab initio prediction:Pyrodigal-gv:0.3.2	CDS	None	hypothetical protein	unknown function	None	None	None	None	None	None	None	None	None	None	None	None	None	None	None	None	None	None	None	11
SRR35809155_ctg108|provirus_3243057_3288390_CDS_0016	11241	11125	-	SRR35809155_ctg108|provirus_3243057_3288390	9.3	00	No_PHROG	No_PHROG	No_PHROG	No_PHROG	No_PHROGs_HMM	No_PHROGs_HMM	No_PHROGs_HMM	No_custom_HMM	No_custom_HMM	No_custom_HMM	No_PHROG	ab initio prediction:Pyrodigal-gv:0.3.2	CDS	None	hypothetical protein	unknown function	None	None	None	None	None	None	None	None	None	None	None	None	None	None	None	None	None	None	None	11
SRR35809155_ctg108|provirus_3243057_3288390_CDS_0017	11627	11238	-	SRR35809155_ctg108|provirus_3243057_3288390	54.1	00	No_PHROG	No_PHROG	No_PHROG	No_PHROG	No_PHROGs_HMM	No_PHROGs_HMM	No_PHROGs_HMM	No_custom_HMM	No_custom_HMM	No_custom_HMM	No_PHROG	ab initio prediction:Pyrodigal-gv:0.3.2	CDS	None	hypothetical protein	unknown function	None	None	None	None	None	None	None	None	None	None	None	None	None	None	None	None	None	None	None	11
SRR35809155_ctg108|provirus_3243057_3288390_CDS_0018	11959	11624	-	SRR35809155_ctg108|provirus_3243057_3288390	71.6	00	No_PHROG	No_PHROG	No_PHROG	No_PHROG	No_PHROGs_HMM	No_PHROGs_HMM	No_PHROGs_HMM	No_custom_HMM	No_custom_HMM	No_custom_HMM	No_PHROG	ab initio prediction:Pyrodigal-gv:0.3.2	CDS	None	hypothetical protein	unknown function	None	None	None	None	None	None	None	None	None	None	None	None	None	None	None	None	None	None	None	11
SRR35809155_ctg108|provirus_3243057_3288390_CDS_0019	12256	12519	+	SRR35809155_ctg108|provirus_3243057_3288390	15.2	00	No_PHROG	No_PHROG	No_PHROG	No_PHROG	No_PHROGs_HMM	No_PHROGs_HMM	No_PHROGs_HMM	No_custom_HMM	No_custom_HMM	No_custom_HMM	No_PHROG	ab initio prediction:Pyrodigal-gv:0.3.2	CDS	None	hypothetical protein	unknown function	None	None	None	None	None	None	None	None	None	None	None	None	None	None	None	None	None	None	None	11
SRR35809155_ctg108|provirus_3243057_3288390_CDS_0020	12811	12584	-	SRR35809155_ctg108|provirus_3243057_3288390	28.6	00	No_PHROG	No_PHROG	No_PHROG	No_PHROG	No_PHROGs_HMM	No_PHROGs_HMM	No_PHROGs_HMM	No_custom_HMM	No_custom_HMM	No_custom_HMM	No_PHROG	ab initio prediction:Pyrodigal-gv:0.3.2	CDS	None	hypothetical protein	unknown function	None	None	None	None	None	None	None	None	None	None	None	None	None	None	None	None	None	None	None	11
SRR35809155_ctg108|provirus_3243057_3288390_CDS_0021	13224	12808	-	SRR35809155_ctg108|provirus_3243057_3288390	24.6	00	8809	126.0	0.517	1.731e-35	No_PHROGs_HMM	No_PHROGs_HMM	No_PHROGs_HMM	No_custom_HMM	No_custom_HMM	No_custom_HMM	8809	ab initio prediction:Pyrodigal-gv:0.3.2	CDS	#c9c9c9	hypothetical protein	unknown function	None	None	None	None	None	None	None	None	None	None	None	None	None	None	None	None	None	None	None	11
SRR35809155_ctg108|provirus_3243057_3288390_CDS_0022	13433	13227	-	SRR35809155_ctg108|provirus_3243057_3288390	17.8	00	No_PHROG	No_PHROG	No_PHROG	No_PHROG	No_PHROGs_HMM	No_PHROGs_HMM	No_PHROGs_HMM	No_custom_HMM	No_custom_HMM	No_custom_HMM	No_PHROG	ab initio prediction:Pyrodigal-gv:0.3.2	CDS	None	hypothetical protein	unknown function	None	None	None	None	None	None	None	None	None	None	None	None	None	None	None	None	None	None	None	11
SRR35809155_ctg108|provirus_3243057_3288390_CDS_0023	14113	13478	-	SRR35809155_ctg108|provirus_3243057_3288390	26.4	00	4	94.0	0.295	1.1669999999999999e-23	No_PHROGs_HMM	No_PHROGs_HMM	No_PHROGs_HMM	No_custom_HMM	No_custom_HMM	No_custom_HMM	4	ab initio prediction:Pyrodigal-gv:0.3.2	CDS	#a861e3	transcriptional repressor	transcription regulation	None	None	None	None	None	None	None	None	None	None	None	None	None	None	None	None	None	None	None	11
SRR35809155_ctg108|provirus_3243057_3288390_CDS_0024	14233	14466	+	SRR35809155_ctg108|provirus_3243057_3288390	26.1	00	No_PHROG	No_PHROG	No_PHROG	No_PHROG	No_PHROGs_HMM	No_PHROGs_HMM	No_PHROGs_HMM	No_custom_HMM	No_custom_HMM	No_custom_HMM	No_PHROG	ab initio prediction:Pyrodigal-gv:0.3.2	CDS	None	hypothetical protein	unknown function	None	None	None	None	None	None	None	None	None	None	None	None	None	None	None	None	None	None	None	11
SRR35809155_ctg108|provirus_3243057_3288390_CDS_0025	14675	15031	+	SRR35809155_ctg108|provirus_3243057_3288390	17.4	00	No_PHROG	No_PHROG	No_PHROG	No_PHROG	No_PHROGs_HMM	No_PHROGs_HMM	No_PHROGs_HMM	No_custom_HMM	No_custom_HMM	No_custom_HMM	No_PHROG	ab initio prediction:Pyrodigal-gv:0.3.2	CDS	None	hypothetical protein	unknown function	None	None	None	None	None	None	None	None	None	None	None	None	None	None	None	None	None	None	None	11
SRR35809155_ctg108|provirus_3243057_3288390_CDS_0026	15028	15156	+	SRR35809155_ctg108|provirus_3243057_3288390	14.1	00	No_PHROG	No_PHROG	No_PHROG	No_PHROG	No_PHROGs_HMM	No_PHROGs_HMM	No_PHROGs_HMM	No_custom_HMM	No_custom_HMM	No_custom_HMM	No_PHROG	ab initio prediction:Pyrodigal-gv:0.3.2	CDS	None	hypothetical protein	unknown function	None	None	None	None	None	None	None	None	None	None	None	None	None	None	None	None	None	None	None	11
SRR35809155_ctg108|provirus_3243057_3288390_CDS_0027	15153	17696	+	SRR35809155_ctg108|provirus_3243057_3288390	462.7	00	67	89.0	0.214	4.002e-21	No_PHROGs_HMM	No_PHROGs_HMM	No_PHROGs_HMM	No_custom_HMM	No_custom_HMM	No_custom_HMM	67	ab initio prediction:Pyrodigal-gv:0.3.2	CDS	#838383	DNA methyltransferase	other	None	None	None	None	None	None	None	None	None	None	None	None	None	None	None	None	None	None	None	11
SRR35809155_ctg108|provirus_3243057_3288390_CDS_0028	17693	17809	+	SRR35809155_ctg108|provirus_3243057_3288390	3.9	00	No_PHROG	No_PHROG	No_PHROG	No_PHROG	No_PHROGs_HMM	No_PHROGs_HMM	No_PHROGs_HMM	No_custom_HMM	No_custom_HMM	No_custom_HMM	No_PHROG	ab initio prediction:Pyrodigal-gv:0.3.2	CDS	None	hypothetical protein	unknown function	None	None	None	None	None	None	None	None	None	None	None	None	None	None	None	None	None	None	None	11
SRR35809155_ctg108|provirus_3243057_3288390_CDS_0029	17809	18645	+	SRR35809155_ctg108|provirus_3243057_3288390	61.7	00	2509	122.0	0.454	2.938e-32	No_PHROGs_HMM	No_PHROGs_HMM	No_PHROGs_HMM	No_custom_HMM	No_custom_HMM	No_custom_HMM	2509	ab initio prediction:Pyrodigal-gv:0.3.2	CDS	#ffdf59	replication initiation protein	DNA, RNA and nucleotide metabolism	None	None	None	None	None	None	None	None	None	None	None	None	None	None	None	None	None	None	None	11
SRR35809155_ctg108|provirus_3243057_3288390_CDS_0030	18635	20026	+	SRR35809155_ctg108|provirus_3243057_3288390	230.7	00	19	320.0	0.425	1.468e-97	No_PHROGs_HMM	No_PHROGs_HMM	No_PHROGs_HMM	No_custom_HMM	No_custom_HMM	No_custom_HMM	19	ab initio prediction:Pyrodigal-gv:0.3.2	CDS	#ffdf59	DnaB-like replicative helicase	DNA, RNA and nucleotide metabolism	None	None	None	None	None	None	None	None	None	None	None	None	None	None	None	None	None	None	None	11
SRR35809155_ctg108|provirus_3243057_3288390_CDS_0031	20248	20676	+	SRR35809155_ctg108|provirus_3243057_3288390	46.8	00	140	130.0	0.491	6.4889999999999995e-37	No_PHROGs_HMM	No_PHROGs_HMM	No_PHROGs_HMM	No_custom_HMM	No_custom_HMM	No_custom_HMM	140	ab initio prediction:Pyrodigal-gv:0.3.2	CDS	#ffdf59	RusA-like Holliday junction resolvase	DNA, RNA and nucleotide metabolism	None	None	None	None	None	None	None	None	None	None	None	None	None	None	None	None	None	None	None	11
SRR35809155_ctg108|provirus_3243057_3288390_CDS_0032	20676	21251	+	SRR35809155_ctg108|provirus_3243057_3288390	62.5	00	No_PHROG	No_PHROG	No_PHROG	No_PHROG	No_PHROGs_HMM	No_PHROGs_HMM	No_PHROGs_HMM	No_custom_HMM	No_custom_HMM	No_custom_HMM	No_PHROG	ab initio prediction:Pyrodigal-gv:0.3.2	CDS	None	hypothetical protein	unknown function	None	None	None	None	None	None	None	None	None	None	None	None	None	None	None	None	None	None	None	11
SRR35809155_ctg108|provirus_3243057_3288390_CDS_0033	21455	22009	+	SRR35809155_ctg108|provirus_3243057_3288390	102.1	00	51	71.0	0.502	1.783e-16	No_PHROGs_HMM	No_PHROGs_HMM	No_PHROGs_HMM	No_custom_HMM	No_custom_HMM	No_custom_HMM	51	ab initio prediction:Pyrodigal-gv:0.3.2	CDS	#3e83f6	terminase small subunit	head and packaging	None	None	None	None	None	None	None	None	None	None	None	None	None	None	None	None	None	None	None	11
SRR35809155_ctg108|provirus_3243057_3288390_CDS_0034	22012	23472	+	SRR35809155_ctg108|provirus_3243057_3288390	266.6	00	38	376.0	0.443	9.281000000000001e-116	No_PHROGs_HMM	No_PHROGs_HMM	No_PHROGs_HMM	No_custom_HMM	No_custom_HMM	No_custom_HMM	38	ab initio prediction:Pyrodigal-gv:0.3.2	CDS	#3e83f6	terminase large subunit	head and packaging	None	None	None	None	None	None	None	None	None	None	None	None	None	None	None	None	None	None	None	11
SRR35809155_ctg108|provirus_3243057_3288390_CDS_0035	23478	24986	+	SRR35809155_ctg108|provirus_3243057_3288390	252.2	00	12751	349.0	0.551	1.081e-108	No_PHROGs_HMM	No_PHROGs_HMM	No_PHROGs_HMM	No_custom_HMM	No_custom_HMM	No_custom_HMM	12751	ab initio prediction:Pyrodigal-gv:0.3.2	CDS	#c9c9c9	hypothetical protein	unknown function	None	None	None	None	None	None	None	None	None	None	None	None	None	None	None	None	None	None	None	11
SRR35809155_ctg108|provirus_3243057_3288390_CDS_0036	25012	25665	+	SRR35809155_ctg108|provirus_3243057_3288390	79.8	00	324	146.0	0.417	2.147e-40	No_PHROGs_HMM	No_PHROGs_HMM	No_PHROGs_HMM	No_custom_HMM	No_custom_HMM	No_custom_HMM	324	ab initio prediction:Pyrodigal-gv:0.3.2	CDS	#3e83f6	head morphogenesis	head and packaging	None	None	None	None	None	None	None	None	None	None	None	None	None	None	None	None	None	None	None	11
SRR35809155_ctg108|provirus_3243057_3288390_CDS_0037	25676	28129	+	SRR35809155_ctg108|provirus_3243057_3288390	179.9	00	20877	53.0	0.355	2.023e-08	No_PHROGs_HMM	No_PHROGs_HMM	No_PHROGs_HMM	No_custom_HMM	No_custom_HMM	No_custom_HMM	20877	ab initio prediction:Pyrodigal-gv:0.3.2	CDS	#c9c9c9	hypothetical protein	unknown function	None	None	None	None	None	None	None	None	None	None	None	None	None	None	None	None	None	None	None	11
SRR35809155_ctg108|provirus_3243057_3288390_CDS_0038	28176	29483	+	SRR35809155_ctg108|provirus_3243057_3288390	231.1	00	1961	341.0	0.447	1.16e-104	No_PHROGs_HMM	No_PHROGs_HMM	No_PHROGs_HMM	No_custom_HMM	No_custom_HMM	No_custom_HMM	1961	ab initio prediction:Pyrodigal-gv:0.3.2	CDS	#c9c9c9	hypothetical protein	unknown function	None	None	None	None	None	None	None	None	None	None	None	None	None	None	None	None	None	None	None	11
SRR35809155_ctg108|provirus_3243057_3288390_CDS_0039	29500	29991	+	SRR35809155_ctg108|provirus_3243057_3288390	104.3	00	563	83.0	0.321	1.7780000000000003e-20	No_PHROGs_HMM	No_PHROGs_HMM	No_PHROGs_HMM	No_custom_HMM	No_custom_HMM	No_custom_HMM	563	ab initio prediction:Pyrodigal-gv:0.3.2	CDS	#3e83f6	virion structural protein	head and packaging	None	None	None	None	None	None	None	None	None	None	None	None	None	None	None	None	None	None	None	11
SRR35809155_ctg108|provirus_3243057_3288390_CDS_0040	30006	31067	+	SRR35809155_ctg108|provirus_3243057_3288390	219.4	00	264	152.0	0.307	1.429e-41	No_PHROGs_HMM	No_PHROGs_HMM	No_PHROGs_HMM	No_custom_HMM	No_custom_HMM	No_custom_HMM	264	ab initio prediction:Pyrodigal-gv:0.3.2	CDS	#3e83f6	major head protein	head and packaging	None	None	None	None	None	None	None	None	None	None	None	None	None	None	None	None	None	None	None	11
SRR35809155_ctg108|provirus_3243057_3288390_CDS_0041	31078	31401	+	SRR35809155_ctg108|provirus_3243057_3288390	52.9	00	No_PHROG	No_PHROG	No_PHROG	No_PHROG	No_PHROGs_HMM	No_PHROGs_HMM	No_PHROGs_HMM	No_custom_HMM	No_custom_HMM	No_custom_HMM	No_PHROG	ab initio prediction:Pyrodigal-gv:0.3.2	CDS	None	hypothetical protein	unknown function	None	None	None	None	None	None	None	None	None	None	None	None	None	None	None	None	None	None	None	11
SRR35809155_ctg108|provirus_3243057_3288390_CDS_0042	31401	31784	+	SRR35809155_ctg108|provirus_3243057_3288390	59.7	00	302	66.0	0.33	3.204e-15	No_PHROGs_HMM	No_PHROGs_HMM	No_PHROGs_HMM	No_custom_HMM	No_custom_HMM	No_custom_HMM	302	ab initio prediction:Pyrodigal-gv:0.3.2	CDS	#3e83f6	virion structural protein	head and packaging	None	None	None	None	None	None	None	None	None	None	None	None	None	None	None	None	None	None	None	11
SRR35809155_ctg108|provirus_3243057_3288390_CDS_0043	31814	32326	+	SRR35809155_ctg108|provirus_3243057_3288390	56.1	00	222	102.0	0.359	8.488e-27	No_PHROGs_HMM	No_PHROGs_HMM	No_PHROGs_HMM	No_custom_HMM	No_custom_HMM	No_custom_HMM	222	ab initio prediction:Pyrodigal-gv:0.3.2	CDS	#35d7ff	tail completion or Neck1 protein	connector	None	None	None	None	None	None	None	None	None	None	None	None	None	None	None	None	None	None	None	11
SRR35809155_ctg108|provirus_3243057_3288390_CDS_0044	32323	32697	+	SRR35809155_ctg108|provirus_3243057_3288390	62.5	00	939	76.0	0.367	1.008e-18	No_PHROGs_HMM	No_PHROGs_HMM	No_PHROGs_HMM	No_custom_HMM	No_custom_HMM	No_custom_HMM	939	ab initio prediction:Pyrodigal-gv:0.3.2	CDS	#3e83f6	head protein	head and packaging	None	None	None	None	None	None	None	None	None	None	None	None	None	None	None	None	None	None	None	11
SRR35809155_ctg108|provirus_3243057_3288390_CDS_0045	32702	33256	+	SRR35809155_ctg108|provirus_3243057_3288390	75.3	00	1973	182.0	0.524	4.313e-54	No_PHROGs_HMM	No_PHROGs_HMM	No_PHROGs_HMM	No_custom_HMM	No_custom_HMM	No_custom_HMM	1973	ab initio prediction:Pyrodigal-gv:0.3.2	CDS	#c9c9c9	hypothetical protein	unknown function	None	None	None	None	None	None	None	None	None	None	None	None	None	None	None	None	None	None	None	11
SRR35809155_ctg108|provirus_3243057_3288390_CDS_0046	33267	34754	+	SRR35809155_ctg108|provirus_3243057_3288390	320.5	00	205	241.0	0.316	7.227e-70	No_PHROGs_HMM	No_PHROGs_HMM	No_PHROGs_HMM	No_custom_HMM	No_custom_HMM	No_custom_HMM	205	ab initio prediction:Pyrodigal-gv:0.3.2	CDS	#07e9a2	tail sheath	tail	None	None	None	None	None	None	None	None	None	None	None	None	None	None	None	None	None	None	None	11
SRR35809155_ctg108|provirus_3243057_3288390_CDS_0047	34765	35205	+	SRR35809155_ctg108|provirus_3243057_3288390	115.3	00	280	98.0	0.395	6.577000000000001e-26	No_PHROGs_HMM	No_PHROGs_HMM	No_PHROGs_HMM	No_custom_HMM	No_custom_HMM	No_custom_HMM	280	ab initio prediction:Pyrodigal-gv:0.3.2	CDS	#3e83f6	virion structural protein	head and packaging	None	None	None	None	None	None	None	None	None	None	None	None	None	None	None	None	None	None	None	11
SRR35809155_ctg108|provirus_3243057_3288390_CDS_0048	35213	35656	+	SRR35809155_ctg108|provirus_3243057_3288390	83.9	00	1688	85.0	0.37	8.66e-21	No_PHROGs_HMM	No_PHROGs_HMM	No_PHROGs_HMM	No_custom_HMM	No_custom_HMM	No_custom_HMM	1688	ab initio prediction:Pyrodigal-gv:0.3.2	CDS	#07e9a2	tail assembly chaperone	tail	None	None	None	None	None	None	None	None	None	None	None	None	None	None	None	None	None	None	None	11
SRR35809155_ctg108|provirus_3243057_3288390_CDS_0049	35680	35835	+	SRR35809155_ctg108|provirus_3243057_3288390	4.0	00	4364	41.0	0.554	1.092e-07	No_PHROGs_HMM	No_PHROGs_HMM	No_PHROGs_HMM	No_custom_HMM	No_custom_HMM	No_custom_HMM	4364	ab initio prediction:Pyrodigal-gv:0.3.2	CDS	#c9c9c9	hypothetical protein	unknown function	None	None	None	None	None	None	None	None	None	None	None	None	None	None	None	None	None	None	None	11
SRR35809155_ctg108|provirus_3243057_3288390_CDS_0050	35828	37315	+	SRR35809155_ctg108|provirus_3243057_3288390	280.2	00	30077	178.0	0.4	1.478e-47	No_PHROGs_HMM	No_PHROGs_HMM	No_PHROGs_HMM	No_custom_HMM	No_custom_HMM	No_custom_HMM	30077	ab initio prediction:Pyrodigal-gv:0.3.2	CDS	#c9c9c9	hypothetical protein	unknown function	None	None	None	None	None	None	None	None	None	None	None	None	None	None	None	None	None	None	None	11
SRR35809155_ctg108|provirus_3243057_3288390_CDS_0051	37315	38247	+	SRR35809155_ctg108|provirus_3243057_3288390	183.3	00	817	115.0	0.425	2.1880000000000003e-31	No_PHROGs_HMM	No_PHROGs_HMM	No_PHROGs_HMM	No_custom_HMM	No_custom_HMM	No_custom_HMM	817	ab initio prediction:Pyrodigal-gv:0.3.2	CDS	#07e9a2	tail fiber protein	tail	None	None	None	None	None	None	None	None	None	None	None	None	None	None	None	None	None	None	None	11
SRR35809155_ctg108|provirus_3243057_3288390_CDS_0052	38244	39224	+	SRR35809155_ctg108|provirus_3243057_3288390	187.1	00	20677	127.0	0.307	2.2330000000000002e-31	No_PHROGs_HMM	No_PHROGs_HMM	No_PHROGs_HMM	No_custom_HMM	No_custom_HMM	No_custom_HMM	20677	ab initio prediction:Pyrodigal-gv:0.3.2	CDS	#c9c9c9	hypothetical protein	unknown function	None	None	None	None	None	None	None	None	None	None	None	None	None	None	None	None	None	None	None	11
SRR35809155_ctg108|provirus_3243057_3288390_CDS_0053	39224	39892	+	SRR35809155_ctg108|provirus_3243057_3288390	132.7	00	11	92.0	0.351	2.741e-22	No_PHROGs_HMM	No_PHROGs_HMM	No_PHROGs_HMM	No_custom_HMM	No_custom_HMM	No_custom_HMM	11	ab initio prediction:Pyrodigal-gv:0.3.2	CDS	#07e9a2	baseplate spike	tail	None	None	None	None	None	None	None	None	None	None	None	None	None	None	None	None	None	None	None	11
SRR35809155_ctg108|provirus_3243057_3288390_CDS_0054	39895	40248	+	SRR35809155_ctg108|provirus_3243057_3288390	61.9	00	120	73.0	0.36	1.074e-17	No_PHROGs_HMM	No_PHROGs_HMM	No_PHROGs_HMM	No_custom_HMM	No_custom_HMM	No_custom_HMM	120	ab initio prediction:Pyrodigal-gv:0.3.2	CDS	#07e9a2	baseplate wedge subunit	tail	None	None	None	None	None	None	None	None	None	None	None	None	None	None	None	None	None	None	None	11
SRR35809155_ctg108|provirus_3243057_3288390_CDS_0055	40250	41428	+	SRR35809155_ctg108|provirus_3243057_3288390	230.1	00	6	136.0	0.232	5.908e-35	No_PHROGs_HMM	No_PHROGs_HMM	No_PHROGs_HMM	No_custom_HMM	No_custom_HMM	No_custom_HMM	6	ab initio prediction:Pyrodigal-gv:0.3.2	CDS	#07e9a2	baseplate wedge subunit	tail	None	None	None	None	None	None	None	None	None	None	None	None	None	None	None	None	None	None	None	11
SRR35809155_ctg108|provirus_3243057_3288390_CDS_0056	41431	42120	+	SRR35809155_ctg108|provirus_3243057_3288390	98.8	00	587	141.0	0.419	4.5099999999999995e-39	No_PHROGs_HMM	No_PHROGs_HMM	No_PHROGs_HMM	No_custom_HMM	No_custom_HMM	No_custom_HMM	587	ab initio prediction:Pyrodigal-gv:0.3.2	CDS	#3e83f6	structural protein	head and packaging	None	None	None	None	None	None	None	None	None	None	None	None	None	None	None	None	None	None	None	11
SRR35809155_ctg108|provirus_3243057_3288390_CDS_0057	42121	42840	+	SRR35809155_ctg108|provirus_3243057_3288390	63.1	00	2282	61.0	0.327	2.107e-11	No_PHROGs_HMM	No_PHROGs_HMM	No_PHROGs_HMM	No_custom_HMM	No_custom_HMM	No_custom_HMM	2282	ab initio prediction:Pyrodigal-gv:0.3.2	CDS	#07e9a2	tail fiber protein	tail	None	None	None	None	None	None	None	None	None	None	None	None	None	None	None	None	None	None	None	11
SRR35809155_ctg108|provirus_3243057_3288390_CDS_0058	42842	43372	+	SRR35809155_ctg108|provirus_3243057_3288390	90.3	00	2837	74.0	0.274	4.126e-17	No_PHROGs_HMM	No_PHROGs_HMM	No_PHROGs_HMM	No_custom_HMM	No_custom_HMM	No_custom_HMM	2837	ab initio prediction:Pyrodigal-gv:0.3.2	CDS	#07e9a2	tail protein	tail	None	None	None	None	None	None	None	None	None	None	None	None	None	None	None	None	None	None	None	11
SRR35809155_ctg108|provirus_3243057_3288390_CDS_0059	43435	43800	+	SRR35809155_ctg108|provirus_3243057_3288390	57.7	00	No_PHROG	No_PHROG	No_PHROG	No_PHROG	No_PHROGs_HMM	No_PHROGs_HMM	No_PHROGs_HMM	No_custom_HMM	No_custom_HMM	No_custom_HMM	No_PHROG	ab initio prediction:Pyrodigal-gv:0.3.2	CDS	None	hypothetical protein	unknown function	None	None	None	None	None	None	None	None	None	None	None	None	None	None	None	None	None	None	None	11
SRR35809155_ctg108|provirus_3243057_3288390_CDS_0060	43800	44048	+	SRR35809155_ctg108|provirus_3243057_3288390	34.4	00	No_PHROG	No_PHROG	No_PHROG	No_PHROG	No_PHROGs_HMM	No_PHROGs_HMM	No_PHROGs_HMM	No_custom_HMM	No_custom_HMM	No_custom_HMM	No_PHROG	ab initio prediction:Pyrodigal-gv:0.3.2	CDS	None	hypothetical protein	unknown function	None	None	None	None	None	None	None	None	None	None	None	None	None	None	None	None	None	None	None	11
SRR35809155_ctg108|provirus_3243057_3288390_CDS_0061	44045	44692	+	SRR35809155_ctg108|provirus_3243057_3288390	95.9	00	181	162.0	0.455	7.436999999999999e-47	No_PHROGs_HMM	No_PHROGs_HMM	No_PHROGs_HMM	No_custom_HMM	No_custom_HMM	No_custom_HMM	181	ab initio prediction:Pyrodigal-gv:0.3.2	CDS	#f35f49	endolysin	lysis	None	None	None	None	None	None	None	None	None	None	None	None	None	None	None	None	None	None	None	11
SRR35809155_ctg108|provirus_3243057_3288390_CDS_0062	44921	45133	+	SRR35809155_ctg108|provirus_3243057_3288390	20.6	00	No_PHROG	No_PHROG	No_PHROG	No_PHROG	No_PHROGs_HMM	No_PHROGs_HMM	No_PHROGs_HMM	No_custom_HMM	No_custom_HMM	No_custom_HMM	No_PHROG	ab initio prediction:Pyrodigal-gv:0.3.2	CDS	None	hypothetical protein	unknown function	None	None	None	None	None	None	None	None	None	None	None	None	None	None	None	None	None	None	None	11
SRR35809155_ctg108|provirus_3243057_3288390_CDS_0063	45188	45334	+	SRR35809155_ctg108|provirus_3243057_3288390	1.0	00	No_PHROG	No_PHROG	No_PHROG	No_PHROG	No_PHROGs_HMM	No_PHROGs_HMM	No_PHROGs_HMM	No_custom_HMM	No_custom_HMM	No_custom_HMM	No_PHROG	ab initio prediction:Pyrodigal-gv:0.3.2	CDS	None	hypothetical protein	unknown function	None	None	None	None	None	None	None	None	None	None	None	None	None	None	None	None	None	None	None	11
SRR35809155_ctg108|provirus_3612395_3652025_CDS_0001	828	1	-	SRR35809155_ctg108|provirus_3612395_3652025	55.9	00	No_PHROG	No_PHROG	No_PHROG	No_PHROG	No_PHROGs_HMM	No_PHROGs_HMM	No_PHROGs_HMM	No_custom_HMM	No_custom_HMM	No_custom_HMM	No_PHROG	ab initio prediction:Pyrodigal-gv:0.3.2	CDS	None	hypothetical protein	unknown function	None	None	None	None	None	None	None	None	None	None	None	None	None	None	None	None	None	None	None	11
SRR35809155_ctg108|provirus_3612395_3652025_CDS_0002	1109	825	-	SRR35809155_ctg108|provirus_3612395_3652025	39.4	00	No_PHROG	No_PHROG	No_PHROG	No_PHROG	No_PHROGs_HMM	No_PHROGs_HMM	No_PHROGs_HMM	No_custom_HMM	No_custom_HMM	No_custom_HMM	No_PHROG	ab initio prediction:Pyrodigal-gv:0.3.2	CDS	None	hypothetical protein	unknown function	None	None	None	None	None	None	None	None	None	None	None	None	None	None	None	None	None	None	None	11
SRR35809155_ctg108|provirus_3612395_3652025_CDS_0003	4390	1106	-	SRR35809155_ctg108|provirus_3612395_3652025	544.5	00	31	331.0	0.257	1.348e-92	No_PHROGs_HMM	No_PHROGs_HMM	No_PHROGs_HMM	No_custom_HMM	No_custom_HMM	No_custom_HMM	31	ab initio prediction:Pyrodigal-gv:0.3.2	CDS	#07e9a2	central tail fiber J	tail	None	None	None	None	None	None	None	None	None	None	None	None	None	None	None	None	None	None	None	11
SRR35809155_ctg108|provirus_3612395_3652025_CDS_0004	4803	4387	-	SRR35809155_ctg108|provirus_3612395_3652025	62.4	00	329	65.0	0.335	1.746e-14	No_PHROGs_HMM	No_PHROGs_HMM	No_PHROGs_HMM	No_custom_HMM	No_custom_HMM	No_custom_HMM	329	ab initio prediction:Pyrodigal-gv:0.3.2	CDS	#07e9a2	minor tail protein	tail	None	None	None	None	None	None	None	None	None	None	None	None	None	None	None	None	None	None	None	11
SRR35809155_ctg108|provirus_3612395_3652025_CDS_0005	5312	4800	-	SRR35809155_ctg108|provirus_3612395_3652025	97.6	00	396	89.0	0.344	1.3979999999999998e-22	No_PHROGs_HMM	No_PHROGs_HMM	No_PHROGs_HMM	No_custom_HMM	No_custom_HMM	No_custom_HMM	396	ab initio prediction:Pyrodigal-gv:0.3.2	CDS	#07e9a2	minor tail protein	tail	None	None	None	None	None	None	None	None	None	None	None	None	None	None	None	None	None	None	None	11
SRR35809155_ctg108|provirus_3612395_3652025_CDS_0006	5718	5314	-	SRR35809155_ctg108|provirus_3612395_3652025	73.7	00	384	77.0	0.383	1.943e-18	No_PHROGs_HMM	No_PHROGs_HMM	No_PHROGs_HMM	No_custom_HMM	No_custom_HMM	No_custom_HMM	384	ab initio prediction:Pyrodigal-gv:0.3.2	CDS	#3e83f6	virion structural protein	head and packaging	None	None	None	None	None	None	None	None	None	None	None	None	None	None	None	None	None	None	None	11
SRR35809155_ctg108|provirus_3612395_3652025_CDS_0007	8977	5729	-	SRR35809155_ctg108|provirus_3612395_3652025	616.1	00	18891	133.0	0.371	1.462e-32	No_PHROGs_HMM	No_PHROGs_HMM	No_PHROGs_HMM	No_custom_HMM	No_custom_HMM	No_custom_HMM	18891	ab initio prediction:Pyrodigal-gv:0.3.2	CDS	#07e9a2	tail length tape measure protein	tail	None	None	None	None	None	None	None	None	None	None	None	None	None	None	None	None	None	None	None	11
SRR35809155_ctg108|provirus_3612395_3652025_CDS_0008	9089	8982	-	SRR35809155_ctg108|provirus_3612395_3652025	4.0	00	No_PHROG	No_PHROG	No_PHROG	No_PHROG	No_PHROGs_HMM	No_PHROGs_HMM	No_PHROGs_HMM	No_custom_HMM	No_custom_HMM	No_custom_HMM	No_PHROG	ab initio prediction:Pyrodigal-gv:0.3.2	CDS	None	hypothetical protein	unknown function	None	None	None	None	None	None	None	None	None	None	None	None	None	None	None	None	None	None	None	11
SRR35809155_ctg108|provirus_3612395_3652025_CDS_0009	9652	9167	-	SRR35809155_ctg108|provirus_3612395_3652025	74.0	00	1442	80.0	0.32	8.966000000000001e-20	No_PHROGs_HMM	No_PHROGs_HMM	No_PHROGs_HMM	No_custom_HMM	No_custom_HMM	No_custom_HMM	1442	ab initio prediction:Pyrodigal-gv:0.3.2	CDS	#07e9a2	tail assembly chaperone	tail	None	None	None	None	None	None	None	None	None	None	None	None	None	None	None	None	None	None	None	11
SRR35809155_ctg108|provirus_3612395_3652025_CDS_0010	10410	9658	-	SRR35809155_ctg108|provirus_3612395_3652025	184.1	00	807	110.0	0.3	3.03e-28	No_PHROGs_HMM	No_PHROGs_HMM	No_PHROGs_HMM	No_custom_HMM	No_custom_HMM	No_custom_HMM	807	ab initio prediction:Pyrodigal-gv:0.3.2	CDS	#07e9a2	major tail protein with Ig-like domain	tail	None	None	None	None	None	None	None	None	None	None	None	None	None	None	None	None	None	None	None	11
SRR35809155_ctg108|provirus_3612395_3652025_CDS_0011	10629	10447	-	SRR35809155_ctg108|provirus_3612395_3652025	33.9	00	3357	40.0	0.387	5.754e-07	No_PHROGs_HMM	No_PHROGs_HMM	No_PHROGs_HMM	No_custom_HMM	No_custom_HMM	No_custom_HMM	3357	ab initio prediction:Pyrodigal-gv:0.3.2	CDS	#c9c9c9	hypothetical protein	unknown function	None	None	None	None	None	None	None	None	None	None	None	None	None	None	None	None	None	None	None	11
SRR35809155_ctg108|provirus_3612395_3652025_CDS_0012	11122	10655	-	SRR35809155_ctg108|provirus_3612395_3652025	76.5	00	No_PHROG	No_PHROG	No_PHROG	No_PHROG	No_PHROGs_HMM	No_PHROGs_HMM	No_PHROGs_HMM	No_custom_HMM	No_custom_HMM	No_custom_HMM	No_PHROG	ab initio prediction:Pyrodigal-gv:0.3.2	CDS	None	hypothetical protein	unknown function	None	None	None	None	None	None	None	None	None	None	None	None	None	None	None	None	None	None	None	11
SRR35809155_ctg108|provirus_3612395_3652025_CDS_0013	11628	11119	-	SRR35809155_ctg108|provirus_3612395_3652025	93.5	00	No_PHROG	No_PHROG	No_PHROG	No_PHROG	No_PHROGs_HMM	No_PHROGs_HMM	No_PHROGs_HMM	No_custom_HMM	No_custom_HMM	No_custom_HMM	No_PHROG	ab initio prediction:Pyrodigal-gv:0.3.2	CDS	None	hypothetical protein	unknown function	None	None	None	None	None	None	None	None	None	None	None	None	None	None	None	None	None	None	None	11
SRR35809155_ctg108|provirus_3612395_3652025_CDS_0014	12281	11625	-	SRR35809155_ctg108|provirus_3612395_3652025	103.8	00	No_PHROG	No_PHROG	No_PHROG	No_PHROG	No_PHROGs_HMM	No_PHROGs_HMM	No_PHROGs_HMM	No_custom_HMM	No_custom_HMM	No_custom_HMM	No_PHROG	ab initio prediction:Pyrodigal-gv:0.3.2	CDS	None	hypothetical protein	unknown function	None	None	None	None	None	None	None	None	None	None	None	None	None	None	None	None	None	None	None	11
SRR35809155_ctg108|provirus_3612395_3652025_CDS_0015	14107	12347	-	SRR35809155_ctg108|provirus_3612395_3652025	116.6	00	No_PHROG	No_PHROG	No_PHROG	No_PHROG	No_PHROGs_HMM	No_PHROGs_HMM	No_PHROGs_HMM	No_custom_HMM	No_custom_HMM	No_custom_HMM	No_PHROG	ab initio prediction:Pyrodigal-gv:0.3.2	CDS	None	hypothetical protein	unknown function	None	None	None	None	None	None	None	None	None	None	None	None	None	None	None	None	None	None	None	11
SRR35809155_ctg108|provirus_3612395_3652025_CDS_0016	14381	14602	+	SRR35809155_ctg108|provirus_3612395_3652025	5.9	00	No_PHROG	No_PHROG	No_PHROG	No_PHROG	No_PHROGs_HMM	No_PHROGs_HMM	No_PHROGs_HMM	No_custom_HMM	No_custom_HMM	No_custom_HMM	No_PHROG	ab initio prediction:Pyrodigal-gv:0.3.2	CDS	None	hypothetical protein	unknown function	None	None	None	None	None	None	None	None	None	None	None	None	None	None	None	None	None	None	None	11
SRR35809155_ctg108|provirus_3612395_3652025_CDS_0017	14961	14584	-	SRR35809155_ctg108|provirus_3612395_3652025	62.1	00	No_PHROG	No_PHROG	No_PHROG	No_PHROG	No_PHROGs_HMM	No_PHROGs_HMM	No_PHROGs_HMM	No_custom_HMM	No_custom_HMM	No_custom_HMM	No_PHROG	ab initio prediction:Pyrodigal-gv:0.3.2	CDS	None	hypothetical protein	unknown function	None	None	None	None	None	None	None	None	None	None	None	None	None	None	None	None	None	None	None	11
SRR35809155_ctg108|provirus_3612395_3652025_CDS_0018	17393	15144	-	SRR35809155_ctg108|provirus_3612395_3652025	441.0	00	29592	553.0	0.408	1.68e-170	No_PHROGs_HMM	No_PHROGs_HMM	No_PHROGs_HMM	No_custom_HMM	No_custom_HMM	No_custom_HMM	29592	ab initio prediction:Pyrodigal-gv:0.3.2	CDS	#c9c9c9	hypothetical protein	unknown function	None	None	None	None	None	None	None	None	None	None	None	None	None	None	None	None	None	None	None	11
SRR35809155_ctg108|provirus_3612395_3652025_CDS_0019	17650	17390	-	SRR35809155_ctg108|provirus_3612395_3652025	51.9	00	No_PHROG	No_PHROG	No_PHROG	No_PHROG	No_PHROGs_HMM	No_PHROGs_HMM	No_PHROGs_HMM	No_custom_HMM	No_custom_HMM	No_custom_HMM	No_PHROG	ab initio prediction:Pyrodigal-gv:0.3.2	CDS	None	hypothetical protein	unknown function	None	None	None	None	None	None	None	None	None	None	None	None	None	None	None	None	None	None	None	11
SRR35809155_ctg108|provirus_3612395_3652025_CDS_0020	18073	17777	-	SRR35809155_ctg108|provirus_3612395_3652025	6.4	00	4887	123.0	0.658	2.384e-35	No_PHROGs_HMM	No_PHROGs_HMM	No_PHROGs_HMM	No_custom_HMM	No_custom_HMM	No_custom_HMM	4887	ab initio prediction:Pyrodigal-gv:0.3.2	CDS	#c9c9c9	hypothetical protein	unknown function	None	None	None	None	None	None	None	None	None	None	None	None	None	None	None	None	None	None	None	11
SRR35809155_ctg108|provirus_3612395_3652025_CDS_0021	18852	18073	-	SRR35809155_ctg108|provirus_3612395_3652025	135.7	00	2468	73.0	0.317	1.036e-15	No_PHROGs_HMM	No_PHROGs_HMM	No_PHROGs_HMM	No_custom_HMM	No_custom_HMM	No_custom_HMM	2468	ab initio prediction:Pyrodigal-gv:0.3.2	CDS	#3e83f6	head morphogenesis	head and packaging	None	None	None	None	None	None	None	None	None	None	None	None	None	None	None	None	None	None	None	11
SRR35809155_ctg108|provirus_3612395_3652025_CDS_0022	19031	18849	-	SRR35809155_ctg108|provirus_3612395_3652025	-2.8	00	No_PHROG	No_PHROG	No_PHROG	No_PHROG	No_PHROGs_HMM	No_PHROGs_HMM	No_PHROGs_HMM	No_custom_HMM	No_custom_HMM	No_custom_HMM	No_PHROG	ab initio prediction:Pyrodigal-gv:0.3.2	CDS	None	hypothetical protein	unknown function	None	None	None	None	None	None	None	None	None	None	None	None	None	None	None	None	None	None	None	11
SRR35809155_ctg108|provirus_3612395_3652025_CDS_0023	20512	19028	-	SRR35809155_ctg108|provirus_3612395_3652025	318.8	00	10963	167.0	0.276	9.440999999999999e-45	No_PHROGs_HMM	No_PHROGs_HMM	No_PHROGs_HMM	No_custom_HMM	No_custom_HMM	No_custom_HMM	10963	ab initio prediction:Pyrodigal-gv:0.3.2	CDS	#3e83f6	portal protein	head and packaging	None	None	None	None	None	None	None	None	None	None	None	None	None	None	None	None	None	None	None	11
SRR35809155_ctg108|provirus_3612395_3652025_CDS_0024	22220	20646	-	SRR35809155_ctg108|provirus_3612395_3652025	279.9	00	11208	70.0	0.435	1.766e-16	No_PHROGs_HMM	No_PHROGs_HMM	No_PHROGs_HMM	No_custom_HMM	No_custom_HMM	No_custom_HMM	11208	ab initio prediction:Pyrodigal-gv:0.3.2	CDS	#c9c9c9	hypothetical protein	unknown function	None	None	None	None	None	None	None	None	None	None	None	None	None	None	None	None	None	None	None	11
SRR35809155_ctg108|provirus_3612395_3652025_CDS_0025	22485	22210	-	SRR35809155_ctg108|provirus_3612395_3652025	46.7	00	6519	46.0	0.424	6.753e-09	No_PHROGs_HMM	No_PHROGs_HMM	No_PHROGs_HMM	No_custom_HMM	No_custom_HMM	No_custom_HMM	6519	ab initio prediction:Pyrodigal-gv:0.3.2	CDS	#c9c9c9	hypothetical protein	unknown function	None	None	None	None	None	None	None	None	None	None	None	None	None	None	None	None	None	None	None	11
SRR35809155_ctg108|provirus_3612395_3652025_CDS_0026	22682	22485	-	SRR35809155_ctg108|provirus_3612395_3652025	4.8	00	No_PHROG	No_PHROG	No_PHROG	No_PHROG	No_PHROGs_HMM	No_PHROGs_HMM	No_PHROGs_HMM	No_custom_HMM	No_custom_HMM	No_custom_HMM	No_PHROG	ab initio prediction:Pyrodigal-gv:0.3.2	CDS	None	hypothetical protein	unknown function	None	None	None	None	None	None	None	None	None	None	None	None	None	None	None	None	None	None	None	11
SRR35809155_ctg108|provirus_3612395_3652025_CDS_0027	23227	22682	-	SRR35809155_ctg108|provirus_3612395_3652025	102.5	00	426	139.0	0.432	1.414e-39	No_PHROGs_HMM	No_PHROGs_HMM	No_PHROGs_HMM	No_custom_HMM	No_custom_HMM	No_custom_HMM	426	ab initio prediction:Pyrodigal-gv:0.3.2	CDS	#3e83f6	terminase small subunit	head and packaging	None	None	None	None	None	None	None	None	None	None	None	None	None	None	None	None	None	None	None	11
SRR35809155_ctg108|provirus_3612395_3652025_CDS_0028	23543	23229	-	SRR35809155_ctg108|provirus_3612395_3652025	62.7	00	436	95.0	0.489	1.596e-25	No_PHROGs_HMM	No_PHROGs_HMM	No_PHROGs_HMM	No_custom_HMM	No_custom_HMM	No_custom_HMM	436	ab initio prediction:Pyrodigal-gv:0.3.2	CDS	#c9c9c9	hypothetical protein	unknown function	None	None	None	None	None	None	None	None	None	None	None	None	None	None	None	None	None	None	None	11
SRR35809155_ctg108|provirus_3612395_3652025_CDS_0029	23899	23540	-	SRR35809155_ctg108|provirus_3612395_3652025	54.4	00	462	40.0	0.366	1.018e-06	No_PHROGs_HMM	No_PHROGs_HMM	No_PHROGs_HMM	No_custom_HMM	No_custom_HMM	No_custom_HMM	462	ab initio prediction:Pyrodigal-gv:0.3.2	CDS	#838383	lipoprotein	other	None	None	None	None	None	None	None	None	None	None	None	None	None	None	None	None	None	None	None	11
SRR35809155_ctg108|provirus_3612395_3652025_CDS_0030	24225	23896	-	SRR35809155_ctg108|provirus_3612395_3652025	57.7	00	No_PHROG	No_PHROG	No_PHROG	No_PHROG	No_PHROGs_HMM	No_PHROGs_HMM	No_PHROGs_HMM	No_custom_HMM	No_custom_HMM	No_custom_HMM	No_PHROG	ab initio prediction:Pyrodigal-gv:0.3.2	CDS	None	hypothetical protein	unknown function	None	None	None	None	None	None	None	None	None	None	None	None	None	None	None	None	None	None	None	11
SRR35809155_ctg108|provirus_3612395_3652025_CDS_0031	24836	24219	-	SRR35809155_ctg108|provirus_3612395_3652025	105.7	00	No_PHROG	No_PHROG	No_PHROG	No_PHROG	No_PHROGs_HMM	No_PHROGs_HMM	No_PHROGs_HMM	No_custom_HMM	No_custom_HMM	No_custom_HMM	No_PHROG	ab initio prediction:Pyrodigal-gv:0.3.2	CDS	None	hypothetical protein	unknown function	None	None	None	None	None	None	None	None	None	None	None	None	None	None	None	None	None	None	None	11
SRR35809155_ctg108|provirus_3612395_3652025_CDS_0032	25060	24833	-	SRR35809155_ctg108|provirus_3612395_3652025	33.4	00	1356	42.0	0.338	1.397e-07	No_PHROGs_HMM	No_PHROGs_HMM	No_PHROGs_HMM	No_custom_HMM	No_custom_HMM	No_custom_HMM	1356	ab initio prediction:Pyrodigal-gv:0.3.2	CDS	#f35f49	holin	lysis	None	None	None	None	None	None	None	None	None	None	None	None	None	None	None	None	None	None	None	11
SRR35809155_ctg108|provirus_3612395_3652025_CDS_0033	25323	25057	-	SRR35809155_ctg108|provirus_3612395_3652025	18.6	00	No_PHROG	No_PHROG	No_PHROG	No_PHROG	No_PHROGs_HMM	No_PHROGs_HMM	No_PHROGs_HMM	No_custom_HMM	No_custom_HMM	No_custom_HMM	No_PHROG	ab initio prediction:Pyrodigal-gv:0.3.2	CDS	None	hypothetical protein	unknown function	None	None	None	None	None	None	None	None	None	None	None	None	None	None	None	None	None	None	None	11
SRR35809155_ctg108|provirus_3612395_3652025_CDS_0034	25952	25323	-	SRR35809155_ctg108|provirus_3612395_3652025	80.6	00	822	116.0	0.377	1.0760000000000001e-30	No_PHROGs_HMM	No_PHROGs_HMM	No_PHROGs_HMM	No_custom_HMM	No_custom_HMM	No_custom_HMM	822	ab initio prediction:Pyrodigal-gv:0.3.2	CDS	#f35f49	amidase	lysis	None	None	None	None	None	None	None	None	None	None	None	None	None	None	None	None	None	None	None	11
SRR35809155_ctg108|provirus_3612395_3652025_CDS_0035	26127	26026	-	SRR35809155_ctg108|provirus_3612395_3652025	1.1	00	No_PHROG	No_PHROG	No_PHROG	No_PHROG	No_PHROGs_HMM	No_PHROGs_HMM	No_PHROGs_HMM	No_custom_HMM	No_custom_HMM	No_custom_HMM	No_PHROG	ab initio prediction:Pyrodigal-gv:0.3.2	CDS	None	hypothetical protein	unknown function	None	None	None	None	None	None	None	None	None	None	None	None	None	None	None	None	None	None	None	11
SRR35809155_ctg108|provirus_3612395_3652025_CDS_0036	26537	26094	-	SRR35809155_ctg108|provirus_3612395_3652025	48.7	00	No_PHROG	No_PHROG	No_PHROG	No_PHROG	No_PHROGs_HMM	No_PHROGs_HMM	No_PHROGs_HMM	No_custom_HMM	No_custom_HMM	No_custom_HMM	No_PHROG	ab initio prediction:Pyrodigal-gv:0.3.2	CDS	None	hypothetical protein	unknown function	None	None	None	None	None	None	None	None	None	None	None	None	None	None	None	None	None	None	None	11
SRR35809155_ctg108|provirus_3612395_3652025_CDS_0037	26846	26604	-	SRR35809155_ctg108|provirus_3612395_3652025	41.8	00	No_PHROG	No_PHROG	No_PHROG	No_PHROG	No_PHROGs_HMM	No_PHROGs_HMM	No_PHROGs_HMM	No_custom_HMM	No_custom_HMM	No_custom_HMM	No_PHROG	ab initio prediction:Pyrodigal-gv:0.3.2	CDS	None	hypothetical protein	unknown function	None	None	None	None	None	None	None	None	None	None	None	None	None	None	None	None	None	None	None	11
SRR35809155_ctg108|provirus_3612395_3652025_CDS_0038	27319	26900	-	SRR35809155_ctg108|provirus_3612395_3652025	90.2	00	836	82.0	0.355	2.5030000000000003e-20	No_PHROGs_HMM	No_PHROGs_HMM	No_PHROGs_HMM	No_custom_HMM	No_custom_HMM	No_custom_HMM	836	ab initio prediction:Pyrodigal-gv:0.3.2	CDS	#a861e3	late transcriptional activator	transcription regulation	None	None	None	None	None	None	None	None	None	None	None	None	None	None	None	None	None	None	None	11
SRR35809155_ctg108|provirus_3612395_3652025_CDS_0039	27825	27322	-	SRR35809155_ctg108|provirus_3612395_3652025	101.2	00	286	93.0	0.39	2.786e-24	No_PHROGs_HMM	No_PHROGs_HMM	No_PHROGs_HMM	No_custom_HMM	No_custom_HMM	No_custom_HMM	286	ab initio prediction:Pyrodigal-gv:0.3.2	CDS	#c9c9c9	hypothetical protein	unknown function	None	None	None	None	None	None	None	None	None	None	None	None	None	None	None	None	None	None	None	11
SRR35809155_ctg108|provirus_3612395_3652025_CDS_0040	28028	27822	-	SRR35809155_ctg108|provirus_3612395_3652025	41.9	00	No_PHROG	No_PHROG	No_PHROG	No_PHROG	No_PHROGs_HMM	No_PHROGs_HMM	No_PHROGs_HMM	No_custom_HMM	No_custom_HMM	No_custom_HMM	No_PHROG	ab initio prediction:Pyrodigal-gv:0.3.2	CDS	None	hypothetical protein	unknown function	None	None	None	None	None	None	None	None	None	None	None	None	None	None	None	None	None	None	None	11
SRR35809155_ctg108|provirus_3612395_3652025_CDS_0041	28243	28019	-	SRR35809155_ctg108|provirus_3612395_3652025	26.7	00	No_PHROG	No_PHROG	No_PHROG	No_PHROG	No_PHROGs_HMM	No_PHROGs_HMM	No_PHROGs_HMM	No_custom_HMM	No_custom_HMM	No_custom_HMM	No_PHROG	ab initio prediction:Pyrodigal-gv:0.3.2	CDS	None	hypothetical protein	unknown function	None	None	None	None	None	None	None	None	None	None	None	None	None	None	None	None	None	None	None	11
SRR35809155_ctg108|provirus_3612395_3652025_CDS_0042	29354	28236	-	SRR35809155_ctg108|provirus_3612395_3652025	150.9	00	2045	344.0	0.497	5.953e-107	No_PHROGs_HMM	No_PHROGs_HMM	No_PHROGs_HMM	No_custom_HMM	No_custom_HMM	No_custom_HMM	2045	ab initio prediction:Pyrodigal-gv:0.3.2	CDS	#c9c9c9	hypothetical protein	unknown function	None	None	None	None	None	None	None	None	None	None	None	None	None	None	None	None	None	None	None	11
SRR35809155_ctg108|provirus_3612395_3652025_CDS_0043	29694	29347	-	SRR35809155_ctg108|provirus_3612395_3652025	49.2	00	355	102.0	0.489	9.966e-28	No_PHROGs_HMM	No_PHROGs_HMM	No_PHROGs_HMM	No_custom_HMM	No_custom_HMM	No_custom_HMM	355	ab initio prediction:Pyrodigal-gv:0.3.2	CDS	#ffdf59	nucleoside 2-deoxyribosyltransferase	DNA, RNA and nucleotide metabolism	None	None	None	None	None	None	None	None	None	None	None	None	None	None	None	None	None	None	None	11
SRR35809155_ctg108|provirus_3612395_3652025_CDS_0044	29939	29694	-	SRR35809155_ctg108|provirus_3612395_3652025	23.9	00	No_PHROG	No_PHROG	No_PHROG	No_PHROG	No_PHROGs_HMM	No_PHROGs_HMM	No_PHROGs_HMM	No_custom_HMM	No_custom_HMM	No_custom_HMM	No_PHROG	ab initio prediction:Pyrodigal-gv:0.3.2	CDS	None	hypothetical protein	unknown function	None	None	None	None	None	None	None	None	None	None	None	None	None	None	None	None	None	None	None	11
SRR35809155_ctg108|provirus_3612395_3652025_CDS_0045	30226	29936	-	SRR35809155_ctg108|provirus_3612395_3652025	54.2	00	No_PHROG	No_PHROG	No_PHROG	No_PHROG	No_PHROGs_HMM	No_PHROGs_HMM	No_PHROGs_HMM	No_custom_HMM	No_custom_HMM	No_custom_HMM	No_PHROG	ab initio prediction:Pyrodigal-gv:0.3.2	CDS	None	hypothetical protein	unknown function	None	None	None	None	None	None	None	None	None	None	None	None	None	None	None	None	None	None	None	11
SRR35809155_ctg108|provirus_3612395_3652025_CDS_0046	30560	30291	-	SRR35809155_ctg108|provirus_3612395_3652025	72.1	00	379	75.0	0.427	3.56e-18	No_PHROGs_HMM	No_PHROGs_HMM	No_PHROGs_HMM	No_custom_HMM	No_custom_HMM	No_custom_HMM	379	ab initio prediction:Pyrodigal-gv:0.3.2	CDS	#ffdf59	DNA binding protein	DNA, RNA and nucleotide metabolism	None	None	None	None	None	None	None	None	None	None	None	None	None	None	None	None	None	None	None	11
SRR35809155_ctg108|provirus_3612395_3652025_CDS_0047	30811	30557	-	SRR35809155_ctg108|provirus_3612395_3652025	29.2	00	No_PHROG	No_PHROG	No_PHROG	No_PHROG	No_PHROGs_HMM	No_PHROGs_HMM	No_PHROGs_HMM	No_custom_HMM	No_custom_HMM	No_custom_HMM	No_PHROG	ab initio prediction:Pyrodigal-gv:0.3.2	CDS	None	hypothetical protein	unknown function	None	None	None	None	None	None	None	None	None	None	None	None	None	None	None	None	None	None	None	11
SRR35809155_ctg108|provirus_3612395_3652025_CDS_0048	31032	30796	-	SRR35809155_ctg108|provirus_3612395_3652025	49.2	00	No_PHROG	No_PHROG	No_PHROG	No_PHROG	No_PHROGs_HMM	No_PHROGs_HMM	No_PHROGs_HMM	No_custom_HMM	No_custom_HMM	No_custom_HMM	No_PHROG	ab initio prediction:Pyrodigal-gv:0.3.2	CDS	None	hypothetical protein	unknown function	None	None	None	None	None	None	None	None	None	None	None	None	None	None	None	None	None	None	None	11
SRR35809155_ctg108|provirus_3612395_3652025_CDS_0049	31649	31032	-	SRR35809155_ctg108|provirus_3612395_3652025	122.8	00	No_PHROG	No_PHROG	No_PHROG	No_PHROG	No_PHROGs_HMM	No_PHROGs_HMM	No_PHROGs_HMM	No_custom_HMM	No_custom_HMM	No_custom_HMM	No_PHROG	ab initio prediction:Pyrodigal-gv:0.3.2	CDS	None	hypothetical protein	unknown function	None	None	None	None	None	None	None	None	None	None	None	None	None	None	None	None	None	None	None	11
SRR35809155_ctg108|provirus_3612395_3652025_CDS_0050	31875	31621	-	SRR35809155_ctg108|provirus_3612395_3652025	40.9	00	No_PHROG	No_PHROG	No_PHROG	No_PHROG	No_PHROGs_HMM	No_PHROGs_HMM	No_PHROGs_HMM	No_custom_HMM	No_custom_HMM	No_custom_HMM	No_PHROG	ab initio prediction:Pyrodigal-gv:0.3.2	CDS	None	hypothetical protein	unknown function	None	None	None	None	None	None	None	None	None	None	None	None	None	None	None	None	None	None	None	11
SRR35809155_ctg108|provirus_3612395_3652025_CDS_0051	32260	31880	-	SRR35809155_ctg108|provirus_3612395_3652025	66.3	00	2113	44.0	0.308	1.368e-07	No_PHROGs_HMM	No_PHROGs_HMM	No_PHROGs_HMM	No_custom_HMM	No_custom_HMM	No_custom_HMM	2113	ab initio prediction:Pyrodigal-gv:0.3.2	CDS	#c9c9c9	hypothetical protein	unknown function	None	None	None	None	None	None	None	None	None	None	None	None	None	None	None	None	None	None	None	11
SRR35809155_ctg108|provirus_3612395_3652025_CDS_0052	33041	32271	-	SRR35809155_ctg108|provirus_3612395_3652025	96.2	00	No_PHROG	No_PHROG	No_PHROG	No_PHROG	No_PHROGs_HMM	No_PHROGs_HMM	No_PHROGs_HMM	No_custom_HMM	No_custom_HMM	No_custom_HMM	No_PHROG	ab initio prediction:Pyrodigal-gv:0.3.2	CDS	None	hypothetical protein	unknown function	None	None	None	None	None	None	None	None	None	None	None	None	None	None	None	None	None	None	None	11
SRR35809155_ctg108|provirus_3612395_3652025_CDS_0053	33392	33057	-	SRR35809155_ctg108|provirus_3612395_3652025	66.9	00	2041	49.0	0.309	2.118e-09	No_PHROGs_HMM	No_PHROGs_HMM	No_PHROGs_HMM	No_custom_HMM	No_custom_HMM	No_custom_HMM	2041	ab initio prediction:Pyrodigal-gv:0.3.2	CDS	#c9c9c9	hypothetical protein	unknown function	None	None	None	None	None	None	None	None	None	None	None	None	None	None	None	None	None	None	None	11
SRR35809155_ctg108|provirus_3612395_3652025_CDS_0054	34659	33394	-	SRR35809155_ctg108|provirus_3612395_3652025	230.2	00	296	70.0	0.213	1.33e-14	No_PHROGs_HMM	No_PHROGs_HMM	No_PHROGs_HMM	No_custom_HMM	No_custom_HMM	No_custom_HMM	296	ab initio prediction:Pyrodigal-gv:0.3.2	CDS	#fea328	DNA transposition protein	integration and excision	None	None	None	None	None	None	None	None	None	None	None	None	None	None	None	None	None	None	None	11
SRR35809155_ctg108|provirus_3612395_3652025_CDS_0055	36548	34785	-	SRR35809155_ctg108|provirus_3612395_3652025	295.6	00	310	242.0	0.317	8.765e-69	No_PHROGs_HMM	No_PHROGs_HMM	No_PHROGs_HMM	No_custom_HMM	No_custom_HMM	No_custom_HMM	310	ab initio prediction:Pyrodigal-gv:0.3.2	CDS	#fea328	transposase	integration and excision	None	None	None	None	None	None	None	None	None	None	None	None	None	None	None	None	None	None	None	11
SRR35809155_ctg108|provirus_3612395_3652025_CDS_0056	37488	36550	-	SRR35809155_ctg108|provirus_3612395_3652025	170.5	00	1748	113.0	0.311	8.222999999999999e-29	No_PHROGs_HMM	No_PHROGs_HMM	No_PHROGs_HMM	No_custom_HMM	No_custom_HMM	No_custom_HMM	1748	ab initio prediction:Pyrodigal-gv:0.3.2	CDS	#c9c9c9	hypothetical protein	unknown function	None	None	None	None	None	None	None	None	None	None	None	None	None	None	None	None	None	None	None	11
SRR35809155_ctg108|provirus_3612395_3652025_CDS_0057	37846	37517	-	SRR35809155_ctg108|provirus_3612395_3652025	56.3	00	1368	56.0	0.36	3.276e-12	No_PHROGs_HMM	No_PHROGs_HMM	No_PHROGs_HMM	No_custom_HMM	No_custom_HMM	No_custom_HMM	1368	ab initio prediction:Pyrodigal-gv:0.3.2	CDS	#a861e3	transcriptional regulator	transcription regulation	None	None	None	None	None	None	None	None	None	None	None	None	None	None	None	None	None	None	None	11
SRR35809155_ctg108|provirus_3612395_3652025_CDS_0058	38325	37843	-	SRR35809155_ctg108|provirus_3612395_3652025	87.2	00	No_PHROG	No_PHROG	No_PHROG	No_PHROG	No_PHROGs_HMM	No_PHROGs_HMM	No_PHROGs_HMM	No_custom_HMM	No_custom_HMM	No_custom_HMM	No_PHROG	ab initio prediction:Pyrodigal-gv:0.3.2	CDS	None	hypothetical protein	unknown function	None	None	None	None	None	None	None	None	None	None	None	None	None	None	None	None	None	None	None	11
SRR35809155_ctg108|provirus_3612395_3652025_CDS_0059	38790	38434	-	SRR35809155_ctg108|provirus_3612395_3652025	7.4	00	769	51.0	0.408	1.249e-10	No_PHROGs_HMM	No_PHROGs_HMM	No_PHROGs_HMM	No_custom_HMM	No_custom_HMM	No_custom_HMM	769	ab initio prediction:Pyrodigal-gv:0.3.2	CDS	#a861e3	transcriptional repressor	transcription regulation	None	None	None	None	None	None	None	None	None	None	None	None	None	None	None	None	None	None	None	11
SRR35809155_ctg108|provirus_3612395_3652025_CDS_0060	38867	39631	+	SRR35809155_ctg108|provirus_3612395_3652025	71.5	00	4836	46.0	0.269	2.094e-07	No_PHROGs_HMM	No_PHROGs_HMM	No_PHROGs_HMM	No_custom_HMM	No_custom_HMM	No_custom_HMM	4836	ab initio prediction:Pyrodigal-gv:0.3.2	CDS	#a861e3	CII-like regulator	transcription regulation	None	None	None	None	None	None	None	None	None	None	None	None	None	None	None	None	None	None	None	11
SRR35809332_ctg866|provirus_3351243_3393491_CDS_0001	528	1	-	SRR35809332_ctg866|provirus_3351243_3393491	56.7	00	No_PHROG	No_PHROG	No_PHROG	No_PHROG	No_PHROGs_HMM	No_PHROGs_HMM	No_PHROGs_HMM	No_custom_HMM	No_custom_HMM	No_custom_HMM	No_PHROG	ab initio prediction:Pyrodigal-gv:0.3.2	CDS	None	hypothetical protein	unknown function	None	None	None	None	None	None	None	None	None	None	None	None	None	None	None	None	None	None	None	11
SRR35809332_ctg866|provirus_3351243_3393491_CDS_0002	1236	814	-	SRR35809332_ctg866|provirus_3351243_3393491	28.2	00	497	74.0	0.346	6.152e-18	No_PHROGs_HMM	No_PHROGs_HMM	No_PHROGs_HMM	No_custom_HMM	No_custom_HMM	No_custom_HMM	497	ab initio prediction:Pyrodigal-gv:0.3.2	CDS	#ff59f5	toxin-antitoxin system HicB-like	moron, auxiliary metabolic gene and host takeover	None	None	None	None	None	None	None	None	None	None	None	None	None	None	None	None	None	None	None	11
SRR35809332_ctg866|provirus_3351243_3393491_CDS_0003	1506	1330	-	SRR35809332_ctg866|provirus_3351243_3393491	15.0	00	353	55.0	0.467	1.929e-12	No_PHROGs_HMM	No_PHROGs_HMM	No_PHROGs_HMM	No_custom_HMM	No_custom_HMM	No_custom_HMM	353	ab initio prediction:Pyrodigal-gv:0.3.2	CDS	#ff59f5	toxin	moron, auxiliary metabolic gene and host takeover	None	None	None	None	None	None	None	None	None	None	None	None	None	None	None	None	None	None	None	11
SRR35809332_ctg866|provirus_3351243_3393491_CDS_0004	1933	1661	-	SRR35809332_ctg866|provirus_3351243_3393491	69.4	00	1300	79.0	0.52	1.788e-20	No_PHROGs_HMM	No_PHROGs_HMM	No_PHROGs_HMM	No_custom_HMM	No_custom_HMM	No_custom_HMM	1300	ab initio prediction:Pyrodigal-gv:0.3.2	CDS	#fea328	excisionase	integration and excision	None	None	None	None	None	None	None	None	None	None	None	None	None	None	None	None	None	None	None	11
SRR35809332_ctg866|provirus_3351243_3393491_CDS_0005	2050	2724	+	SRR35809332_ctg866|provirus_3351243_3393491	43.1	00	No_PHROG	No_PHROG	No_PHROG	No_PHROG	No_PHROGs_HMM	No_PHROGs_HMM	No_PHROGs_HMM	No_custom_HMM	No_custom_HMM	No_custom_HMM	No_PHROG	ab initio prediction:Pyrodigal-gv:0.3.2	CDS	None	hypothetical protein	unknown function	None	None	None	None	None	None	None	None	None	None	None	None	None	None	None	None	None	None	None	11
SRR35809332_ctg866|provirus_3351243_3393491_CDS_0006	4397	2727	-	SRR35809332_ctg866|provirus_3351243_3393491	300.5	00	23072	253.0	0.42	3.641e-75	No_PHROGs_HMM	No_PHROGs_HMM	No_PHROGs_HMM	No_custom_HMM	No_custom_HMM	No_custom_HMM	23072	ab initio prediction:Pyrodigal-gv:0.3.2	CDS	#838383	DNA methyltransferase	other	None	None	None	None	None	None	None	None	None	None	None	None	None	None	None	None	None	None	None	11
SRR35809332_ctg866|provirus_3351243_3393491_CDS_0007	4927	4394	-	SRR35809332_ctg866|provirus_3351243_3393491	83.7	00	No_PHROG	No_PHROG	No_PHROG	No_PHROG	No_PHROGs_HMM	No_PHROGs_HMM	No_PHROGs_HMM	No_custom_HMM	No_custom_HMM	No_custom_HMM	No_PHROG	ab initio prediction:Pyrodigal-gv:0.3.2	CDS	None	hypothetical protein	unknown function	None	None	None	None	None	None	None	None	None	None	None	None	None	None	None	None	None	None	None	11
SRR35809332_ctg866|provirus_3351243_3393491_CDS_0008	5535	4924	-	SRR35809332_ctg866|provirus_3351243_3393491	105.9	00	No_PHROG	No_PHROG	No_PHROG	No_PHROG	No_PHROGs_HMM	No_PHROGs_HMM	No_PHROGs_HMM	No_custom_HMM	No_custom_HMM	No_custom_HMM	No_PHROG	ab initio prediction:Pyrodigal-gv:0.3.2	CDS	None	hypothetical protein	unknown function	None	None	None	None	None	None	None	None	None	None	None	None	None	None	None	None	None	None	None	11
SRR35809332_ctg866|provirus_3351243_3393491_CDS_0009	6530	5532	-	SRR35809332_ctg866|provirus_3351243_3393491	135.4	00	318	114.0	0.38	6.749e-31	No_PHROGs_HMM	No_PHROGs_HMM	No_PHROGs_HMM	No_custom_HMM	No_custom_HMM	No_custom_HMM	318	ab initio prediction:Pyrodigal-gv:0.3.2	CDS	#838383	deoxyribonucleoside 5' monophosphate phosphatase	other	None	None	None	None	None	None	None	None	None	None	None	None	None	None	None	None	None	None	None	11
SRR35809332_ctg866|provirus_3351243_3393491_CDS_0010	8271	6523	-	SRR35809332_ctg866|provirus_3351243_3393491	373.0	00	18726	123.0	0.292	1.947e-30	No_PHROGs_HMM	No_PHROGs_HMM	No_PHROGs_HMM	No_custom_HMM	No_custom_HMM	No_custom_HMM	18726	ab initio prediction:Pyrodigal-gv:0.3.2	CDS	#c9c9c9	hypothetical protein	unknown function	None	None	None	None	None	None	None	None	None	None	None	None	None	None	None	None	None	None	None	11
SRR35809332_ctg866|provirus_3351243_3393491_CDS_0011	8831	8268	-	SRR35809332_ctg866|provirus_3351243_3393491	110.3	00	No_PHROG	No_PHROG	No_PHROG	No_PHROG	No_PHROGs_HMM	No_PHROGs_HMM	No_PHROGs_HMM	No_custom_HMM	No_custom_HMM	No_custom_HMM	No_PHROG	ab initio prediction:Pyrodigal-gv:0.3.2	CDS	None	hypothetical protein	unknown function	None	None	None	None	None	None	None	None	None	None	None	None	None	None	None	None	None	None	None	11
SRR35809332_ctg866|provirus_3351243_3393491_CDS_0012	9161	8838	-	SRR35809332_ctg866|provirus_3351243_3393491	44.2	00	No_PHROG	No_PHROG	No_PHROG	No_PHROG	No_PHROGs_HMM	No_PHROGs_HMM	No_PHROGs_HMM	No_custom_HMM	No_custom_HMM	No_custom_HMM	No_PHROG	ab initio prediction:Pyrodigal-gv:0.3.2	CDS	None	hypothetical protein	unknown function	None	None	None	None	None	None	None	None	None	None	None	None	None	None	None	None	None	None	None	11
SRR35809332_ctg866|provirus_3351243_3393491_CDS_0013	9427	9164	-	SRR35809332_ctg866|provirus_3351243_3393491	26.4	00	No_PHROG	No_PHROG	No_PHROG	No_PHROG	No_PHROGs_HMM	No_PHROGs_HMM	No_PHROGs_HMM	No_custom_HMM	No_custom_HMM	No_custom_HMM	No_PHROG	ab initio prediction:Pyrodigal-gv:0.3.2	CDS	None	hypothetical protein	unknown function	None	None	None	None	None	None	None	None	None	None	None	None	None	None	None	None	None	None	None	11
SRR35809332_ctg866|provirus_3351243_3393491_CDS_0014	9675	9424	-	SRR35809332_ctg866|provirus_3351243_3393491	14.2	00	No_PHROG	No_PHROG	No_PHROG	No_PHROG	No_PHROGs_HMM	No_PHROGs_HMM	No_PHROGs_HMM	No_custom_HMM	No_custom_HMM	No_custom_HMM	No_PHROG	ab initio prediction:Pyrodigal-gv:0.3.2	CDS	None	hypothetical protein	unknown function	None	None	None	None	None	None	None	None	None	None	None	None	None	None	None	None	None	None	None	11
SRR35809332_ctg866|provirus_3351243_3393491_CDS_0015	10010	9672	-	SRR35809332_ctg866|provirus_3351243_3393491	45.9	00	No_PHROG	No_PHROG	No_PHROG	No_PHROG	No_PHROGs_HMM	No_PHROGs_HMM	No_PHROGs_HMM	No_custom_HMM	No_custom_HMM	No_custom_HMM	No_PHROG	ab initio prediction:Pyrodigal-gv:0.3.2	CDS	None	hypothetical protein	unknown function	None	None	None	None	None	None	None	None	None	None	None	None	None	None	None	None	None	None	None	11
SRR35809332_ctg866|provirus_3351243_3393491_CDS_0016	10240	10007	-	SRR35809332_ctg866|provirus_3351243_3393491	48.5	00	No_PHROG	No_PHROG	No_PHROG	No_PHROG	No_PHROGs_HMM	No_PHROGs_HMM	No_PHROGs_HMM	No_custom_HMM	No_custom_HMM	No_custom_HMM	No_PHROG	ab initio prediction:Pyrodigal-gv:0.3.2	CDS	None	hypothetical protein	unknown function	None	None	None	None	None	None	None	None	None	None	None	None	None	None	None	None	None	None	None	11
SRR35809332_ctg866|provirus_3351243_3393491_CDS_0017	10310	10525	+	SRR35809332_ctg866|provirus_3351243_3393491	13.5	00	No_PHROG	No_PHROG	No_PHROG	No_PHROG	No_PHROGs_HMM	No_PHROGs_HMM	No_PHROGs_HMM	No_custom_HMM	No_custom_HMM	No_custom_HMM	No_PHROG	ab initio prediction:Pyrodigal-gv:0.3.2	CDS	None	hypothetical protein	unknown function	None	None	None	None	None	None	None	None	None	None	None	None	None	None	None	None	None	None	None	11
SRR35809332_ctg866|provirus_3351243_3393491_CDS_0018	10747	10514	-	SRR35809332_ctg866|provirus_3351243_3393491	24.0	00	No_PHROG	No_PHROG	No_PHROG	No_PHROG	No_PHROGs_HMM	No_PHROGs_HMM	No_PHROGs_HMM	No_custom_HMM	No_custom_HMM	No_custom_HMM	No_PHROG	ab initio prediction:Pyrodigal-gv:0.3.2	CDS	None	hypothetical protein	unknown function	None	None	None	None	None	None	None	None	None	None	None	None	None	None	None	None	None	None	None	11
SRR35809332_ctg866|provirus_3351243_3393491_CDS_0019	11228	10866	-	SRR35809332_ctg866|provirus_3351243_3393491	70.4	00	No_PHROG	No_PHROG	No_PHROG	No_PHROG	No_PHROGs_HMM	No_PHROGs_HMM	No_PHROGs_HMM	No_custom_HMM	No_custom_HMM	No_custom_HMM	No_PHROG	ab initio prediction:Pyrodigal-gv:0.3.2	CDS	None	hypothetical protein	unknown function	None	None	None	None	None	None	None	None	None	None	None	None	None	None	None	None	None	None	None	11
SRR35809332_ctg866|provirus_3351243_3393491_CDS_0020	11464	11252	-	SRR35809332_ctg866|provirus_3351243_3393491	28.8	00	No_PHROG	No_PHROG	No_PHROG	No_PHROG	No_PHROGs_HMM	No_PHROGs_HMM	No_PHROGs_HMM	No_custom_HMM	No_custom_HMM	No_custom_HMM	No_PHROG	ab initio prediction:Pyrodigal-gv:0.3.2	CDS	None	hypothetical protein	unknown function	None	None	None	None	None	None	None	None	None	None	None	None	None	None	None	None	None	None	None	11
SRR35809332_ctg866|provirus_3351243_3393491_CDS_0021	11757	11521	-	SRR35809332_ctg866|provirus_3351243_3393491	7.2	00	No_PHROG	No_PHROG	No_PHROG	No_PHROG	No_PHROGs_HMM	No_PHROGs_HMM	No_PHROGs_HMM	No_custom_HMM	No_custom_HMM	No_custom_HMM	No_PHROG	ab initio prediction:Pyrodigal-gv:0.3.2	CDS	None	hypothetical protein	unknown function	None	None	None	None	None	None	None	None	None	None	None	None	None	None	None	None	None	None	None	11
SRR35809332_ctg866|provirus_3351243_3393491_CDS_0022	12368	11754	-	SRR35809332_ctg866|provirus_3351243_3393491	73.8	00	2967	40.0	0.339	9.366e-06	No_PHROGs_HMM	No_PHROGs_HMM	No_PHROGs_HMM	No_custom_HMM	No_custom_HMM	No_custom_HMM	2967	ab initio prediction:Pyrodigal-gv:0.3.2	CDS	#a861e3	transcriptional regulator	transcription regulation	None	None	None	None	None	None	None	None	None	None	None	None	None	None	None	None	None	None	None	11
SRR35809332_ctg866|provirus_3351243_3393491_CDS_0023	12485	12715	+	SRR35809332_ctg866|provirus_3351243_3393491	4.1	00	No_PHROG	No_PHROG	No_PHROG	No_PHROG	No_PHROGs_HMM	No_PHROGs_HMM	No_PHROGs_HMM	No_custom_HMM	No_custom_HMM	No_custom_HMM	No_PHROG	ab initio prediction:Pyrodigal-gv:0.3.2	CDS	None	hypothetical protein	unknown function	None	None	None	None	None	None	None	None	None	None	None	None	None	None	None	None	None	None	None	11
SRR35809332_ctg866|provirus_3351243_3393491_CDS_0024	12715	13191	+	SRR35809332_ctg866|provirus_3351243_3393491	100.5	00	101	68.0	0.319	4.053e-15	No_PHROGs_HMM	No_PHROGs_HMM	No_PHROGs_HMM	No_custom_HMM	No_custom_HMM	No_custom_HMM	101	ab initio prediction:Pyrodigal-gv:0.3.2	CDS	#a861e3	CII-like transcriptional activator	transcription regulation	None	None	None	None	None	None	None	None	None	None	None	None	None	None	None	None	None	None	None	11
SRR35809332_ctg866|provirus_3351243_3393491_CDS_0025	13188	13457	+	SRR35809332_ctg866|provirus_3351243_3393491	35.9	00	No_PHROG	No_PHROG	No_PHROG	No_PHROG	No_PHROGs_HMM	No_PHROGs_HMM	No_PHROGs_HMM	No_custom_HMM	No_custom_HMM	No_custom_HMM	No_PHROG	ab initio prediction:Pyrodigal-gv:0.3.2	CDS	None	hypothetical protein	unknown function	None	None	None	None	None	None	None	None	None	None	None	None	None	None	None	None	None	None	None	11
SRR35809332_ctg866|provirus_3351243_3393491_CDS_0026	13454	13714	+	SRR35809332_ctg866|provirus_3351243_3393491	24.6	00	No_PHROG	No_PHROG	No_PHROG	No_PHROG	No_PHROGs_HMM	No_PHROGs_HMM	No_PHROGs_HMM	No_custom_HMM	No_custom_HMM	No_custom_HMM	No_PHROG	ab initio prediction:Pyrodigal-gv:0.3.2	CDS	None	hypothetical protein	unknown function	None	None	None	None	None	None	None	None	None	None	None	None	None	None	None	None	None	None	None	11
SRR35809332_ctg866|provirus_3351243_3393491_CDS_0027	13714	16401	+	SRR35809332_ctg866|provirus_3351243_3393491	500.5	00	4762	153.0	0.28	3.735e-39	No_PHROGs_HMM	No_PHROGs_HMM	No_PHROGs_HMM	No_custom_HMM	No_custom_HMM	No_custom_HMM	4762	ab initio prediction:Pyrodigal-gv:0.3.2	CDS	#c9c9c9	hypothetical protein	unknown function	None	None	None	None	None	None	None	None	None	None	None	None	None	None	None	None	None	None	None	11
SRR35809332_ctg866|provirus_3351243_3393491_CDS_0028	16670	17035	+	SRR35809332_ctg866|provirus_3351243_3393491	36.7	00	No_PHROG	No_PHROG	No_PHROG	No_PHROG	No_PHROGs_HMM	No_PHROGs_HMM	No_PHROGs_HMM	No_custom_HMM	No_custom_HMM	No_custom_HMM	No_PHROG	ab initio prediction:Pyrodigal-gv:0.3.2	CDS	None	hypothetical protein	unknown function	None	None	None	None	None	None	None	None	None	None	None	None	None	None	None	None	None	None	None	11
SRR35809332_ctg866|provirus_3351243_3393491_CDS_0029	17167	17685	+	SRR35809332_ctg866|provirus_3351243_3393491	19.7	00	144	49.0	0.317	2.285e-09	No_PHROGs_HMM	No_PHROGs_HMM	No_PHROGs_HMM	No_custom_HMM	No_custom_HMM	No_custom_HMM	144	ab initio prediction:Pyrodigal-gv:0.3.2	CDS	#ffdf59	HNH endonuclease	DNA, RNA and nucleotide metabolism	None	None	None	None	None	None	None	None	None	None	None	None	None	None	None	None	None	None	None	11
SRR35809332_ctg866|provirus_3351243_3393491_CDS_0030	17685	18239	+	SRR35809332_ctg866|provirus_3351243_3393491	96.6	00	83	98.0	0.346	1.3280000000000001e-25	No_PHROGs_HMM	No_PHROGs_HMM	No_PHROGs_HMM	No_custom_HMM	No_custom_HMM	No_custom_HMM	83	ab initio prediction:Pyrodigal-gv:0.3.2	CDS	#3e83f6	terminase small subunit	head and packaging	None	None	None	None	None	None	None	None	None	None	None	None	None	None	None	None	None	None	None	11
SRR35809332_ctg866|provirus_3351243_3393491_CDS_0031	18242	19963	+	SRR35809332_ctg866|provirus_3351243_3393491	355.5	00	2699	208.0	0.352	5.173999999999999e-60	No_PHROGs_HMM	No_PHROGs_HMM	No_PHROGs_HMM	No_custom_HMM	No_custom_HMM	No_custom_HMM	2699	ab initio prediction:Pyrodigal-gv:0.3.2	CDS	#3e83f6	terminase large subunit	head and packaging	None	None	None	None	None	None	None	None	None	None	None	None	None	None	None	None	None	None	None	11
SRR35809332_ctg866|provirus_3351243_3393491_CDS_0032	19966	21264	+	SRR35809332_ctg866|provirus_3351243_3393491	233.9	00	12	204.0	0.354	6.538e-58	No_PHROGs_HMM	No_PHROGs_HMM	No_PHROGs_HMM	No_custom_HMM	No_custom_HMM	No_custom_HMM	12	ab initio prediction:Pyrodigal-gv:0.3.2	CDS	#3e83f6	portal protein	head and packaging	None	None	None	None	None	None	None	None	None	None	None	None	None	None	None	None	None	None	None	11
SRR35809332_ctg866|provirus_3351243_3393491_CDS_0033	21254	22054	+	SRR35809332_ctg866|provirus_3351243_3393491	113.9	00	94	161.0	0.473	2.804e-46	No_PHROGs_HMM	No_PHROGs_HMM	No_PHROGs_HMM	No_custom_HMM	No_custom_HMM	No_custom_HMM	94	ab initio prediction:Pyrodigal-gv:0.3.2	CDS	#3e83f6	head maturation protease	head and packaging	None	None	None	None	None	None	None	None	None	None	None	None	None	None	None	None	None	None	None	11
SRR35809332_ctg866|provirus_3351243_3393491_CDS_0034	22127	23380	+	SRR35809332_ctg866|provirus_3351243_3393491	316.5	00	10	192.0	0.305	3.6549999999999996e-54	No_PHROGs_HMM	No_PHROGs_HMM	No_PHROGs_HMM	No_custom_HMM	No_custom_HMM	No_custom_HMM	10	ab initio prediction:Pyrodigal-gv:0.3.2	CDS	#3e83f6	major head protein	head and packaging	None	None	None	None	None	None	None	None	None	None	None	None	None	None	None	None	None	None	None	11
SRR35809332_ctg866|provirus_3351243_3393491_CDS_0035	23467	23811	+	SRR35809332_ctg866|provirus_3351243_3393491	77.6	00	No_PHROG	No_PHROG	No_PHROG	No_PHROG	No_PHROGs_HMM	No_PHROGs_HMM	No_PHROGs_HMM	No_custom_HMM	No_custom_HMM	No_custom_HMM	No_PHROG	ab initio prediction:Pyrodigal-gv:0.3.2	CDS	None	hypothetical protein	unknown function	None	None	None	None	None	None	None	None	None	None	None	None	None	None	None	None	None	None	None	11
SRR35809332_ctg866|provirus_3351243_3393491_CDS_0036	23878	24276	+	SRR35809332_ctg866|provirus_3351243_3393491	97.4	00	644	79.0	0.412	5.727000000000001e-20	No_PHROGs_HMM	No_PHROGs_HMM	No_PHROGs_HMM	No_custom_HMM	No_custom_HMM	No_custom_HMM	644	ab initio prediction:Pyrodigal-gv:0.3.2	CDS	#c9c9c9	hypothetical protein	unknown function	None	None	None	None	None	None	None	None	None	None	None	None	None	None	None	None	None	None	None	11
SRR35809332_ctg866|provirus_3351243_3393491_CDS_0037	24276	25424	+	SRR35809332_ctg866|provirus_3351243_3393491	181.4	00	No_PHROG	No_PHROG	No_PHROG	No_PHROG	No_PHROGs_HMM	No_PHROGs_HMM	No_PHROGs_HMM	No_custom_HMM	No_custom_HMM	No_custom_HMM	No_PHROG	ab initio prediction:Pyrodigal-gv:0.3.2	CDS	None	hypothetical protein	unknown function	None	None	None	None	None	None	None	None	None	None	None	None	None	None	None	None	None	None	None	11
SRR35809332_ctg866|provirus_3351243_3393491_CDS_0038	25425	26960	+	SRR35809332_ctg866|provirus_3351243_3393491	272.3	00	27200	120.0	0.352	2.692e-28	No_PHROGs_HMM	No_PHROGs_HMM	No_PHROGs_HMM	No_custom_HMM	No_custom_HMM	No_custom_HMM	27200	ab initio prediction:Pyrodigal-gv:0.3.2	CDS	#c9c9c9	hypothetical protein	unknown function	None	None	None	None	None	None	None	None	None	None	None	None	None	None	None	None	None	None	None	11
SRR35809332_ctg866|provirus_3351243_3393491_CDS_0039	26965	28137	+	SRR35809332_ctg866|provirus_3351243_3393491	180.7	00	No_PHROG	No_PHROG	No_PHROG	No_PHROG	No_PHROGs_HMM	No_PHROGs_HMM	No_PHROGs_HMM	No_custom_HMM	No_custom_HMM	No_custom_HMM	No_PHROG	ab initio prediction:Pyrodigal-gv:0.3.2	CDS	None	hypothetical protein	unknown function	None	None	None	None	None	None	None	None	None	None	None	None	None	None	None	None	None	None	None	11
SRR35809332_ctg866|provirus_3351243_3393491_CDS_0040	28115	28474	+	SRR35809332_ctg866|provirus_3351243_3393491	59.0	00	No_PHROG	No_PHROG	No_PHROG	No_PHROG	No_PHROGs_HMM	No_PHROGs_HMM	No_PHROGs_HMM	No_custom_HMM	No_custom_HMM	No_custom_HMM	No_PHROG	ab initio prediction:Pyrodigal-gv:0.3.2	CDS	None	hypothetical protein	unknown function	None	None	None	None	None	None	None	None	None	None	None	None	None	None	None	None	None	None	None	11
SRR35809332_ctg866|provirus_3351243_3393491_CDS_0041	28471	29034	+	SRR35809332_ctg866|provirus_3351243_3393491	117.6	00	No_PHROG	No_PHROG	No_PHROG	No_PHROG	No_PHROGs_HMM	No_PHROGs_HMM	No_PHROGs_HMM	No_custom_HMM	No_custom_HMM	No_custom_HMM	No_PHROG	ab initio prediction:Pyrodigal-gv:0.3.2	CDS	None	hypothetical protein	unknown function	None	None	None	None	None	None	None	None	None	None	None	None	None	None	None	None	None	None	None	11
SRR35809332_ctg866|provirus_3351243_3393491_CDS_0042	29031	29432	+	SRR35809332_ctg866|provirus_3351243_3393491	65.9	00	347	47.0	0.272	1.121e-08	No_PHROGs_HMM	No_PHROGs_HMM	No_PHROGs_HMM	No_custom_HMM	No_custom_HMM	No_custom_HMM	347	ab initio prediction:Pyrodigal-gv:0.3.2	CDS	#35d7ff	tail terminator	connector	None	None	None	None	None	None	None	None	None	None	None	None	None	None	None	None	None	None	None	11
SRR35809332_ctg866|provirus_3351243_3393491_CDS_0043	29500	30711	+	SRR35809332_ctg866|provirus_3351243_3393491	306.0	00	290	82.0	0.283	1.481e-18	No_PHROGs_HMM	No_PHROGs_HMM	No_PHROGs_HMM	No_custom_HMM	No_custom_HMM	No_custom_HMM	290	ab initio prediction:Pyrodigal-gv:0.3.2	CDS	#07e9a2	minor tail protein	tail	None	None	None	None	None	None	None	None	None	None	None	None	None	None	None	None	None	None	None	11
SRR35809332_ctg866|provirus_3351243_3393491_CDS_0044	30813	31253	+	SRR35809332_ctg866|provirus_3351243_3393491	81.7	00	No_PHROG	No_PHROG	No_PHROG	No_PHROG	No_PHROGs_HMM	No_PHROGs_HMM	No_PHROGs_HMM	No_custom_HMM	No_custom_HMM	No_custom_HMM	No_PHROG	ab initio prediction:Pyrodigal-gv:0.3.2	CDS	None	hypothetical protein	unknown function	None	None	None	None	None	None	None	None	None	None	None	None	None	None	None	None	None	None	None	11
SRR35809332_ctg866|provirus_3351243_3393491_CDS_0045	31274	31606	+	SRR35809332_ctg866|provirus_3351243_3393491	46.7	00	4966	73.0	0.435	9.823e-18	No_PHROGs_HMM	No_PHROGs_HMM	No_PHROGs_HMM	No_custom_HMM	No_custom_HMM	No_custom_HMM	4966	ab initio prediction:Pyrodigal-gv:0.3.2	CDS	#c9c9c9	hypothetical protein	unknown function	None	None	None	None	None	None	None	None	None	None	None	None	None	None	None	None	None	None	None	11
SRR35809332_ctg866|provirus_3351243_3393491_CDS_0046	31603	35178	+	SRR35809332_ctg866|provirus_3351243_3393491	848.2	00	25966	93.0	0.156	2.3410000000000003e-20	No_PHROGs_HMM	No_PHROGs_HMM	No_PHROGs_HMM	No_custom_HMM	No_custom_HMM	No_custom_HMM	25966	ab initio prediction:Pyrodigal-gv:0.3.2	CDS	#07e9a2	tail length tape measure protein	tail	None	None	None	None	None	None	None	None	None	None	None	None	None	None	None	None	None	None	None	11
SRR35809332_ctg866|provirus_3351243_3393491_CDS_0047	35175	36110	+	SRR35809332_ctg866|provirus_3351243_3393491	216.4	00	6278	123.0	0.291	1.944e-32	No_PHROGs_HMM	No_PHROGs_HMM	No_PHROGs_HMM	No_custom_HMM	No_custom_HMM	No_custom_HMM	6278	ab initio prediction:Pyrodigal-gv:0.3.2	CDS	#c9c9c9	hypothetical protein	unknown function	None	None	None	None	None	None	None	None	None	None	None	None	None	None	None	None	None	None	None	11
SRR35809332_ctg866|provirus_3351243_3393491_CDS_0048	36110	36811	+	SRR35809332_ctg866|provirus_3351243_3393491	78.8	00	No_PHROG	No_PHROG	No_PHROG	No_PHROG	No_PHROGs_HMM	No_PHROGs_HMM	No_PHROGs_HMM	No_custom_HMM	No_custom_HMM	No_custom_HMM	No_PHROG	ab initio prediction:Pyrodigal-gv:0.3.2	CDS	None	hypothetical protein	unknown function	None	None	None	None	None	None	None	None	None	None	None	None	None	None	None	None	None	None	None	11
SRR35809332_ctg866|provirus_3351243_3393491_CDS_0049	36808	37335	+	SRR35809332_ctg866|provirus_3351243_3393491	86.4	00	No_PHROG	No_PHROG	No_PHROG	No_PHROG	No_PHROGs_HMM	No_PHROGs_HMM	No_PHROGs_HMM	No_custom_HMM	No_custom_HMM	No_custom_HMM	No_PHROG	ab initio prediction:Pyrodigal-gv:0.3.2	CDS	None	hypothetical protein	unknown function	None	None	None	None	None	None	None	None	None	None	None	None	None	None	None	None	None	None	None	11
SRR35809332_ctg866|provirus_3351243_3393491_CDS_0050	37337	37735	+	SRR35809332_ctg866|provirus_3351243_3393491	61.8	00	6034	71.0	0.375	2.795e-16	No_PHROGs_HMM	No_PHROGs_HMM	No_PHROGs_HMM	No_custom_HMM	No_custom_HMM	No_custom_HMM	6034	ab initio prediction:Pyrodigal-gv:0.3.2	CDS	#c9c9c9	hypothetical protein	unknown function	None	None	None	None	None	None	None	None	None	None	None	None	None	None	None	None	None	None	None	11
SRR35809332_ctg866|provirus_3351243_3393491_CDS_0051	37795	38895	+	SRR35809332_ctg866|provirus_3351243_3393491	214.4	00	No_PHROG	No_PHROG	No_PHROG	No_PHROG	No_PHROGs_HMM	No_PHROGs_HMM	No_PHROGs_HMM	No_custom_HMM	No_custom_HMM	No_custom_HMM	No_PHROG	ab initio prediction:Pyrodigal-gv:0.3.2	CDS	None	hypothetical protein	unknown function	None	None	None	None	None	None	None	None	None	None	None	None	None	None	None	None	None	None	None	11
SRR35809332_ctg866|provirus_3351243_3393491_CDS_0052	38925	39200	+	SRR35809332_ctg866|provirus_3351243_3393491	54.3	00	No_PHROG	No_PHROG	No_PHROG	No_PHROG	No_PHROGs_HMM	No_PHROGs_HMM	No_PHROGs_HMM	No_custom_HMM	No_custom_HMM	No_custom_HMM	No_PHROG	ab initio prediction:Pyrodigal-gv:0.3.2	CDS	None	hypothetical protein	unknown function	None	None	None	None	None	None	None	None	None	None	None	None	None	None	None	None	None	None	None	11
SRR35809332_ctg866|provirus_3351243_3393491_CDS_0053	39212	39694	+	SRR35809332_ctg866|provirus_3351243_3393491	102.7	00	315	154.0	0.509	9.105999999999999e-45	No_PHROGs_HMM	No_PHROGs_HMM	No_PHROGs_HMM	No_custom_HMM	No_custom_HMM	No_custom_HMM	315	ab initio prediction:Pyrodigal-gv:0.3.2	CDS	#f35f49	endolysin	lysis	None	None	None	None	None	None	None	None	None	None	None	None	None	None	None	None	None	None	None	11
SRR35809332_ctg866|provirus_3351243_3393491_CDS_0054	39696	40214	+	SRR35809332_ctg866|provirus_3351243_3393491	127.0	00	1544	51.0	0.23	2.78e-09	No_PHROGs_HMM	No_PHROGs_HMM	No_PHROGs_HMM	No_custom_HMM	No_custom_HMM	No_custom_HMM	1544	ab initio prediction:Pyrodigal-gv:0.3.2	CDS	#c9c9c9	hypothetical protein	unknown function	None	None	None	None	None	None	None	None	None	None	None	None	None	None	None	None	None	None	None	11
SRR35809332_ctg866|provirus_3351243_3393491_CDS_0055	40756	40418	-	SRR35809332_ctg866|provirus_3351243_3393491	47.1	00	338	42.0	0.422	3.897e-07	No_PHROGs_HMM	No_PHROGs_HMM	No_PHROGs_HMM	No_custom_HMM	No_custom_HMM	No_custom_HMM	338	ab initio prediction:Pyrodigal-gv:0.3.2	CDS	#ffdf59	HNH endonuclease	DNA, RNA and nucleotide metabolism	None	None	None	None	None	None	None	None	None	None	None	None	None	None	None	None	None	None	None	11
SRR35809332_ctg866|provirus_3351243_3393491_CDS_0056	42249	41182	-	SRR35809332_ctg866|provirus_3351243_3393491	192.6	01	22184	88.0	0.253	7.631e-21	No_PHROGs_HMM	No_PHROGs_HMM	No_PHROGs_HMM	No_custom_HMM	No_custom_HMM	No_custom_HMM	22184	ab initio prediction:Pyrodigal-gv:0.3.2	CDS	#c9c9c9	hypothetical protein	unknown function	None	None	None	None	None	None	None	None	None	None	None	None	None	None	None	None	None	None	None	11
SRR35809332_ctg1415|provirus_2264398_2309731_CDS_0001	1068	1	-	SRR35809332_ctg1415|provirus_2264398_2309731	173.4	00	1	85.0	0.217	4.472e-19	No_PHROGs_HMM	No_PHROGs_HMM	No_PHROGs_HMM	No_custom_HMM	No_custom_HMM	No_custom_HMM	1	ab initio prediction:Pyrodigal-gv:0.3.2	CDS	#fea328	integrase	integration and excision	None	None	None	None	None	None	None	None	None	None	None	None	None	None	None	None	None	None	None	11
SRR35809332_ctg1415|provirus_2264398_2309731_CDS_0002	1339	1070	-	SRR35809332_ctg1415|provirus_2264398_2309731	20.5	00	No_PHROG	No_PHROG	No_PHROG	No_PHROG	No_PHROGs_HMM	No_PHROGs_HMM	No_PHROGs_HMM	No_custom_HMM	No_custom_HMM	No_custom_HMM	No_PHROG	ab initio prediction:Pyrodigal-gv:0.3.2	CDS	None	hypothetical protein	unknown function	None	None	None	None	None	None	None	None	None	None	None	None	None	None	None	None	None	None	None	11
SRR35809332_ctg1415|provirus_2264398_2309731_CDS_0003	1785	1339	-	SRR35809332_ctg1415|provirus_2264398_2309731	90.5	00	17260	51.0	0.26	1.343e-09	No_PHROGs_HMM	No_PHROGs_HMM	No_PHROGs_HMM	No_custom_HMM	No_custom_HMM	No_custom_HMM	17260	ab initio prediction:Pyrodigal-gv:0.3.2	CDS	#c9c9c9	hypothetical protein	unknown function	None	None	None	None	None	None	None	None	None	None	None	None	None	None	None	None	None	None	None	11
SRR35809332_ctg1415|provirus_2264398_2309731_CDS_0004	1965	1795	-	SRR35809332_ctg1415|provirus_2264398_2309731	-1.9	00	No_PHROG	No_PHROG	No_PHROG	No_PHROG	No_PHROGs_HMM	No_PHROGs_HMM	No_PHROGs_HMM	No_custom_HMM	No_custom_HMM	No_custom_HMM	No_PHROG	ab initio prediction:Pyrodigal-gv:0.3.2	CDS	None	hypothetical protein	unknown function	None	None	None	None	None	None	None	None	None	None	None	None	None	None	None	None	None	None	None	11
SRR35809332_ctg1415|provirus_2264398_2309731_CDS_0005	2633	1962	-	SRR35809332_ctg1415|provirus_2264398_2309731	79.8	00	874	216.0	0.511	2.479e-64	No_PHROGs_HMM	No_PHROGs_HMM	No_PHROGs_HMM	No_custom_HMM	No_custom_HMM	No_custom_HMM	874	ab initio prediction:Pyrodigal-gv:0.3.2	CDS	#c9c9c9	hypothetical protein	unknown function	None	None	None	None	None	None	None	None	None	None	None	None	None	None	None	None	None	None	None	11
SRR35809332_ctg1415|provirus_2264398_2309731_CDS_0006	3067	2630	-	SRR35809332_ctg1415|provirus_2264398_2309731	62.9	00	No_PHROG	No_PHROG	No_PHROG	No_PHROG	No_PHROGs_HMM	No_PHROGs_HMM	No_PHROGs_HMM	No_custom_HMM	No_custom_HMM	No_custom_HMM	No_PHROG	ab initio prediction:Pyrodigal-gv:0.3.2	CDS	None	hypothetical protein	unknown function	None	None	None	None	None	None	None	None	None	None	None	None	None	None	None	None	None	None	None	11
SRR35809332_ctg1415|provirus_2264398_2309731_CDS_0007	4917	3067	-	SRR35809332_ctg1415|provirus_2264398_2309731	262.3	00	32684	358.0	0.745	8.326e-114	No_PHROGs_HMM	No_PHROGs_HMM	No_PHROGs_HMM	No_custom_HMM	No_custom_HMM	No_custom_HMM	32684	ab initio prediction:Pyrodigal-gv:0.3.2	CDS	#c9c9c9	hypothetical protein	unknown function	None	None	None	None	None	None	None	None	None	None	None	None	None	None	None	None	None	None	None	11
SRR35809332_ctg1415|provirus_2264398_2309731_CDS_0008	5848	5192	-	SRR35809332_ctg1415|provirus_2264398_2309731	23.2	00	38675	39.0	0.383	7.918e-06	No_PHROGs_HMM	No_PHROGs_HMM	No_PHROGs_HMM	No_custom_HMM	No_custom_HMM	No_custom_HMM	38675	ab initio prediction:Pyrodigal-gv:0.3.2	CDS	#c9c9c9	hypothetical protein	unknown function	None	None	None	None	None	None	None	None	None	None	None	None	None	None	None	None	None	None	None	11
SRR35809332_ctg1415|provirus_2264398_2309731_CDS_0009	7677	5848	-	SRR35809332_ctg1415|provirus_2264398_2309731	324.3	00	1499	53.0	0.269	4.69e-09	No_PHROGs_HMM	No_PHROGs_HMM	No_PHROGs_HMM	No_custom_HMM	No_custom_HMM	No_custom_HMM	1499	ab initio prediction:Pyrodigal-gv:0.3.2	CDS	#c9c9c9	hypothetical protein	unknown function	None	None	None	None	None	None	None	None	None	None	None	None	None	None	None	None	None	None	None	11
SRR35809332_ctg1415|provirus_2264398_2309731_CDS_0010	8368	7682	-	SRR35809332_ctg1415|provirus_2264398_2309731	120.3	00	6576	168.0	0.507	5.114e-48	No_PHROGs_HMM	No_PHROGs_HMM	No_PHROGs_HMM	No_custom_HMM	No_custom_HMM	No_custom_HMM	6576	ab initio prediction:Pyrodigal-gv:0.3.2	CDS	#c9c9c9	hypothetical protein	unknown function	None	None	None	None	None	None	None	None	None	None	None	None	None	None	None	None	None	None	None	11
SRR35809332_ctg1415|provirus_2264398_2309731_CDS_0011	9633	8605	-	SRR35809332_ctg1415|provirus_2264398_2309731	103.1	00	561	139.0	0.368	1.722e-37	No_PHROGs_HMM	No_PHROGs_HMM	No_PHROGs_HMM	No_custom_HMM	No_custom_HMM	No_custom_HMM	561	ab initio prediction:Pyrodigal-gv:0.3.2	CDS	#ffdf59	RecT-like ssDNA annealing protein	DNA, RNA and nucleotide metabolism	None	None	None	None	None	None	None	None	None	None	None	None	None	None	None	None	None	None	None	11
SRR35809332_ctg1415|provirus_2264398_2309731_CDS_0012	10466	9645	-	SRR35809332_ctg1415|provirus_2264398_2309731	145.7	00	69	52.0	0.19	7.724e-09	No_PHROGs_HMM	No_PHROGs_HMM	No_PHROGs_HMM	No_custom_HMM	No_custom_HMM	No_custom_HMM	69	ab initio prediction:Pyrodigal-gv:0.3.2	CDS	#ffdf59	exonuclease	DNA, RNA and nucleotide metabolism	None	None	None	None	None	None	None	None	None	None	None	None	None	None	None	None	None	None	None	11
SRR35809332_ctg1415|provirus_2264398_2309731_CDS_0013	10717	10463	-	SRR35809332_ctg1415|provirus_2264398_2309731	31.7	00	No_PHROG	No_PHROG	No_PHROG	No_PHROG	No_PHROGs_HMM	No_PHROGs_HMM	No_PHROGs_HMM	No_custom_HMM	No_custom_HMM	No_custom_HMM	No_PHROG	ab initio prediction:Pyrodigal-gv:0.3.2	CDS	None	hypothetical protein	unknown function	None	None	None	None	None	None	None	None	None	None	None	None	None	None	None	None	None	None	None	11
SRR35809332_ctg1415|provirus_2264398_2309731_CDS_0014	10823	10710	-	SRR35809332_ctg1415|provirus_2264398_2309731	16.2	00	No_PHROG	No_PHROG	No_PHROG	No_PHROG	No_PHROGs_HMM	No_PHROGs_HMM	No_PHROGs_HMM	No_custom_HMM	No_custom_HMM	No_custom_HMM	No_PHROG	ab initio prediction:Pyrodigal-gv:0.3.2	CDS	None	hypothetical protein	unknown function	None	None	None	None	None	None	None	None	None	None	None	None	None	None	None	None	None	None	None	11
SRR35809332_ctg1415|provirus_2264398_2309731_CDS_0015	11125	10820	-	SRR35809332_ctg1415|provirus_2264398_2309731	8.2	00	No_PHROG	No_PHROG	No_PHROG	No_PHROG	No_PHROGs_HMM	No_PHROGs_HMM	No_PHROGs_HMM	No_custom_HMM	No_custom_HMM	No_custom_HMM	No_PHROG	ab initio prediction:Pyrodigal-gv:0.3.2	CDS	None	hypothetical protein	unknown function	None	None	None	None	None	None	None	None	None	None	None	None	None	None	None	None	None	None	None	11
SRR35809332_ctg1415|provirus_2264398_2309731_CDS_0016	11241	11125	-	SRR35809332_ctg1415|provirus_2264398_2309731	9.3	00	No_PHROG	No_PHROG	No_PHROG	No_PHROG	No_PHROGs_HMM	No_PHROGs_HMM	No_PHROGs_HMM	No_custom_HMM	No_custom_HMM	No_custom_HMM	No_PHROG	ab initio prediction:Pyrodigal-gv:0.3.2	CDS	None	hypothetical protein	unknown function	None	None	None	None	None	None	None	None	None	None	None	None	None	None	None	None	None	None	None	11
SRR35809332_ctg1415|provirus_2264398_2309731_CDS_0017	11627	11238	-	SRR35809332_ctg1415|provirus_2264398_2309731	54.1	00	No_PHROG	No_PHROG	No_PHROG	No_PHROG	No_PHROGs_HMM	No_PHROGs_HMM	No_PHROGs_HMM	No_custom_HMM	No_custom_HMM	No_custom_HMM	No_PHROG	ab initio prediction:Pyrodigal-gv:0.3.2	CDS	None	hypothetical protein	unknown function	None	None	None	None	None	None	None	None	None	None	None	None	None	None	None	None	None	None	None	11
SRR35809332_ctg1415|provirus_2264398_2309731_CDS_0018	11959	11624	-	SRR35809332_ctg1415|provirus_2264398_2309731	71.6	00	No_PHROG	No_PHROG	No_PHROG	No_PHROG	No_PHROGs_HMM	No_PHROGs_HMM	No_PHROGs_HMM	No_custom_HMM	No_custom_HMM	No_custom_HMM	No_PHROG	ab initio prediction:Pyrodigal-gv:0.3.2	CDS	None	hypothetical protein	unknown function	None	None	None	None	None	None	None	None	None	None	None	None	None	None	None	None	None	None	None	11
SRR35809332_ctg1415|provirus_2264398_2309731_CDS_0019	12256	12519	+	SRR35809332_ctg1415|provirus_2264398_2309731	15.2	00	No_PHROG	No_PHROG	No_PHROG	No_PHROG	No_PHROGs_HMM	No_PHROGs_HMM	No_PHROGs_HMM	No_custom_HMM	No_custom_HMM	No_custom_HMM	No_PHROG	ab initio prediction:Pyrodigal-gv:0.3.2	CDS	None	hypothetical protein	unknown function	None	None	None	None	None	None	None	None	None	None	None	None	None	None	None	None	None	None	None	11
SRR35809332_ctg1415|provirus_2264398_2309731_CDS_0020	12811	12584	-	SRR35809332_ctg1415|provirus_2264398_2309731	28.6	00	No_PHROG	No_PHROG	No_PHROG	No_PHROG	No_PHROGs_HMM	No_PHROGs_HMM	No_PHROGs_HMM	No_custom_HMM	No_custom_HMM	No_custom_HMM	No_PHROG	ab initio prediction:Pyrodigal-gv:0.3.2	CDS	None	hypothetical protein	unknown function	None	None	None	None	None	None	None	None	None	None	None	None	None	None	None	None	None	None	None	11
SRR35809332_ctg1415|provirus_2264398_2309731_CDS_0021	13224	12808	-	SRR35809332_ctg1415|provirus_2264398_2309731	24.6	00	8809	126.0	0.517	1.731e-35	No_PHROGs_HMM	No_PHROGs_HMM	No_PHROGs_HMM	No_custom_HMM	No_custom_HMM	No_custom_HMM	8809	ab initio prediction:Pyrodigal-gv:0.3.2	CDS	#c9c9c9	hypothetical protein	unknown function	None	None	None	None	None	None	None	None	None	None	None	None	None	None	None	None	None	None	None	11
SRR35809332_ctg1415|provirus_2264398_2309731_CDS_0022	13433	13227	-	SRR35809332_ctg1415|provirus_2264398_2309731	17.8	00	No_PHROG	No_PHROG	No_PHROG	No_PHROG	No_PHROGs_HMM	No_PHROGs_HMM	No_PHROGs_HMM	No_custom_HMM	No_custom_HMM	No_custom_HMM	No_PHROG	ab initio prediction:Pyrodigal-gv:0.3.2	CDS	None	hypothetical protein	unknown function	None	None	None	None	None	None	None	None	None	None	None	None	None	None	None	None	None	None	None	11
SRR35809332_ctg1415|provirus_2264398_2309731_CDS_0023	14113	13478	-	SRR35809332_ctg1415|provirus_2264398_2309731	26.4	00	4	94.0	0.295	1.1669999999999999e-23	No_PHROGs_HMM	No_PHROGs_HMM	No_PHROGs_HMM	No_custom_HMM	No_custom_HMM	No_custom_HMM	4	ab initio prediction:Pyrodigal-gv:0.3.2	CDS	#a861e3	transcriptional repressor	transcription regulation	None	None	None	None	None	None	None	None	None	None	None	None	None	None	None	None	None	None	None	11
SRR35809332_ctg1415|provirus_2264398_2309731_CDS_0024	14233	14466	+	SRR35809332_ctg1415|provirus_2264398_2309731	26.1	00	No_PHROG	No_PHROG	No_PHROG	No_PHROG	No_PHROGs_HMM	No_PHROGs_HMM	No_PHROGs_HMM	No_custom_HMM	No_custom_HMM	No_custom_HMM	No_PHROG	ab initio prediction:Pyrodigal-gv:0.3.2	CDS	None	hypothetical protein	unknown function	None	None	None	None	None	None	None	None	None	None	None	None	None	None	None	None	None	None	None	11
SRR35809332_ctg1415|provirus_2264398_2309731_CDS_0025	14675	15031	+	SRR35809332_ctg1415|provirus_2264398_2309731	17.4	00	No_PHROG	No_PHROG	No_PHROG	No_PHROG	No_PHROGs_HMM	No_PHROGs_HMM	No_PHROGs_HMM	No_custom_HMM	No_custom_HMM	No_custom_HMM	No_PHROG	ab initio prediction:Pyrodigal-gv:0.3.2	CDS	None	hypothetical protein	unknown function	None	None	None	None	None	None	None	None	None	None	None	None	None	None	None	None	None	None	None	11
SRR35809332_ctg1415|provirus_2264398_2309731_CDS_0026	15028	15156	+	SRR35809332_ctg1415|provirus_2264398_2309731	14.1	00	No_PHROG	No_PHROG	No_PHROG	No_PHROG	No_PHROGs_HMM	No_PHROGs_HMM	No_PHROGs_HMM	No_custom_HMM	No_custom_HMM	No_custom_HMM	No_PHROG	ab initio prediction:Pyrodigal-gv:0.3.2	CDS	None	hypothetical protein	unknown function	None	None	None	None	None	None	None	None	None	None	None	None	None	None	None	None	None	None	None	11
SRR35809332_ctg1415|provirus_2264398_2309731_CDS_0027	15153	17696	+	SRR35809332_ctg1415|provirus_2264398_2309731	462.7	00	67	89.0	0.214	4.002e-21	No_PHROGs_HMM	No_PHROGs_HMM	No_PHROGs_HMM	No_custom_HMM	No_custom_HMM	No_custom_HMM	67	ab initio prediction:Pyrodigal-gv:0.3.2	CDS	#838383	DNA methyltransferase	other	None	None	None	None	None	None	None	None	None	None	None	None	None	None	None	None	None	None	None	11
SRR35809332_ctg1415|provirus_2264398_2309731_CDS_0028	17693	17809	+	SRR35809332_ctg1415|provirus_2264398_2309731	3.9	00	No_PHROG	No_PHROG	No_PHROG	No_PHROG	No_PHROGs_HMM	No_PHROGs_HMM	No_PHROGs_HMM	No_custom_HMM	No_custom_HMM	No_custom_HMM	No_PHROG	ab initio prediction:Pyrodigal-gv:0.3.2	CDS	None	hypothetical protein	unknown function	None	None	None	None	None	None	None	None	None	None	None	None	None	None	None	None	None	None	None	11
SRR35809332_ctg1415|provirus_2264398_2309731_CDS_0029	17809	18645	+	SRR35809332_ctg1415|provirus_2264398_2309731	61.7	00	2509	122.0	0.454	2.938e-32	No_PHROGs_HMM	No_PHROGs_HMM	No_PHROGs_HMM	No_custom_HMM	No_custom_HMM	No_custom_HMM	2509	ab initio prediction:Pyrodigal-gv:0.3.2	CDS	#ffdf59	replication initiation protein	DNA, RNA and nucleotide metabolism	None	None	None	None	None	None	None	None	None	None	None	None	None	None	None	None	None	None	None	11
SRR35809332_ctg1415|provirus_2264398_2309731_CDS_0030	18635	20026	+	SRR35809332_ctg1415|provirus_2264398_2309731	230.7	00	19	320.0	0.425	1.468e-97	No_PHROGs_HMM	No_PHROGs_HMM	No_PHROGs_HMM	No_custom_HMM	No_custom_HMM	No_custom_HMM	19	ab initio prediction:Pyrodigal-gv:0.3.2	CDS	#ffdf59	DnaB-like replicative helicase	DNA, RNA and nucleotide metabolism	None	None	None	None	None	None	None	None	None	None	None	None	None	None	None	None	None	None	None	11
SRR35809332_ctg1415|provirus_2264398_2309731_CDS_0031	20248	20676	+	SRR35809332_ctg1415|provirus_2264398_2309731	46.8	00	140	130.0	0.491	6.4889999999999995e-37	No_PHROGs_HMM	No_PHROGs_HMM	No_PHROGs_HMM	No_custom_HMM	No_custom_HMM	No_custom_HMM	140	ab initio prediction:Pyrodigal-gv:0.3.2	CDS	#ffdf59	RusA-like Holliday junction resolvase	DNA, RNA and nucleotide metabolism	None	None	None	None	None	None	None	None	None	None	None	None	None	None	None	None	None	None	None	11
SRR35809332_ctg1415|provirus_2264398_2309731_CDS_0032	20676	21251	+	SRR35809332_ctg1415|provirus_2264398_2309731	62.5	00	No_PHROG	No_PHROG	No_PHROG	No_PHROG	No_PHROGs_HMM	No_PHROGs_HMM	No_PHROGs_HMM	No_custom_HMM	No_custom_HMM	No_custom_HMM	No_PHROG	ab initio prediction:Pyrodigal-gv:0.3.2	CDS	None	hypothetical protein	unknown function	None	None	None	None	None	None	None	None	None	None	None	None	None	None	None	None	None	None	None	11
SRR35809332_ctg1415|provirus_2264398_2309731_CDS_0033	21455	22009	+	SRR35809332_ctg1415|provirus_2264398_2309731	102.1	00	51	71.0	0.502	1.783e-16	No_PHROGs_HMM	No_PHROGs_HMM	No_PHROGs_HMM	No_custom_HMM	No_custom_HMM	No_custom_HMM	51	ab initio prediction:Pyrodigal-gv:0.3.2	CDS	#3e83f6	terminase small subunit	head and packaging	None	None	None	None	None	None	None	None	None	None	None	None	None	None	None	None	None	None	None	11
SRR35809332_ctg1415|provirus_2264398_2309731_CDS_0034	22012	23472	+	SRR35809332_ctg1415|provirus_2264398_2309731	266.6	00	38	376.0	0.443	9.281000000000001e-116	No_PHROGs_HMM	No_PHROGs_HMM	No_PHROGs_HMM	No_custom_HMM	No_custom_HMM	No_custom_HMM	38	ab initio prediction:Pyrodigal-gv:0.3.2	CDS	#3e83f6	terminase large subunit	head and packaging	None	None	None	None	None	None	None	None	None	None	None	None	None	None	None	None	None	None	None	11
SRR35809332_ctg1415|provirus_2264398_2309731_CDS_0035	23478	24986	+	SRR35809332_ctg1415|provirus_2264398_2309731	252.2	00	12751	349.0	0.551	1.081e-108	No_PHROGs_HMM	No_PHROGs_HMM	No_PHROGs_HMM	No_custom_HMM	No_custom_HMM	No_custom_HMM	12751	ab initio prediction:Pyrodigal-gv:0.3.2	CDS	#c9c9c9	hypothetical protein	unknown function	None	None	None	None	None	None	None	None	None	None	None	None	None	None	None	None	None	None	None	11
SRR35809332_ctg1415|provirus_2264398_2309731_CDS_0036	25012	25665	+	SRR35809332_ctg1415|provirus_2264398_2309731	79.8	00	324	146.0	0.417	2.147e-40	No_PHROGs_HMM	No_PHROGs_HMM	No_PHROGs_HMM	No_custom_HMM	No_custom_HMM	No_custom_HMM	324	ab initio prediction:Pyrodigal-gv:0.3.2	CDS	#3e83f6	head morphogenesis	head and packaging	None	None	None	None	None	None	None	None	None	None	None	None	None	None	None	None	None	None	None	11
SRR35809332_ctg1415|provirus_2264398_2309731_CDS_0037	25676	28129	+	SRR35809332_ctg1415|provirus_2264398_2309731	179.9	00	20877	53.0	0.355	2.023e-08	No_PHROGs_HMM	No_PHROGs_HMM	No_PHROGs_HMM	No_custom_HMM	No_custom_HMM	No_custom_HMM	20877	ab initio prediction:Pyrodigal-gv:0.3.2	CDS	#c9c9c9	hypothetical protein	unknown function	None	None	None	None	None	None	None	None	None	None	None	None	None	None	None	None	None	None	None	11
SRR35809332_ctg1415|provirus_2264398_2309731_CDS_0038	28176	29483	+	SRR35809332_ctg1415|provirus_2264398_2309731	231.1	00	1961	341.0	0.447	1.16e-104	No_PHROGs_HMM	No_PHROGs_HMM	No_PHROGs_HMM	No_custom_HMM	No_custom_HMM	No_custom_HMM	1961	ab initio prediction:Pyrodigal-gv:0.3.2	CDS	#c9c9c9	hypothetical protein	unknown function	None	None	None	None	None	None	None	None	None	None	None	None	None	None	None	None	None	None	None	11
SRR35809332_ctg1415|provirus_2264398_2309731_CDS_0039	29500	29991	+	SRR35809332_ctg1415|provirus_2264398_2309731	104.3	00	563	83.0	0.321	1.7780000000000003e-20	No_PHROGs_HMM	No_PHROGs_HMM	No_PHROGs_HMM	No_custom_HMM	No_custom_HMM	No_custom_HMM	563	ab initio prediction:Pyrodigal-gv:0.3.2	CDS	#3e83f6	virion structural protein	head and packaging	None	None	None	None	None	None	None	None	None	None	None	None	None	None	None	None	None	None	None	11
SRR35809332_ctg1415|provirus_2264398_2309731_CDS_0040	30006	31067	+	SRR35809332_ctg1415|provirus_2264398_2309731	219.4	00	264	152.0	0.307	1.429e-41	No_PHROGs_HMM	No_PHROGs_HMM	No_PHROGs_HMM	No_custom_HMM	No_custom_HMM	No_custom_HMM	264	ab initio prediction:Pyrodigal-gv:0.3.2	CDS	#3e83f6	major head protein	head and packaging	None	None	None	None	None	None	None	None	None	None	None	None	None	None	None	None	None	None	None	11
SRR35809332_ctg1415|provirus_2264398_2309731_CDS_0041	31078	31401	+	SRR35809332_ctg1415|provirus_2264398_2309731	52.9	00	No_PHROG	No_PHROG	No_PHROG	No_PHROG	No_PHROGs_HMM	No_PHROGs_HMM	No_PHROGs_HMM	No_custom_HMM	No_custom_HMM	No_custom_HMM	No_PHROG	ab initio prediction:Pyrodigal-gv:0.3.2	CDS	None	hypothetical protein	unknown function	None	None	None	None	None	None	None	None	None	None	None	None	None	None	None	None	None	None	None	11
SRR35809332_ctg1415|provirus_2264398_2309731_CDS_0042	31401	31784	+	SRR35809332_ctg1415|provirus_2264398_2309731	59.7	00	302	66.0	0.33	3.204e-15	No_PHROGs_HMM	No_PHROGs_HMM	No_PHROGs_HMM	No_custom_HMM	No_custom_HMM	No_custom_HMM	302	ab initio prediction:Pyrodigal-gv:0.3.2	CDS	#3e83f6	virion structural protein	head and packaging	None	None	None	None	None	None	None	None	None	None	None	None	None	None	None	None	None	None	None	11
SRR35809332_ctg1415|provirus_2264398_2309731_CDS_0043	31814	32326	+	SRR35809332_ctg1415|provirus_2264398_2309731	56.1	00	222	102.0	0.359	8.488e-27	No_PHROGs_HMM	No_PHROGs_HMM	No_PHROGs_HMM	No_custom_HMM	No_custom_HMM	No_custom_HMM	222	ab initio prediction:Pyrodigal-gv:0.3.2	CDS	#35d7ff	tail completion or Neck1 protein	connector	None	None	None	None	None	None	None	None	None	None	None	None	None	None	None	None	None	None	None	11
SRR35809332_ctg1415|provirus_2264398_2309731_CDS_0044	32323	32697	+	SRR35809332_ctg1415|provirus_2264398_2309731	62.5	00	939	76.0	0.367	1.008e-18	No_PHROGs_HMM	No_PHROGs_HMM	No_PHROGs_HMM	No_custom_HMM	No_custom_HMM	No_custom_HMM	939	ab initio prediction:Pyrodigal-gv:0.3.2	CDS	#3e83f6	head protein	head and packaging	None	None	None	None	None	None	None	None	None	None	None	None	None	None	None	None	None	None	None	11
SRR35809332_ctg1415|provirus_2264398_2309731_CDS_0045	32702	33256	+	SRR35809332_ctg1415|provirus_2264398_2309731	75.3	00	1973	182.0	0.524	4.313e-54	No_PHROGs_HMM	No_PHROGs_HMM	No_PHROGs_HMM	No_custom_HMM	No_custom_HMM	No_custom_HMM	1973	ab initio prediction:Pyrodigal-gv:0.3.2	CDS	#c9c9c9	hypothetical protein	unknown function	None	None	None	None	None	None	None	None	None	None	None	None	None	None	None	None	None	None	None	11
SRR35809332_ctg1415|provirus_2264398_2309731_CDS_0046	33267	34754	+	SRR35809332_ctg1415|provirus_2264398_2309731	320.5	00	205	241.0	0.316	7.227e-70	No_PHROGs_HMM	No_PHROGs_HMM	No_PHROGs_HMM	No_custom_HMM	No_custom_HMM	No_custom_HMM	205	ab initio prediction:Pyrodigal-gv:0.3.2	CDS	#07e9a2	tail sheath	tail	None	None	None	None	None	None	None	None	None	None	None	None	None	None	None	None	None	None	None	11
SRR35809332_ctg1415|provirus_2264398_2309731_CDS_0047	34765	35205	+	SRR35809332_ctg1415|provirus_2264398_2309731	115.3	00	280	98.0	0.395	6.577000000000001e-26	No_PHROGs_HMM	No_PHROGs_HMM	No_PHROGs_HMM	No_custom_HMM	No_custom_HMM	No_custom_HMM	280	ab initio prediction:Pyrodigal-gv:0.3.2	CDS	#3e83f6	virion structural protein	head and packaging	None	None	None	None	None	None	None	None	None	None	None	None	None	None	None	None	None	None	None	11
SRR35809332_ctg1415|provirus_2264398_2309731_CDS_0048	35213	35656	+	SRR35809332_ctg1415|provirus_2264398_2309731	83.9	00	1688	85.0	0.37	8.66e-21	No_PHROGs_HMM	No_PHROGs_HMM	No_PHROGs_HMM	No_custom_HMM	No_custom_HMM	No_custom_HMM	1688	ab initio prediction:Pyrodigal-gv:0.3.2	CDS	#07e9a2	tail assembly chaperone	tail	None	None	None	None	None	None	None	None	None	None	None	None	None	None	None	None	None	None	None	11
SRR35809332_ctg1415|provirus_2264398_2309731_CDS_0049	35680	35835	+	SRR35809332_ctg1415|provirus_2264398_2309731	4.0	00	4364	41.0	0.554	1.092e-07	No_PHROGs_HMM	No_PHROGs_HMM	No_PHROGs_HMM	No_custom_HMM	No_custom_HMM	No_custom_HMM	4364	ab initio prediction:Pyrodigal-gv:0.3.2	CDS	#c9c9c9	hypothetical protein	unknown function	None	None	None	None	None	None	None	None	None	None	None	None	None	None	None	None	None	None	None	11
SRR35809332_ctg1415|provirus_2264398_2309731_CDS_0050	35828	37315	+	SRR35809332_ctg1415|provirus_2264398_2309731	280.2	00	30077	178.0	0.4	1.478e-47	No_PHROGs_HMM	No_PHROGs_HMM	No_PHROGs_HMM	No_custom_HMM	No_custom_HMM	No_custom_HMM	30077	ab initio prediction:Pyrodigal-gv:0.3.2	CDS	#c9c9c9	hypothetical protein	unknown function	None	None	None	None	None	None	None	None	None	None	None	None	None	None	None	None	None	None	None	11
SRR35809332_ctg1415|provirus_2264398_2309731_CDS_0051	37315	38247	+	SRR35809332_ctg1415|provirus_2264398_2309731	183.3	00	817	115.0	0.425	2.1880000000000003e-31	No_PHROGs_HMM	No_PHROGs_HMM	No_PHROGs_HMM	No_custom_HMM	No_custom_HMM	No_custom_HMM	817	ab initio prediction:Pyrodigal-gv:0.3.2	CDS	#07e9a2	tail fiber protein	tail	None	None	None	None	None	None	None	None	None	None	None	None	None	None	None	None	None	None	None	11
SRR35809332_ctg1415|provirus_2264398_2309731_CDS_0052	38244	39224	+	SRR35809332_ctg1415|provirus_2264398_2309731	187.1	00	20677	127.0	0.307	2.2330000000000002e-31	No_PHROGs_HMM	No_PHROGs_HMM	No_PHROGs_HMM	No_custom_HMM	No_custom_HMM	No_custom_HMM	20677	ab initio prediction:Pyrodigal-gv:0.3.2	CDS	#c9c9c9	hypothetical protein	unknown function	None	None	None	None	None	None	None	None	None	None	None	None	None	None	None	None	None	None	None	11
SRR35809332_ctg1415|provirus_2264398_2309731_CDS_0053	39224	39892	+	SRR35809332_ctg1415|provirus_2264398_2309731	132.7	00	11	92.0	0.351	2.741e-22	No_PHROGs_HMM	No_PHROGs_HMM	No_PHROGs_HMM	No_custom_HMM	No_custom_HMM	No_custom_HMM	11	ab initio prediction:Pyrodigal-gv:0.3.2	CDS	#07e9a2	baseplate spike	tail	None	None	None	None	None	None	None	None	None	None	None	None	None	None	None	None	None	None	None	11
SRR35809332_ctg1415|provirus_2264398_2309731_CDS_0054	39895	40248	+	SRR35809332_ctg1415|provirus_2264398_2309731	61.9	00	120	73.0	0.36	1.074e-17	No_PHROGs_HMM	No_PHROGs_HMM	No_PHROGs_HMM	No_custom_HMM	No_custom_HMM	No_custom_HMM	120	ab initio prediction:Pyrodigal-gv:0.3.2	CDS	#07e9a2	baseplate wedge subunit	tail	None	None	None	None	None	None	None	None	None	None	None	None	None	None	None	None	None	None	None	11
SRR35809332_ctg1415|provirus_2264398_2309731_CDS_0055	40250	41428	+	SRR35809332_ctg1415|provirus_2264398_2309731	230.1	00	6	136.0	0.232	5.908e-35	No_PHROGs_HMM	No_PHROGs_HMM	No_PHROGs_HMM	No_custom_HMM	No_custom_HMM	No_custom_HMM	6	ab initio prediction:Pyrodigal-gv:0.3.2	CDS	#07e9a2	baseplate wedge subunit	tail	None	None	None	None	None	None	None	None	None	None	None	None	None	None	None	None	None	None	None	11
SRR35809332_ctg1415|provirus_2264398_2309731_CDS_0056	41431	42120	+	SRR35809332_ctg1415|provirus_2264398_2309731	98.8	00	587	141.0	0.419	4.5099999999999995e-39	No_PHROGs_HMM	No_PHROGs_HMM	No_PHROGs_HMM	No_custom_HMM	No_custom_HMM	No_custom_HMM	587	ab initio prediction:Pyrodigal-gv:0.3.2	CDS	#3e83f6	structural protein	head and packaging	None	None	None	None	None	None	None	None	None	None	None	None	None	None	None	None	None	None	None	11
SRR35809332_ctg1415|provirus_2264398_2309731_CDS_0057	42121	42840	+	SRR35809332_ctg1415|provirus_2264398_2309731	63.1	00	2282	61.0	0.327	2.107e-11	No_PHROGs_HMM	No_PHROGs_HMM	No_PHROGs_HMM	No_custom_HMM	No_custom_HMM	No_custom_HMM	2282	ab initio prediction:Pyrodigal-gv:0.3.2	CDS	#07e9a2	tail fiber protein	tail	None	None	None	None	None	None	None	None	None	None	None	None	None	None	None	None	None	None	None	11
SRR35809332_ctg1415|provirus_2264398_2309731_CDS_0058	42842	43372	+	SRR35809332_ctg1415|provirus_2264398_2309731	90.3	00	2837	74.0	0.274	4.126e-17	No_PHROGs_HMM	No_PHROGs_HMM	No_PHROGs_HMM	No_custom_HMM	No_custom_HMM	No_custom_HMM	2837	ab initio prediction:Pyrodigal-gv:0.3.2	CDS	#07e9a2	tail protein	tail	None	None	None	None	None	None	None	None	None	None	None	None	None	None	None	None	None	None	None	11
SRR35809332_ctg1415|provirus_2264398_2309731_CDS_0059	43435	43800	+	SRR35809332_ctg1415|provirus_2264398_2309731	57.7	00	No_PHROG	No_PHROG	No_PHROG	No_PHROG	No_PHROGs_HMM	No_PHROGs_HMM	No_PHROGs_HMM	No_custom_HMM	No_custom_HMM	No_custom_HMM	No_PHROG	ab initio prediction:Pyrodigal-gv:0.3.2	CDS	None	hypothetical protein	unknown function	None	None	None	None	None	None	None	None	None	None	None	None	None	None	None	None	None	None	None	11
SRR35809332_ctg1415|provirus_2264398_2309731_CDS_0060	43800	44048	+	SRR35809332_ctg1415|provirus_2264398_2309731	34.4	00	No_PHROG	No_PHROG	No_PHROG	No_PHROG	No_PHROGs_HMM	No_PHROGs_HMM	No_PHROGs_HMM	No_custom_HMM	No_custom_HMM	No_custom_HMM	No_PHROG	ab initio prediction:Pyrodigal-gv:0.3.2	CDS	None	hypothetical protein	unknown function	None	None	None	None	None	None	None	None	None	None	None	None	None	None	None	None	None	None	None	11
SRR35809332_ctg1415|provirus_2264398_2309731_CDS_0061	44045	44692	+	SRR35809332_ctg1415|provirus_2264398_2309731	95.9	00	181	162.0	0.455	7.436999999999999e-47	No_PHROGs_HMM	No_PHROGs_HMM	No_PHROGs_HMM	No_custom_HMM	No_custom_HMM	No_custom_HMM	181	ab initio prediction:Pyrodigal-gv:0.3.2	CDS	#f35f49	endolysin	lysis	None	None	None	None	None	None	None	None	None	None	None	None	None	None	None	None	None	None	None	11
SRR35809332_ctg1415|provirus_2264398_2309731_CDS_0062	44921	45133	+	SRR35809332_ctg1415|provirus_2264398_2309731	20.6	00	No_PHROG	No_PHROG	No_PHROG	No_PHROG	No_PHROGs_HMM	No_PHROGs_HMM	No_PHROGs_HMM	No_custom_HMM	No_custom_HMM	No_custom_HMM	No_PHROG	ab initio prediction:Pyrodigal-gv:0.3.2	CDS	None	hypothetical protein	unknown function	None	None	None	None	None	None	None	None	None	None	None	None	None	None	None	None	None	None	None	11
SRR35809332_ctg1415|provirus_2264398_2309731_CDS_0063	45188	45334	+	SRR35809332_ctg1415|provirus_2264398_2309731	1.0	00	No_PHROG	No_PHROG	No_PHROG	No_PHROG	No_PHROGs_HMM	No_PHROGs_HMM	No_PHROGs_HMM	No_custom_HMM	No_custom_HMM	No_custom_HMM	No_PHROG	ab initio prediction:Pyrodigal-gv:0.3.2	CDS	None	hypothetical protein	unknown function	None	None	None	None	None	None	None	None	None	None	None	None	None	None	None	None	None	None	None	11
SRR35809332_ctg1415|provirus_2633736_2673366_CDS_0001	828	1	-	SRR35809332_ctg1415|provirus_2633736_2673366	55.9	00	No_PHROG	No_PHROG	No_PHROG	No_PHROG	No_PHROGs_HMM	No_PHROGs_HMM	No_PHROGs_HMM	No_custom_HMM	No_custom_HMM	No_custom_HMM	No_PHROG	ab initio prediction:Pyrodigal-gv:0.3.2	CDS	None	hypothetical protein	unknown function	None	None	None	None	None	None	None	None	None	None	None	None	None	None	None	None	None	None	None	11
SRR35809332_ctg1415|provirus_2633736_2673366_CDS_0002	1109	825	-	SRR35809332_ctg1415|provirus_2633736_2673366	39.4	00	No_PHROG	No_PHROG	No_PHROG	No_PHROG	No_PHROGs_HMM	No_PHROGs_HMM	No_PHROGs_HMM	No_custom_HMM	No_custom_HMM	No_custom_HMM	No_PHROG	ab initio prediction:Pyrodigal-gv:0.3.2	CDS	None	hypothetical protein	unknown function	None	None	None	None	None	None	None	None	None	None	None	None	None	None	None	None	None	None	None	11
SRR35809332_ctg1415|provirus_2633736_2673366_CDS_0003	4390	1106	-	SRR35809332_ctg1415|provirus_2633736_2673366	544.5	00	31	331.0	0.257	1.348e-92	No_PHROGs_HMM	No_PHROGs_HMM	No_PHROGs_HMM	No_custom_HMM	No_custom_HMM	No_custom_HMM	31	ab initio prediction:Pyrodigal-gv:0.3.2	CDS	#07e9a2	central tail fiber J	tail	None	None	None	None	None	None	None	None	None	None	None	None	None	None	None	None	None	None	None	11
SRR35809332_ctg1415|provirus_2633736_2673366_CDS_0004	4803	4387	-	SRR35809332_ctg1415|provirus_2633736_2673366	62.4	00	329	65.0	0.335	1.746e-14	No_PHROGs_HMM	No_PHROGs_HMM	No_PHROGs_HMM	No_custom_HMM	No_custom_HMM	No_custom_HMM	329	ab initio prediction:Pyrodigal-gv:0.3.2	CDS	#07e9a2	minor tail protein	tail	None	None	None	None	None	None	None	None	None	None	None	None	None	None	None	None	None	None	None	11
SRR35809332_ctg1415|provirus_2633736_2673366_CDS_0005	5312	4800	-	SRR35809332_ctg1415|provirus_2633736_2673366	97.6	00	396	89.0	0.344	1.3979999999999998e-22	No_PHROGs_HMM	No_PHROGs_HMM	No_PHROGs_HMM	No_custom_HMM	No_custom_HMM	No_custom_HMM	396	ab initio prediction:Pyrodigal-gv:0.3.2	CDS	#07e9a2	minor tail protein	tail	None	None	None	None	None	None	None	None	None	None	None	None	None	None	None	None	None	None	None	11
SRR35809332_ctg1415|provirus_2633736_2673366_CDS_0006	5718	5314	-	SRR35809332_ctg1415|provirus_2633736_2673366	73.7	00	384	77.0	0.383	1.943e-18	No_PHROGs_HMM	No_PHROGs_HMM	No_PHROGs_HMM	No_custom_HMM	No_custom_HMM	No_custom_HMM	384	ab initio prediction:Pyrodigal-gv:0.3.2	CDS	#3e83f6	virion structural protein	head and packaging	None	None	None	None	None	None	None	None	None	None	None	None	None	None	None	None	None	None	None	11
SRR35809332_ctg1415|provirus_2633736_2673366_CDS_0007	8977	5729	-	SRR35809332_ctg1415|provirus_2633736_2673366	616.1	00	18891	133.0	0.371	1.462e-32	No_PHROGs_HMM	No_PHROGs_HMM	No_PHROGs_HMM	No_custom_HMM	No_custom_HMM	No_custom_HMM	18891	ab initio prediction:Pyrodigal-gv:0.3.2	CDS	#07e9a2	tail length tape measure protein	tail	None	None	None	None	None	None	None	None	None	None	None	None	None	None	None	None	None	None	None	11
SRR35809332_ctg1415|provirus_2633736_2673366_CDS_0008	9089	8982	-	SRR35809332_ctg1415|provirus_2633736_2673366	4.0	00	No_PHROG	No_PHROG	No_PHROG	No_PHROG	No_PHROGs_HMM	No_PHROGs_HMM	No_PHROGs_HMM	No_custom_HMM	No_custom_HMM	No_custom_HMM	No_PHROG	ab initio prediction:Pyrodigal-gv:0.3.2	CDS	None	hypothetical protein	unknown function	None	None	None	None	None	None	None	None	None	None	None	None	None	None	None	None	None	None	None	11
SRR35809332_ctg1415|provirus_2633736_2673366_CDS_0009	9652	9167	-	SRR35809332_ctg1415|provirus_2633736_2673366	74.0	00	1442	80.0	0.32	8.966000000000001e-20	No_PHROGs_HMM	No_PHROGs_HMM	No_PHROGs_HMM	No_custom_HMM	No_custom_HMM	No_custom_HMM	1442	ab initio prediction:Pyrodigal-gv:0.3.2	CDS	#07e9a2	tail assembly chaperone	tail	None	None	None	None	None	None	None	None	None	None	None	None	None	None	None	None	None	None	None	11
SRR35809332_ctg1415|provirus_2633736_2673366_CDS_0010	10410	9658	-	SRR35809332_ctg1415|provirus_2633736_2673366	184.1	00	807	110.0	0.3	3.03e-28	No_PHROGs_HMM	No_PHROGs_HMM	No_PHROGs_HMM	No_custom_HMM	No_custom_HMM	No_custom_HMM	807	ab initio prediction:Pyrodigal-gv:0.3.2	CDS	#07e9a2	major tail protein with Ig-like domain	tail	None	None	None	None	None	None	None	None	None	None	None	None	None	None	None	None	None	None	None	11
SRR35809332_ctg1415|provirus_2633736_2673366_CDS_0011	10629	10447	-	SRR35809332_ctg1415|provirus_2633736_2673366	33.9	00	3357	40.0	0.387	5.754e-07	No_PHROGs_HMM	No_PHROGs_HMM	No_PHROGs_HMM	No_custom_HMM	No_custom_HMM	No_custom_HMM	3357	ab initio prediction:Pyrodigal-gv:0.3.2	CDS	#c9c9c9	hypothetical protein	unknown function	None	None	None	None	None	None	None	None	None	None	None	None	None	None	None	None	None	None	None	11
SRR35809332_ctg1415|provirus_2633736_2673366_CDS_0012	11122	10655	-	SRR35809332_ctg1415|provirus_2633736_2673366	76.5	00	No_PHROG	No_PHROG	No_PHROG	No_PHROG	No_PHROGs_HMM	No_PHROGs_HMM	No_PHROGs_HMM	No_custom_HMM	No_custom_HMM	No_custom_HMM	No_PHROG	ab initio prediction:Pyrodigal-gv:0.3.2	CDS	None	hypothetical protein	unknown function	None	None	None	None	None	None	None	None	None	None	None	None	None	None	None	None	None	None	None	11
SRR35809332_ctg1415|provirus_2633736_2673366_CDS_0013	11628	11119	-	SRR35809332_ctg1415|provirus_2633736_2673366	93.5	00	No_PHROG	No_PHROG	No_PHROG	No_PHROG	No_PHROGs_HMM	No_PHROGs_HMM	No_PHROGs_HMM	No_custom_HMM	No_custom_HMM	No_custom_HMM	No_PHROG	ab initio prediction:Pyrodigal-gv:0.3.2	CDS	None	hypothetical protein	unknown function	None	None	None	None	None	None	None	None	None	None	None	None	None	None	None	None	None	None	None	11
SRR35809332_ctg1415|provirus_2633736_2673366_CDS_0014	12281	11625	-	SRR35809332_ctg1415|provirus_2633736_2673366	103.8	00	No_PHROG	No_PHROG	No_PHROG	No_PHROG	No_PHROGs_HMM	No_PHROGs_HMM	No_PHROGs_HMM	No_custom_HMM	No_custom_HMM	No_custom_HMM	No_PHROG	ab initio prediction:Pyrodigal-gv:0.3.2	CDS	None	hypothetical protein	unknown function	None	None	None	None	None	None	None	None	None	None	None	None	None	None	None	None	None	None	None	11
SRR35809332_ctg1415|provirus_2633736_2673366_CDS_0015	14107	12347	-	SRR35809332_ctg1415|provirus_2633736_2673366	116.6	00	No_PHROG	No_PHROG	No_PHROG	No_PHROG	No_PHROGs_HMM	No_PHROGs_HMM	No_PHROGs_HMM	No_custom_HMM	No_custom_HMM	No_custom_HMM	No_PHROG	ab initio prediction:Pyrodigal-gv:0.3.2	CDS	None	hypothetical protein	unknown function	None	None	None	None	None	None	None	None	None	None	None	None	None	None	None	None	None	None	None	11
SRR35809332_ctg1415|provirus_2633736_2673366_CDS_0016	14381	14602	+	SRR35809332_ctg1415|provirus_2633736_2673366	5.9	00	No_PHROG	No_PHROG	No_PHROG	No_PHROG	No_PHROGs_HMM	No_PHROGs_HMM	No_PHROGs_HMM	No_custom_HMM	No_custom_HMM	No_custom_HMM	No_PHROG	ab initio prediction:Pyrodigal-gv:0.3.2	CDS	None	hypothetical protein	unknown function	None	None	None	None	None	None	None	None	None	None	None	None	None	None	None	None	None	None	None	11
SRR35809332_ctg1415|provirus_2633736_2673366_CDS_0017	14961	14584	-	SRR35809332_ctg1415|provirus_2633736_2673366	62.1	00	No_PHROG	No_PHROG	No_PHROG	No_PHROG	No_PHROGs_HMM	No_PHROGs_HMM	No_PHROGs_HMM	No_custom_HMM	No_custom_HMM	No_custom_HMM	No_PHROG	ab initio prediction:Pyrodigal-gv:0.3.2	CDS	None	hypothetical protein	unknown function	None	None	None	None	None	None	None	None	None	None	None	None	None	None	None	None	None	None	None	11
SRR35809332_ctg1415|provirus_2633736_2673366_CDS_0018	17393	15144	-	SRR35809332_ctg1415|provirus_2633736_2673366	441.0	00	29592	553.0	0.408	1.68e-170	No_PHROGs_HMM	No_PHROGs_HMM	No_PHROGs_HMM	No_custom_HMM	No_custom_HMM	No_custom_HMM	29592	ab initio prediction:Pyrodigal-gv:0.3.2	CDS	#c9c9c9	hypothetical protein	unknown function	None	None	None	None	None	None	None	None	None	None	None	None	None	None	None	None	None	None	None	11
SRR35809332_ctg1415|provirus_2633736_2673366_CDS_0019	17650	17390	-	SRR35809332_ctg1415|provirus_2633736_2673366	51.9	00	No_PHROG	No_PHROG	No_PHROG	No_PHROG	No_PHROGs_HMM	No_PHROGs_HMM	No_PHROGs_HMM	No_custom_HMM	No_custom_HMM	No_custom_HMM	No_PHROG	ab initio prediction:Pyrodigal-gv:0.3.2	CDS	None	hypothetical protein	unknown function	None	None	None	None	None	None	None	None	None	None	None	None	None	None	None	None	None	None	None	11
SRR35809332_ctg1415|provirus_2633736_2673366_CDS_0020	18073	17777	-	SRR35809332_ctg1415|provirus_2633736_2673366	6.4	00	4887	123.0	0.658	2.384e-35	No_PHROGs_HMM	No_PHROGs_HMM	No_PHROGs_HMM	No_custom_HMM	No_custom_HMM	No_custom_HMM	4887	ab initio prediction:Pyrodigal-gv:0.3.2	CDS	#c9c9c9	hypothetical protein	unknown function	None	None	None	None	None	None	None	None	None	None	None	None	None	None	None	None	None	None	None	11
SRR35809332_ctg1415|provirus_2633736_2673366_CDS_0021	18852	18073	-	SRR35809332_ctg1415|provirus_2633736_2673366	135.7	00	2468	73.0	0.317	1.036e-15	No_PHROGs_HMM	No_PHROGs_HMM	No_PHROGs_HMM	No_custom_HMM	No_custom_HMM	No_custom_HMM	2468	ab initio prediction:Pyrodigal-gv:0.3.2	CDS	#3e83f6	head morphogenesis	head and packaging	None	None	None	None	None	None	None	None	None	None	None	None	None	None	None	None	None	None	None	11
SRR35809332_ctg1415|provirus_2633736_2673366_CDS_0022	19031	18849	-	SRR35809332_ctg1415|provirus_2633736_2673366	-2.8	00	No_PHROG	No_PHROG	No_PHROG	No_PHROG	No_PHROGs_HMM	No_PHROGs_HMM	No_PHROGs_HMM	No_custom_HMM	No_custom_HMM	No_custom_HMM	No_PHROG	ab initio prediction:Pyrodigal-gv:0.3.2	CDS	None	hypothetical protein	unknown function	None	None	None	None	None	None	None	None	None	None	None	None	None	None	None	None	None	None	None	11
SRR35809332_ctg1415|provirus_2633736_2673366_CDS_0023	20512	19028	-	SRR35809332_ctg1415|provirus_2633736_2673366	318.8	00	10963	167.0	0.276	9.440999999999999e-45	No_PHROGs_HMM	No_PHROGs_HMM	No_PHROGs_HMM	No_custom_HMM	No_custom_HMM	No_custom_HMM	10963	ab initio prediction:Pyrodigal-gv:0.3.2	CDS	#3e83f6	portal protein	head and packaging	None	None	None	None	None	None	None	None	None	None	None	None	None	None	None	None	None	None	None	11
SRR35809332_ctg1415|provirus_2633736_2673366_CDS_0024	22220	20646	-	SRR35809332_ctg1415|provirus_2633736_2673366	279.9	00	11208	70.0	0.435	1.766e-16	No_PHROGs_HMM	No_PHROGs_HMM	No_PHROGs_HMM	No_custom_HMM	No_custom_HMM	No_custom_HMM	11208	ab initio prediction:Pyrodigal-gv:0.3.2	CDS	#c9c9c9	hypothetical protein	unknown function	None	None	None	None	None	None	None	None	None	None	None	None	None	None	None	None	None	None	None	11
SRR35809332_ctg1415|provirus_2633736_2673366_CDS_0025	22485	22210	-	SRR35809332_ctg1415|provirus_2633736_2673366	46.7	00	6519	46.0	0.424	6.753e-09	No_PHROGs_HMM	No_PHROGs_HMM	No_PHROGs_HMM	No_custom_HMM	No_custom_HMM	No_custom_HMM	6519	ab initio prediction:Pyrodigal-gv:0.3.2	CDS	#c9c9c9	hypothetical protein	unknown function	None	None	None	None	None	None	None	None	None	None	None	None	None	None	None	None	None	None	None	11
SRR35809332_ctg1415|provirus_2633736_2673366_CDS_0026	22682	22485	-	SRR35809332_ctg1415|provirus_2633736_2673366	4.8	00	No_PHROG	No_PHROG	No_PHROG	No_PHROG	No_PHROGs_HMM	No_PHROGs_HMM	No_PHROGs_HMM	No_custom_HMM	No_custom_HMM	No_custom_HMM	No_PHROG	ab initio prediction:Pyrodigal-gv:0.3.2	CDS	None	hypothetical protein	unknown function	None	None	None	None	None	None	None	None	None	None	None	None	None	None	None	None	None	None	None	11
SRR35809332_ctg1415|provirus_2633736_2673366_CDS_0027	23227	22682	-	SRR35809332_ctg1415|provirus_2633736_2673366	102.5	00	426	139.0	0.432	1.414e-39	No_PHROGs_HMM	No_PHROGs_HMM	No_PHROGs_HMM	No_custom_HMM	No_custom_HMM	No_custom_HMM	426	ab initio prediction:Pyrodigal-gv:0.3.2	CDS	#3e83f6	terminase small subunit	head and packaging	None	None	None	None	None	None	None	None	None	None	None	None	None	None	None	None	None	None	None	11
SRR35809332_ctg1415|provirus_2633736_2673366_CDS_0028	23543	23229	-	SRR35809332_ctg1415|provirus_2633736_2673366	62.7	00	436	95.0	0.489	1.596e-25	No_PHROGs_HMM	No_PHROGs_HMM	No_PHROGs_HMM	No_custom_HMM	No_custom_HMM	No_custom_HMM	436	ab initio prediction:Pyrodigal-gv:0.3.2	CDS	#c9c9c9	hypothetical protein	unknown function	None	None	None	None	None	None	None	None	None	None	None	None	None	None	None	None	None	None	None	11
SRR35809332_ctg1415|provirus_2633736_2673366_CDS_0029	23899	23540	-	SRR35809332_ctg1415|provirus_2633736_2673366	54.4	00	462	40.0	0.366	1.018e-06	No_PHROGs_HMM	No_PHROGs_HMM	No_PHROGs_HMM	No_custom_HMM	No_custom_HMM	No_custom_HMM	462	ab initio prediction:Pyrodigal-gv:0.3.2	CDS	#838383	lipoprotein	other	None	None	None	None	None	None	None	None	None	None	None	None	None	None	None	None	None	None	None	11
SRR35809332_ctg1415|provirus_2633736_2673366_CDS_0030	24225	23896	-	SRR35809332_ctg1415|provirus_2633736_2673366	57.7	00	No_PHROG	No_PHROG	No_PHROG	No_PHROG	No_PHROGs_HMM	No_PHROGs_HMM	No_PHROGs_HMM	No_custom_HMM	No_custom_HMM	No_custom_HMM	No_PHROG	ab initio prediction:Pyrodigal-gv:0.3.2	CDS	None	hypothetical protein	unknown function	None	None	None	None	None	None	None	None	None	None	None	None	None	None	None	None	None	None	None	11
SRR35809332_ctg1415|provirus_2633736_2673366_CDS_0031	24836	24219	-	SRR35809332_ctg1415|provirus_2633736_2673366	105.7	00	No_PHROG	No_PHROG	No_PHROG	No_PHROG	No_PHROGs_HMM	No_PHROGs_HMM	No_PHROGs_HMM	No_custom_HMM	No_custom_HMM	No_custom_HMM	No_PHROG	ab initio prediction:Pyrodigal-gv:0.3.2	CDS	None	hypothetical protein	unknown function	None	None	None	None	None	None	None	None	None	None	None	None	None	None	None	None	None	None	None	11
SRR35809332_ctg1415|provirus_2633736_2673366_CDS_0032	25060	24833	-	SRR35809332_ctg1415|provirus_2633736_2673366	33.4	00	1356	42.0	0.338	1.397e-07	No_PHROGs_HMM	No_PHROGs_HMM	No_PHROGs_HMM	No_custom_HMM	No_custom_HMM	No_custom_HMM	1356	ab initio prediction:Pyrodigal-gv:0.3.2	CDS	#f35f49	holin	lysis	None	None	None	None	None	None	None	None	None	None	None	None	None	None	None	None	None	None	None	11
SRR35809332_ctg1415|provirus_2633736_2673366_CDS_0033	25323	25057	-	SRR35809332_ctg1415|provirus_2633736_2673366	18.6	00	No_PHROG	No_PHROG	No_PHROG	No_PHROG	No_PHROGs_HMM	No_PHROGs_HMM	No_PHROGs_HMM	No_custom_HMM	No_custom_HMM	No_custom_HMM	No_PHROG	ab initio prediction:Pyrodigal-gv:0.3.2	CDS	None	hypothetical protein	unknown function	None	None	None	None	None	None	None	None	None	None	None	None	None	None	None	None	None	None	None	11
SRR35809332_ctg1415|provirus_2633736_2673366_CDS_0034	25952	25323	-	SRR35809332_ctg1415|provirus_2633736_2673366	80.6	00	822	116.0	0.377	1.0760000000000001e-30	No_PHROGs_HMM	No_PHROGs_HMM	No_PHROGs_HMM	No_custom_HMM	No_custom_HMM	No_custom_HMM	822	ab initio prediction:Pyrodigal-gv:0.3.2	CDS	#f35f49	amidase	lysis	None	None	None	None	None	None	None	None	None	None	None	None	None	None	None	None	None	None	None	11
SRR35809332_ctg1415|provirus_2633736_2673366_CDS_0035	26127	26026	-	SRR35809332_ctg1415|provirus_2633736_2673366	1.1	00	No_PHROG	No_PHROG	No_PHROG	No_PHROG	No_PHROGs_HMM	No_PHROGs_HMM	No_PHROGs_HMM	No_custom_HMM	No_custom_HMM	No_custom_HMM	No_PHROG	ab initio prediction:Pyrodigal-gv:0.3.2	CDS	None	hypothetical protein	unknown function	None	None	None	None	None	None	None	None	None	None	None	None	None	None	None	None	None	None	None	11
SRR35809332_ctg1415|provirus_2633736_2673366_CDS_0036	26537	26094	-	SRR35809332_ctg1415|provirus_2633736_2673366	48.7	00	No_PHROG	No_PHROG	No_PHROG	No_PHROG	No_PHROGs_HMM	No_PHROGs_HMM	No_PHROGs_HMM	No_custom_HMM	No_custom_HMM	No_custom_HMM	No_PHROG	ab initio prediction:Pyrodigal-gv:0.3.2	CDS	None	hypothetical protein	unknown function	None	None	None	None	None	None	None	None	None	None	None	None	None	None	None	None	None	None	None	11
SRR35809332_ctg1415|provirus_2633736_2673366_CDS_0037	26846	26604	-	SRR35809332_ctg1415|provirus_2633736_2673366	41.8	00	No_PHROG	No_PHROG	No_PHROG	No_PHROG	No_PHROGs_HMM	No_PHROGs_HMM	No_PHROGs_HMM	No_custom_HMM	No_custom_HMM	No_custom_HMM	No_PHROG	ab initio prediction:Pyrodigal-gv:0.3.2	CDS	None	hypothetical protein	unknown function	None	None	None	None	None	None	None	None	None	None	None	None	None	None	None	None	None	None	None	11
SRR35809332_ctg1415|provirus_2633736_2673366_CDS_0038	27319	26900	-	SRR35809332_ctg1415|provirus_2633736_2673366	90.2	00	836	82.0	0.355	2.5030000000000003e-20	No_PHROGs_HMM	No_PHROGs_HMM	No_PHROGs_HMM	No_custom_HMM	No_custom_HMM	No_custom_HMM	836	ab initio prediction:Pyrodigal-gv:0.3.2	CDS	#a861e3	late transcriptional activator	transcription regulation	None	None	None	None	None	None	None	None	None	None	None	None	None	None	None	None	None	None	None	11
SRR35809332_ctg1415|provirus_2633736_2673366_CDS_0039	27825	27322	-	SRR35809332_ctg1415|provirus_2633736_2673366	101.2	00	286	93.0	0.39	2.786e-24	No_PHROGs_HMM	No_PHROGs_HMM	No_PHROGs_HMM	No_custom_HMM	No_custom_HMM	No_custom_HMM	286	ab initio prediction:Pyrodigal-gv:0.3.2	CDS	#c9c9c9	hypothetical protein	unknown function	None	None	None	None	None	None	None	None	None	None	None	None	None	None	None	None	None	None	None	11
SRR35809332_ctg1415|provirus_2633736_2673366_CDS_0040	28028	27822	-	SRR35809332_ctg1415|provirus_2633736_2673366	41.9	00	No_PHROG	No_PHROG	No_PHROG	No_PHROG	No_PHROGs_HMM	No_PHROGs_HMM	No_PHROGs_HMM	No_custom_HMM	No_custom_HMM	No_custom_HMM	No_PHROG	ab initio prediction:Pyrodigal-gv:0.3.2	CDS	None	hypothetical protein	unknown function	None	None	None	None	None	None	None	None	None	None	None	None	None	None	None	None	None	None	None	11
SRR35809332_ctg1415|provirus_2633736_2673366_CDS_0041	28243	28019	-	SRR35809332_ctg1415|provirus_2633736_2673366	26.7	00	No_PHROG	No_PHROG	No_PHROG	No_PHROG	No_PHROGs_HMM	No_PHROGs_HMM	No_PHROGs_HMM	No_custom_HMM	No_custom_HMM	No_custom_HMM	No_PHROG	ab initio prediction:Pyrodigal-gv:0.3.2	CDS	None	hypothetical protein	unknown function	None	None	None	None	None	None	None	None	None	None	None	None	None	None	None	None	None	None	None	11
SRR35809332_ctg1415|provirus_2633736_2673366_CDS_0042	29354	28236	-	SRR35809332_ctg1415|provirus_2633736_2673366	150.9	00	2045	344.0	0.497	5.953e-107	No_PHROGs_HMM	No_PHROGs_HMM	No_PHROGs_HMM	No_custom_HMM	No_custom_HMM	No_custom_HMM	2045	ab initio prediction:Pyrodigal-gv:0.3.2	CDS	#c9c9c9	hypothetical protein	unknown function	None	None	None	None	None	None	None	None	None	None	None	None	None	None	None	None	None	None	None	11
SRR35809332_ctg1415|provirus_2633736_2673366_CDS_0043	29694	29347	-	SRR35809332_ctg1415|provirus_2633736_2673366	49.2	00	355	102.0	0.489	9.966e-28	No_PHROGs_HMM	No_PHROGs_HMM	No_PHROGs_HMM	No_custom_HMM	No_custom_HMM	No_custom_HMM	355	ab initio prediction:Pyrodigal-gv:0.3.2	CDS	#ffdf59	nucleoside 2-deoxyribosyltransferase	DNA, RNA and nucleotide metabolism	None	None	None	None	None	None	None	None	None	None	None	None	None	None	None	None	None	None	None	11
SRR35809332_ctg1415|provirus_2633736_2673366_CDS_0044	29939	29694	-	SRR35809332_ctg1415|provirus_2633736_2673366	23.9	00	No_PHROG	No_PHROG	No_PHROG	No_PHROG	No_PHROGs_HMM	No_PHROGs_HMM	No_PHROGs_HMM	No_custom_HMM	No_custom_HMM	No_custom_HMM	No_PHROG	ab initio prediction:Pyrodigal-gv:0.3.2	CDS	None	hypothetical protein	unknown function	None	None	None	None	None	None	None	None	None	None	None	None	None	None	None	None	None	None	None	11
SRR35809332_ctg1415|provirus_2633736_2673366_CDS_0045	30226	29936	-	SRR35809332_ctg1415|provirus_2633736_2673366	54.2	00	No_PHROG	No_PHROG	No_PHROG	No_PHROG	No_PHROGs_HMM	No_PHROGs_HMM	No_PHROGs_HMM	No_custom_HMM	No_custom_HMM	No_custom_HMM	No_PHROG	ab initio prediction:Pyrodigal-gv:0.3.2	CDS	None	hypothetical protein	unknown function	None	None	None	None	None	None	None	None	None	None	None	None	None	None	None	None	None	None	None	11
SRR35809332_ctg1415|provirus_2633736_2673366_CDS_0046	30560	30291	-	SRR35809332_ctg1415|provirus_2633736_2673366	72.1	00	379	75.0	0.427	3.56e-18	No_PHROGs_HMM	No_PHROGs_HMM	No_PHROGs_HMM	No_custom_HMM	No_custom_HMM	No_custom_HMM	379	ab initio prediction:Pyrodigal-gv:0.3.2	CDS	#ffdf59	DNA binding protein	DNA, RNA and nucleotide metabolism	None	None	None	None	None	None	None	None	None	None	None	None	None	None	None	None	None	None	None	11
SRR35809332_ctg1415|provirus_2633736_2673366_CDS_0047	30811	30557	-	SRR35809332_ctg1415|provirus_2633736_2673366	29.2	00	No_PHROG	No_PHROG	No_PHROG	No_PHROG	No_PHROGs_HMM	No_PHROGs_HMM	No_PHROGs_HMM	No_custom_HMM	No_custom_HMM	No_custom_HMM	No_PHROG	ab initio prediction:Pyrodigal-gv:0.3.2	CDS	None	hypothetical protein	unknown function	None	None	None	None	None	None	None	None	None	None	None	None	None	None	None	None	None	None	None	11
SRR35809332_ctg1415|provirus_2633736_2673366_CDS_0048	31032	30796	-	SRR35809332_ctg1415|provirus_2633736_2673366	49.2	00	No_PHROG	No_PHROG	No_PHROG	No_PHROG	No_PHROGs_HMM	No_PHROGs_HMM	No_PHROGs_HMM	No_custom_HMM	No_custom_HMM	No_custom_HMM	No_PHROG	ab initio prediction:Pyrodigal-gv:0.3.2	CDS	None	hypothetical protein	unknown function	None	None	None	None	None	None	None	None	None	None	None	None	None	None	None	None	None	None	None	11
SRR35809332_ctg1415|provirus_2633736_2673366_CDS_0049	31649	31032	-	SRR35809332_ctg1415|provirus_2633736_2673366	122.8	00	No_PHROG	No_PHROG	No_PHROG	No_PHROG	No_PHROGs_HMM	No_PHROGs_HMM	No_PHROGs_HMM	No_custom_HMM	No_custom_HMM	No_custom_HMM	No_PHROG	ab initio prediction:Pyrodigal-gv:0.3.2	CDS	None	hypothetical protein	unknown function	None	None	None	None	None	None	None	None	None	None	None	None	None	None	None	None	None	None	None	11
SRR35809332_ctg1415|provirus_2633736_2673366_CDS_0050	31875	31621	-	SRR35809332_ctg1415|provirus_2633736_2673366	40.9	00	No_PHROG	No_PHROG	No_PHROG	No_PHROG	No_PHROGs_HMM	No_PHROGs_HMM	No_PHROGs_HMM	No_custom_HMM	No_custom_HMM	No_custom_HMM	No_PHROG	ab initio prediction:Pyrodigal-gv:0.3.2	CDS	None	hypothetical protein	unknown function	None	None	None	None	None	None	None	None	None	None	None	None	None	None	None	None	None	None	None	11
SRR35809332_ctg1415|provirus_2633736_2673366_CDS_0051	32260	31880	-	SRR35809332_ctg1415|provirus_2633736_2673366	66.3	00	2113	44.0	0.308	1.368e-07	No_PHROGs_HMM	No_PHROGs_HMM	No_PHROGs_HMM	No_custom_HMM	No_custom_HMM	No_custom_HMM	2113	ab initio prediction:Pyrodigal-gv:0.3.2	CDS	#c9c9c9	hypothetical protein	unknown function	None	None	None	None	None	None	None	None	None	None	None	None	None	None	None	None	None	None	None	11
SRR35809332_ctg1415|provirus_2633736_2673366_CDS_0052	33041	32271	-	SRR35809332_ctg1415|provirus_2633736_2673366	96.2	00	No_PHROG	No_PHROG	No_PHROG	No_PHROG	No_PHROGs_HMM	No_PHROGs_HMM	No_PHROGs_HMM	No_custom_HMM	No_custom_HMM	No_custom_HMM	No_PHROG	ab initio prediction:Pyrodigal-gv:0.3.2	CDS	None	hypothetical protein	unknown function	None	None	None	None	None	None	None	None	None	None	None	None	None	None	None	None	None	None	None	11
SRR35809332_ctg1415|provirus_2633736_2673366_CDS_0053	33392	33057	-	SRR35809332_ctg1415|provirus_2633736_2673366	66.9	00	2041	49.0	0.309	2.118e-09	No_PHROGs_HMM	No_PHROGs_HMM	No_PHROGs_HMM	No_custom_HMM	No_custom_HMM	No_custom_HMM	2041	ab initio prediction:Pyrodigal-gv:0.3.2	CDS	#c9c9c9	hypothetical protein	unknown function	None	None	None	None	None	None	None	None	None	None	None	None	None	None	None	None	None	None	None	11
SRR35809332_ctg1415|provirus_2633736_2673366_CDS_0054	34659	33394	-	SRR35809332_ctg1415|provirus_2633736_2673366	230.2	00	296	70.0	0.213	1.33e-14	No_PHROGs_HMM	No_PHROGs_HMM	No_PHROGs_HMM	No_custom_HMM	No_custom_HMM	No_custom_HMM	296	ab initio prediction:Pyrodigal-gv:0.3.2	CDS	#fea328	DNA transposition protein	integration and excision	None	None	None	None	None	None	None	None	None	None	None	None	None	None	None	None	None	None	None	11
SRR35809332_ctg1415|provirus_2633736_2673366_CDS_0055	36548	34785	-	SRR35809332_ctg1415|provirus_2633736_2673366	295.6	00	310	242.0	0.317	8.765e-69	No_PHROGs_HMM	No_PHROGs_HMM	No_PHROGs_HMM	No_custom_HMM	No_custom_HMM	No_custom_HMM	310	ab initio prediction:Pyrodigal-gv:0.3.2	CDS	#fea328	transposase	integration and excision	None	None	None	None	None	None	None	None	None	None	None	None	None	None	None	None	None	None	None	11
SRR35809332_ctg1415|provirus_2633736_2673366_CDS_0056	37488	36550	-	SRR35809332_ctg1415|provirus_2633736_2673366	170.5	00	1748	113.0	0.311	8.222999999999999e-29	No_PHROGs_HMM	No_PHROGs_HMM	No_PHROGs_HMM	No_custom_HMM	No_custom_HMM	No_custom_HMM	1748	ab initio prediction:Pyrodigal-gv:0.3.2	CDS	#c9c9c9	hypothetical protein	unknown function	None	None	None	None	None	None	None	None	None	None	None	None	None	None	None	None	None	None	None	11
SRR35809332_ctg1415|provirus_2633736_2673366_CDS_0057	37846	37517	-	SRR35809332_ctg1415|provirus_2633736_2673366	56.3	00	1368	56.0	0.36	3.276e-12	No_PHROGs_HMM	No_PHROGs_HMM	No_PHROGs_HMM	No_custom_HMM	No_custom_HMM	No_custom_HMM	1368	ab initio prediction:Pyrodigal-gv:0.3.2	CDS	#a861e3	transcriptional regulator	transcription regulation	None	None	None	None	None	None	None	None	None	None	None	None	None	None	None	None	None	None	None	11
SRR35809332_ctg1415|provirus_2633736_2673366_CDS_0058	38325	37843	-	SRR35809332_ctg1415|provirus_2633736_2673366	87.2	00	No_PHROG	No_PHROG	No_PHROG	No_PHROG	No_PHROGs_HMM	No_PHROGs_HMM	No_PHROGs_HMM	No_custom_HMM	No_custom_HMM	No_custom_HMM	No_PHROG	ab initio prediction:Pyrodigal-gv:0.3.2	CDS	None	hypothetical protein	unknown function	None	None	None	None	None	None	None	None	None	None	None	None	None	None	None	None	None	None	None	11
SRR35809332_ctg1415|provirus_2633736_2673366_CDS_0059	38790	38434	-	SRR35809332_ctg1415|provirus_2633736_2673366	7.4	00	769	51.0	0.408	1.249e-10	No_PHROGs_HMM	No_PHROGs_HMM	No_PHROGs_HMM	No_custom_HMM	No_custom_HMM	No_custom_HMM	769	ab initio prediction:Pyrodigal-gv:0.3.2	CDS	#a861e3	transcriptional repressor	transcription regulation	None	None	None	None	None	None	None	None	None	None	None	None	None	None	None	None	None	None	None	11
SRR35809332_ctg1415|provirus_2633736_2673366_CDS_0060	38867	39631	+	SRR35809332_ctg1415|provirus_2633736_2673366	71.5	00	4836	46.0	0.269	2.094e-07	No_PHROGs_HMM	No_PHROGs_HMM	No_PHROGs_HMM	No_custom_HMM	No_custom_HMM	No_custom_HMM	4836	ab initio prediction:Pyrodigal-gv:0.3.2	CDS	#a861e3	CII-like regulator	transcription regulation	None	None	None	None	None	None	None	None	None	None	None	None	None	None	None	None	None	None	None	11
SRR35809336_ctg10052|provirus_1805875_1849128_CDS_0001	285	1	-	SRR35809336_ctg10052|provirus_1805875_1849128	33.4	00	No_PHROG	No_PHROG	No_PHROG	No_PHROG	No_PHROGs_HMM	No_PHROGs_HMM	No_PHROGs_HMM	No_custom_HMM	No_custom_HMM	No_custom_HMM	No_PHROG	ab initio prediction:Pyrodigal-gv:0.3.2	CDS	None	hypothetical protein	unknown function	None	None	None	None	None	None	None	None	None	None	None	None	None	None	None	None	None	None	None	11
SRR35809336_ctg10052|provirus_1805875_1849128_CDS_0002	1281	313	-	SRR35809336_ctg10052|provirus_1805875_1849128	114.7	00	863	71.0	0.252	4.651e-15	No_PHROGs_HMM	No_PHROGs_HMM	No_PHROGs_HMM	No_custom_HMM	No_custom_HMM	No_custom_HMM	863	ab initio prediction:Pyrodigal-gv:0.3.2	CDS	#07e9a2	tail fiber assembly	tail	None	None	None	None	None	None	None	None	None	None	None	None	None	None	None	None	None	None	None	11
SRR35809336_ctg10052|provirus_1805875_1849128_CDS_0003	4030	1334	-	SRR35809336_ctg10052|provirus_1805875_1849128	492.7	00	31	108.0	0.167	7.769e-25	No_PHROGs_HMM	No_PHROGs_HMM	No_PHROGs_HMM	No_custom_HMM	No_custom_HMM	No_custom_HMM	31	ab initio prediction:Pyrodigal-gv:0.3.2	CDS	#07e9a2	central tail fiber J	tail	None	None	None	None	None	None	None	None	None	None	None	None	None	None	None	None	None	None	None	11
SRR35809336_ctg10052|provirus_1805875_1849128_CDS_0004	4470	4027	-	SRR35809336_ctg10052|provirus_1805875_1849128	56.8	00	No_PHROG	No_PHROG	No_PHROG	No_PHROG	No_PHROGs_HMM	No_PHROGs_HMM	No_PHROGs_HMM	No_custom_HMM	No_custom_HMM	No_custom_HMM	No_PHROG	ab initio prediction:Pyrodigal-gv:0.3.2	CDS	None	hypothetical protein	unknown function	None	None	None	None	None	None	None	None	None	None	None	None	None	None	None	None	None	None	None	11
SRR35809336_ctg10052|provirus_1805875_1849128_CDS_0005	4850	4470	-	SRR35809336_ctg10052|provirus_1805875_1849128	43.4	00	No_PHROG	No_PHROG	No_PHROG	No_PHROG	No_PHROGs_HMM	No_PHROGs_HMM	No_PHROGs_HMM	No_custom_HMM	No_custom_HMM	No_custom_HMM	No_PHROG	ab initio prediction:Pyrodigal-gv:0.3.2	CDS	None	hypothetical protein	unknown function	None	None	None	None	None	None	None	None	None	None	None	None	None	None	None	None	None	None	None	11
SRR35809336_ctg10052|provirus_1805875_1849128_CDS_0006	4907	5284	+	SRR35809336_ctg10052|provirus_1805875_1849128	63.0	00	No_PHROG	No_PHROG	No_PHROG	No_PHROG	No_PHROGs_HMM	No_PHROGs_HMM	No_PHROGs_HMM	No_custom_HMM	No_custom_HMM	No_custom_HMM	No_PHROG	ab initio prediction:Pyrodigal-gv:0.3.2	CDS	None	hypothetical protein	unknown function	None	None	None	None	None	None	None	None	None	None	None	None	None	None	None	None	None	None	None	11
SRR35809336_ctg10052|provirus_1805875_1849128_CDS_0007	5805	5290	-	SRR35809336_ctg10052|provirus_1805875_1849128	103.5	00	396	63.0	0.267	1.751e-13	No_PHROGs_HMM	No_PHROGs_HMM	No_PHROGs_HMM	No_custom_HMM	No_custom_HMM	No_custom_HMM	396	ab initio prediction:Pyrodigal-gv:0.3.2	CDS	#07e9a2	minor tail protein	tail	None	None	None	None	None	None	None	None	None	None	None	None	None	None	None	None	None	None	None	11
SRR35809336_ctg10052|provirus_1805875_1849128_CDS_0008	6166	5798	-	SRR35809336_ctg10052|provirus_1805875_1849128	61.6	00	384	54.0	0.338	1.31e-10	No_PHROGs_HMM	No_PHROGs_HMM	No_PHROGs_HMM	No_custom_HMM	No_custom_HMM	No_custom_HMM	384	ab initio prediction:Pyrodigal-gv:0.3.2	CDS	#3e83f6	virion structural protein	head and packaging	None	None	None	None	None	None	None	None	None	None	None	None	None	None	None	None	None	None	None	11
SRR35809336_ctg10052|provirus_1805875_1849128_CDS_0009	7920	6166	-	SRR35809336_ctg10052|provirus_1805875_1849128	338.5	00	8892	100.0	0.183	5.654999999999999e-23	No_PHROGs_HMM	No_PHROGs_HMM	No_PHROGs_HMM	No_custom_HMM	No_custom_HMM	No_custom_HMM	8892	ab initio prediction:Pyrodigal-gv:0.3.2	CDS	#07e9a2	tail length tape measure protein	tail	None	None	None	None	None	None	None	None	None	None	None	None	None	None	None	None	None	None	None	11
SRR35809336_ctg10052|provirus_1805875_1849128_CDS_0010	8213	7917	-	SRR35809336_ctg10052|provirus_1805875_1849128	44.2	00	680	41.0	0.362	1.325e-07	No_PHROGs_HMM	No_PHROGs_HMM	No_PHROGs_HMM	No_custom_HMM	No_custom_HMM	No_custom_HMM	680	ab initio prediction:Pyrodigal-gv:0.3.2	CDS	#07e9a2	tail length tape measure protein	tail	None	None	None	None	None	None	None	None	None	None	None	None	None	None	None	None	None	None	None	11
SRR35809336_ctg10052|provirus_1805875_1849128_CDS_0011	8635	8306	-	SRR35809336_ctg10052|provirus_1805875_1849128	57.4	00	No_PHROG	No_PHROG	No_PHROG	No_PHROG	No_PHROGs_HMM	No_PHROGs_HMM	No_PHROGs_HMM	No_custom_HMM	No_custom_HMM	No_custom_HMM	No_PHROG	ab initio prediction:Pyrodigal-gv:0.3.2	CDS	None	hypothetical protein	unknown function	None	None	None	None	None	None	None	None	None	None	None	None	None	None	None	None	None	None	None	11
SRR35809336_ctg10052|provirus_1805875_1849128_CDS_0012	9597	8665	-	SRR35809336_ctg10052|provirus_1805875_1849128	162.7	00	No_PHROG	No_PHROG	No_PHROG	No_PHROG	No_PHROGs_HMM	No_PHROGs_HMM	No_PHROGs_HMM	No_custom_HMM	No_custom_HMM	No_custom_HMM	No_PHROG	ab initio prediction:Pyrodigal-gv:0.3.2	CDS	None	hypothetical protein	unknown function	None	None	None	None	None	None	None	None	None	None	None	None	None	None	None	None	None	None	None	11
SRR35809336_ctg10052|provirus_1805875_1849128_CDS_0013	9788	9600	-	SRR35809336_ctg10052|provirus_1805875_1849128	18.7	00	No_PHROG	No_PHROG	No_PHROG	No_PHROG	No_PHROGs_HMM	No_PHROGs_HMM	No_PHROGs_HMM	No_custom_HMM	No_custom_HMM	No_custom_HMM	No_PHROG	ab initio prediction:Pyrodigal-gv:0.3.2	CDS	None	hypothetical protein	unknown function	None	None	None	None	None	None	None	None	None	None	None	None	None	None	None	None	None	None	None	11
SRR35809336_ctg10052|provirus_1805875_1849128_CDS_0014	10246	9785	-	SRR35809336_ctg10052|provirus_1805875_1849128	55.8	00	209	53.0	0.26	1.561e-10	No_PHROGs_HMM	No_PHROGs_HMM	No_PHROGs_HMM	No_custom_HMM	No_custom_HMM	No_custom_HMM	209	ab initio prediction:Pyrodigal-gv:0.3.2	CDS	#3e83f6	portal protein	head and packaging	None	None	None	None	None	None	None	None	None	None	None	None	None	None	None	None	None	None	None	11
SRR35809336_ctg10052|provirus_1805875_1849128_CDS_0015	10739	10236	-	SRR35809336_ctg10052|provirus_1805875_1849128	79.6	00	26	57.0	0.276	1.73e-11	No_PHROGs_HMM	No_PHROGs_HMM	No_PHROGs_HMM	No_custom_HMM	No_custom_HMM	No_custom_HMM	26	ab initio prediction:Pyrodigal-gv:0.3.2	CDS	#35d7ff	tail completion or Neck1 protein	connector	None	None	None	None	None	None	None	None	None	None	None	None	None	None	None	None	None	None	None	11
SRR35809336_ctg10052|provirus_1805875_1849128_CDS_0016	11167	10739	-	SRR35809336_ctg10052|provirus_1805875_1849128	87.7	00	195	76.0	0.386	2.837e-18	No_PHROGs_HMM	No_PHROGs_HMM	No_PHROGs_HMM	No_custom_HMM	No_custom_HMM	No_custom_HMM	195	ab initio prediction:Pyrodigal-gv:0.3.2	CDS	#35d7ff	head-tail adaptor	connector	None	None	None	None	None	None	None	None	None	None	None	None	None	None	None	None	None	None	None	11
SRR35809336_ctg10052|provirus_1805875_1849128_CDS_0017	11382	11164	-	SRR35809336_ctg10052|provirus_1805875_1849128	27.6	00	No_PHROG	No_PHROG	No_PHROG	No_PHROG	No_PHROGs_HMM	No_PHROGs_HMM	No_PHROGs_HMM	No_custom_HMM	No_custom_HMM	No_custom_HMM	No_PHROG	ab initio prediction:Pyrodigal-gv:0.3.2	CDS	None	hypothetical protein	unknown function	None	None	None	None	None	None	None	None	None	None	None	None	None	None	None	None	None	None	None	11
SRR35809336_ctg10052|provirus_1805875_1849128_CDS_0018	12538	11588	-	SRR35809336_ctg10052|provirus_1805875_1849128	145.9	00	32158	50.0	0.325	9.613e-09	No_PHROGs_HMM	No_PHROGs_HMM	No_PHROGs_HMM	No_custom_HMM	No_custom_HMM	No_custom_HMM	32158	ab initio prediction:Pyrodigal-gv:0.3.2	CDS	#c9c9c9	hypothetical protein	unknown function	None	None	None	None	None	None	None	None	None	None	None	None	None	None	None	None	None	None	None	11
SRR35809336_ctg10052|provirus_1805875_1849128_CDS_0019	12975	12634	-	SRR35809336_ctg10052|provirus_1805875_1849128	51.0	00	No_PHROG	No_PHROG	No_PHROG	No_PHROG	No_PHROGs_HMM	No_PHROGs_HMM	No_PHROGs_HMM	No_custom_HMM	No_custom_HMM	No_custom_HMM	No_PHROG	ab initio prediction:Pyrodigal-gv:0.3.2	CDS	None	hypothetical protein	unknown function	None	None	None	None	None	None	None	None	None	None	None	None	None	None	None	None	None	None	None	11
SRR35809336_ctg10052|provirus_1805875_1849128_CDS_0020	14016	13117	-	SRR35809336_ctg10052|provirus_1805875_1849128	184.3	00	371	344.0	0.594	2.561e-108	No_PHROGs_HMM	No_PHROGs_HMM	No_PHROGs_HMM	No_custom_HMM	No_custom_HMM	No_custom_HMM	371	ab initio prediction:Pyrodigal-gv:0.3.2	CDS	#3e83f6	major head protein	head and packaging	None	None	None	None	None	None	None	None	None	None	None	None	None	None	None	None	None	None	None	11
SRR35809336_ctg10052|provirus_1805875_1849128_CDS_0021	14846	14043	-	SRR35809336_ctg10052|provirus_1805875_1849128	152.7	00	1731	91.0	0.386	1.513e-23	No_PHROGs_HMM	No_PHROGs_HMM	No_PHROGs_HMM	No_custom_HMM	No_custom_HMM	No_custom_HMM	1731	ab initio prediction:Pyrodigal-gv:0.3.2	CDS	#3e83f6	virion structural protein	head and packaging	None	None	None	None	None	None	None	None	None	None	None	None	None	None	None	None	None	None	None	11
SRR35809336_ctg10052|provirus_1805875_1849128_CDS_0022	15998	14868	-	SRR35809336_ctg10052|provirus_1805875_1849128	191.7	00	328	156.0	0.304	1.009e-42	No_PHROGs_HMM	No_PHROGs_HMM	No_PHROGs_HMM	No_custom_HMM	No_custom_HMM	No_custom_HMM	328	ab initio prediction:Pyrodigal-gv:0.3.2	CDS	#3e83f6	head maturation protease	head and packaging	None	None	None	None	None	None	None	None	None	None	None	None	None	None	None	None	None	None	None	11
SRR35809336_ctg10052|provirus_1805875_1849128_CDS_0023	16107	17744	+	SRR35809336_ctg10052|provirus_1805875_1849128	331.6	00	113	235.0	0.335	7.799999999999999e-68	No_PHROGs_HMM	No_PHROGs_HMM	No_PHROGs_HMM	No_custom_HMM	No_custom_HMM	No_custom_HMM	113	ab initio prediction:Pyrodigal-gv:0.3.2	CDS	#3e83f6	portal protein	head and packaging	None	None	None	None	None	None	None	None	None	None	None	None	None	None	None	None	None	None	None	11
SRR35809336_ctg10052|provirus_1805875_1849128_CDS_0024	17737	18438	+	SRR35809336_ctg10052|provirus_1805875_1849128	125.0	00	220	153.0	0.419	6.311999999999999e-41	No_PHROGs_HMM	No_PHROGs_HMM	No_PHROGs_HMM	No_custom_HMM	No_custom_HMM	No_custom_HMM	220	ab initio prediction:Pyrodigal-gv:0.3.2	CDS	#3e83f6	minor head protein and DNA pilot	head and packaging	None	None	None	None	None	None	None	None	None	None	None	None	None	None	None	None	None	None	None	11
SRR35809336_ctg10052|provirus_1805875_1849128_CDS_0025	19517	18546	-	SRR35809336_ctg10052|provirus_1805875_1849128	33.9	00	No_PHROG	No_PHROG	No_PHROG	No_PHROG	No_PHROGs_HMM	No_PHROGs_HMM	No_PHROGs_HMM	No_custom_HMM	No_custom_HMM	No_custom_HMM	No_PHROG	ab initio prediction:Pyrodigal-gv:0.3.2	CDS	None	hypothetical protein	unknown function	None	None	None	None	None	None	None	None	None	None	None	None	None	None	None	None	None	None	None	11
SRR35809336_ctg10052|provirus_1805875_1849128_CDS_0026	20131	19928	-	SRR35809336_ctg10052|provirus_1805875_1849128	38.9	00	No_PHROG	No_PHROG	No_PHROG	No_PHROG	No_PHROGs_HMM	No_PHROGs_HMM	No_PHROGs_HMM	No_custom_HMM	No_custom_HMM	No_custom_HMM	No_PHROG	ab initio prediction:Pyrodigal-gv:0.3.2	CDS	None	hypothetical protein	unknown function	None	None	None	None	None	None	None	None	None	None	None	None	None	None	None	None	None	None	None	11
SRR35809336_ctg10052|provirus_1805875_1849128_CDS_0027	20260	20757	+	SRR35809336_ctg10052|provirus_1805875_1849128	17.5	00	No_PHROG	No_PHROG	No_PHROG	No_PHROG	No_PHROGs_HMM	No_PHROGs_HMM	No_PHROGs_HMM	No_custom_HMM	No_custom_HMM	No_custom_HMM	No_PHROG	ab initio prediction:Pyrodigal-gv:0.3.2	CDS	None	hypothetical protein	unknown function	None	None	None	None	None	None	None	None	None	None	None	None	None	None	None	None	None	None	None	11
SRR35809336_ctg10052|provirus_1805875_1849128_CDS_0028	20858	21715	+	SRR35809336_ctg10052|provirus_1805875_1849128	63.0	00	No_PHROG	No_PHROG	No_PHROG	No_PHROG	No_PHROGs_HMM	No_PHROGs_HMM	No_PHROGs_HMM	No_custom_HMM	No_custom_HMM	No_custom_HMM	No_PHROG	ab initio prediction:Pyrodigal-gv:0.3.2	CDS	None	hypothetical protein	unknown function	None	None	None	None	None	None	None	None	None	None	None	None	None	None	None	None	None	None	None	11
SRR35809336_ctg10052|provirus_1805875_1849128_CDS_0029	23667	21754	-	SRR35809336_ctg10052|provirus_1805875_1849128	188.2	00	11419	124.0	0.285	4.007e-31	No_PHROGs_HMM	No_PHROGs_HMM	No_PHROGs_HMM	No_custom_HMM	No_custom_HMM	No_custom_HMM	11419	ab initio prediction:Pyrodigal-gv:0.3.2	CDS	#07e9a2	tail fiber protein	tail	None	None	None	None	None	None	None	None	None	None	None	None	None	None	None	None	None	None	None	11
SRR35809336_ctg10052|provirus_1805875_1849128_CDS_0030	23942	23667	-	SRR35809336_ctg10052|provirus_1805875_1849128	51.3	00	12296	44.0	0.382	5.836e-08	No_PHROGs_HMM	No_PHROGs_HMM	No_PHROGs_HMM	No_custom_HMM	No_custom_HMM	No_custom_HMM	12296	ab initio prediction:Pyrodigal-gv:0.3.2	CDS	#07e9a2	tail fiber protein	tail	None	None	None	None	None	None	None	None	None	None	None	None	None	None	None	None	None	None	None	11
SRR35809336_ctg10052|provirus_1805875_1849128_CDS_0031	24196	23960	-	SRR35809336_ctg10052|provirus_1805875_1849128	41.6	00	No_PHROG	No_PHROG	No_PHROG	No_PHROG	No_PHROGs_HMM	No_PHROGs_HMM	No_PHROGs_HMM	No_custom_HMM	No_custom_HMM	No_custom_HMM	No_PHROG	ab initio prediction:Pyrodigal-gv:0.3.2	CDS	None	hypothetical protein	unknown function	None	None	None	None	None	None	None	None	None	None	None	None	None	None	None	None	None	None	None	11
SRR35809336_ctg10052|provirus_1805875_1849128_CDS_0032	25905	24196	-	SRR35809336_ctg10052|provirus_1805875_1849128	322.5	00	11208	82.0	0.445	9.932e-21	No_PHROGs_HMM	No_PHROGs_HMM	No_PHROGs_HMM	No_custom_HMM	No_custom_HMM	No_custom_HMM	11208	ab initio prediction:Pyrodigal-gv:0.3.2	CDS	#c9c9c9	hypothetical protein	unknown function	None	None	None	None	None	None	None	None	None	None	None	None	None	None	None	None	None	None	None	11
SRR35809336_ctg10052|provirus_1805875_1849128_CDS_0033	26144	25902	-	SRR35809336_ctg10052|provirus_1805875_1849128	16.8	00	No_PHROG	No_PHROG	No_PHROG	No_PHROG	No_PHROGs_HMM	No_PHROGs_HMM	No_PHROGs_HMM	No_custom_HMM	No_custom_HMM	No_custom_HMM	No_PHROG	ab initio prediction:Pyrodigal-gv:0.3.2	CDS	None	hypothetical protein	unknown function	None	None	None	None	None	None	None	None	None	None	None	None	None	None	None	None	None	None	None	11
SRR35809336_ctg10052|provirus_1805875_1849128_CDS_0034	26758	26141	-	SRR35809336_ctg10052|provirus_1805875_1849128	101.8	00	426	86.0	0.296	3.2960000000000002e-21	No_PHROGs_HMM	No_PHROGs_HMM	No_PHROGs_HMM	No_custom_HMM	No_custom_HMM	No_custom_HMM	426	ab initio prediction:Pyrodigal-gv:0.3.2	CDS	#3e83f6	terminase small subunit	head and packaging	None	None	None	None	None	None	None	None	None	None	None	None	None	None	None	None	None	None	None	11
SRR35809336_ctg10052|provirus_1805875_1849128_CDS_0035	27060	26761	-	SRR35809336_ctg10052|provirus_1805875_1849128	54.4	00	No_PHROG	No_PHROG	No_PHROG	No_PHROG	No_PHROGs_HMM	No_PHROGs_HMM	No_PHROGs_HMM	No_custom_HMM	No_custom_HMM	No_custom_HMM	No_PHROG	ab initio prediction:Pyrodigal-gv:0.3.2	CDS	None	hypothetical protein	unknown function	None	None	None	None	None	None	None	None	None	None	None	None	None	None	None	None	None	None	None	11
SRR35809336_ctg10052|provirus_1805875_1849128_CDS_0036	27389	27057	-	SRR35809336_ctg10052|provirus_1805875_1849128	68.7	00	736	50.0	0.325	6.452e-10	No_PHROGs_HMM	No_PHROGs_HMM	No_PHROGs_HMM	No_custom_HMM	No_custom_HMM	No_custom_HMM	736	ab initio prediction:Pyrodigal-gv:0.3.2	CDS	#c9c9c9	hypothetical protein	unknown function	None	None	None	None	None	None	None	None	None	None	None	None	None	None	None	None	None	None	None	11
SRR35809336_ctg10052|provirus_1805875_1849128_CDS_0037	27964	27389	-	SRR35809336_ctg10052|provirus_1805875_1849128	133.3	00	No_PHROG	No_PHROG	No_PHROG	No_PHROG	No_PHROGs_HMM	No_PHROGs_HMM	No_PHROGs_HMM	No_custom_HMM	No_custom_HMM	No_custom_HMM	No_PHROG	ab initio prediction:Pyrodigal-gv:0.3.2	CDS	None	hypothetical protein	unknown function	None	None	None	None	None	None	None	None	None	None	None	None	None	None	None	None	None	None	None	11
SRR35809336_ctg10052|provirus_1805875_1849128_CDS_0038	28712	27957	-	SRR35809336_ctg10052|provirus_1805875_1849128	111.3	00	24864	70.0	0.393	6.708e-14	No_PHROGs_HMM	No_PHROGs_HMM	No_PHROGs_HMM	No_custom_HMM	No_custom_HMM	No_custom_HMM	24864	ab initio prediction:Pyrodigal-gv:0.3.2	CDS	#c9c9c9	hypothetical protein	unknown function	None	None	None	None	None	None	None	None	None	None	None	None	None	None	None	None	None	None	None	11
SRR35809336_ctg10052|provirus_1805875_1849128_CDS_0039	29216	28782	-	SRR35809336_ctg10052|provirus_1805875_1849128	43.2	00	836	70.0	0.325	4.119e-16	No_PHROGs_HMM	No_PHROGs_HMM	No_PHROGs_HMM	No_custom_HMM	No_custom_HMM	No_custom_HMM	836	ab initio prediction:Pyrodigal-gv:0.3.2	CDS	#a861e3	late transcriptional activator	transcription regulation	None	None	None	None	None	None	None	None	None	None	None	None	None	None	None	None	None	None	None	11
SRR35809336_ctg10052|provirus_1805875_1849128_CDS_0040	29455	29219	-	SRR35809336_ctg10052|provirus_1805875_1849128	35.1	00	No_PHROG	No_PHROG	No_PHROG	No_PHROG	No_PHROGs_HMM	No_PHROGs_HMM	No_PHROGs_HMM	No_custom_HMM	No_custom_HMM	No_custom_HMM	No_PHROG	ab initio prediction:Pyrodigal-gv:0.3.2	CDS	None	hypothetical protein	unknown function	None	None	None	None	None	None	None	None	None	None	None	None	None	None	None	None	None	None	None	11
SRR35809336_ctg10052|provirus_1805875_1849128_CDS_0041	29655	29452	-	SRR35809336_ctg10052|provirus_1805875_1849128	32.3	00	No_PHROG	No_PHROG	No_PHROG	No_PHROG	No_PHROGs_HMM	No_PHROGs_HMM	No_PHROGs_HMM	No_custom_HMM	No_custom_HMM	No_custom_HMM	No_PHROG	ab initio prediction:Pyrodigal-gv:0.3.2	CDS	None	hypothetical protein	unknown function	None	None	None	None	None	None	None	None	None	None	None	None	None	None	None	None	None	None	None	11
SRR35809336_ctg10052|provirus_1805875_1849128_CDS_0042	29927	29655	-	SRR35809336_ctg10052|provirus_1805875_1849128	59.1	00	No_PHROG	No_PHROG	No_PHROG	No_PHROG	No_PHROGs_HMM	No_PHROGs_HMM	No_PHROGs_HMM	No_custom_HMM	No_custom_HMM	No_custom_HMM	No_PHROG	ab initio prediction:Pyrodigal-gv:0.3.2	CDS	None	hypothetical protein	unknown function	None	None	None	None	None	None	None	None	None	None	None	None	None	None	None	None	None	None	None	11
SRR35809336_ctg10052|provirus_1805875_1849128_CDS_0043	30522	29983	-	SRR35809336_ctg10052|provirus_1805875_1849128	81.1	00	286	77.0	0.35	1.514e-18	No_PHROGs_HMM	No_PHROGs_HMM	No_PHROGs_HMM	No_custom_HMM	No_custom_HMM	No_custom_HMM	286	ab initio prediction:Pyrodigal-gv:0.3.2	CDS	#c9c9c9	hypothetical protein	unknown function	None	None	None	None	None	None	None	None	None	None	None	None	None	None	None	None	None	None	None	11
SRR35809336_ctg10052|provirus_1805875_1849128_CDS_0044	30857	30519	-	SRR35809336_ctg10052|provirus_1805875_1849128	41.2	00	No_PHROG	No_PHROG	No_PHROG	No_PHROG	No_PHROGs_HMM	No_PHROGs_HMM	No_PHROGs_HMM	No_custom_HMM	No_custom_HMM	No_custom_HMM	No_PHROG	ab initio prediction:Pyrodigal-gv:0.3.2	CDS	None	hypothetical protein	unknown function	None	None	None	None	None	None	None	None	None	None	None	None	None	None	None	None	None	None	None	11
SRR35809336_ctg10052|provirus_1805875_1849128_CDS_0045	31147	30854	-	SRR35809336_ctg10052|provirus_1805875_1849128	48.3	00	16358	50.0	0.4	4.274e-10	No_PHROGs_HMM	No_PHROGs_HMM	No_PHROGs_HMM	No_custom_HMM	No_custom_HMM	No_custom_HMM	16358	ab initio prediction:Pyrodigal-gv:0.3.2	CDS	#c9c9c9	hypothetical protein	unknown function	None	None	None	None	None	None	None	None	None	None	None	None	None	None	None	None	None	None	None	11
SRR35809336_ctg10052|provirus_1805875_1849128_CDS_0046	33351	31144	-	SRR35809336_ctg10052|provirus_1805875_1849128	218.6	00	323	37.0	0.364	7.154e-06	No_PHROGs_HMM	No_PHROGs_HMM	No_PHROGs_HMM	No_custom_HMM	No_custom_HMM	No_custom_HMM	323	ab initio prediction:Pyrodigal-gv:0.3.2	CDS	#a861e3	transcriptional regulator, D5-like	transcription regulation	None	None	None	None	None	None	None	None	None	None	None	None	None	None	None	None	None	None	None	11
SRR35809336_ctg10052|provirus_1805875_1849128_CDS_0047	33473	33348	-	SRR35809336_ctg10052|provirus_1805875_1849128	8.0	00	No_PHROG	No_PHROG	No_PHROG	No_PHROG	No_PHROGs_HMM	No_PHROGs_HMM	No_PHROGs_HMM	No_custom_HMM	No_custom_HMM	No_custom_HMM	No_PHROG	ab initio prediction:Pyrodigal-gv:0.3.2	CDS	None	hypothetical protein	unknown function	None	None	None	None	None	None	None	None	None	None	None	None	None	None	None	None	None	None	None	11
SRR35809336_ctg10052|provirus_1805875_1849128_CDS_0048	33691	33470	-	SRR35809336_ctg10052|provirus_1805875_1849128	32.9	00	No_PHROG	No_PHROG	No_PHROG	No_PHROG	No_PHROGs_HMM	No_PHROGs_HMM	No_PHROGs_HMM	No_custom_HMM	No_custom_HMM	No_custom_HMM	No_PHROG	ab initio prediction:Pyrodigal-gv:0.3.2	CDS	None	hypothetical protein	unknown function	None	None	None	None	None	None	None	None	None	None	None	None	None	None	None	None	None	None	None	11
SRR35809336_ctg10052|provirus_1805875_1849128_CDS_0049	34230	33703	-	SRR35809336_ctg10052|provirus_1805875_1849128	103.0	00	491	118.0	0.409	2.1510000000000002e-32	No_PHROGs_HMM	No_PHROGs_HMM	No_PHROGs_HMM	No_custom_HMM	No_custom_HMM	No_custom_HMM	491	ab initio prediction:Pyrodigal-gv:0.3.2	CDS	#ffdf59	Mu Gam-like end protection	DNA, RNA and nucleotide metabolism	None	None	None	None	None	None	None	None	None	None	None	None	None	None	None	None	None	None	None	11
SRR35809336_ctg10052|provirus_1805875_1849128_CDS_0050	34573	34220	-	SRR35809336_ctg10052|provirus_1805875_1849128	56.5	00	No_PHROG	No_PHROG	No_PHROG	No_PHROG	No_PHROGs_HMM	No_PHROGs_HMM	No_PHROGs_HMM	No_custom_HMM	No_custom_HMM	No_custom_HMM	No_PHROG	ab initio prediction:Pyrodigal-gv:0.3.2	CDS	None	hypothetical protein	unknown function	None	None	None	None	None	None	None	None	None	None	None	None	None	None	None	None	None	None	None	11
SRR35809336_ctg10052|provirus_1805875_1849128_CDS_0051	34911	34570	-	SRR35809336_ctg10052|provirus_1805875_1849128	59.6	00	No_PHROG	No_PHROG	No_PHROG	No_PHROG	No_PHROGs_HMM	No_PHROGs_HMM	No_PHROGs_HMM	No_custom_HMM	No_custom_HMM	No_custom_HMM	No_PHROG	ab initio prediction:Pyrodigal-gv:0.3.2	CDS	None	hypothetical protein	unknown function	None	None	None	None	None	None	None	None	None	None	None	None	None	None	None	None	None	None	None	11
SRR35809336_ctg10052|provirus_1805875_1849128_CDS_0052	35329	34904	-	SRR35809336_ctg10052|provirus_1805875_1849128	53.1	00	2119	97.0	0.442	7.832e-26	No_PHROGs_HMM	No_PHROGs_HMM	No_PHROGs_HMM	No_custom_HMM	No_custom_HMM	No_custom_HMM	2119	ab initio prediction:Pyrodigal-gv:0.3.2	CDS	#c9c9c9	hypothetical protein	unknown function	None	None	None	None	None	None	None	None	None	None	None	None	None	None	None	None	None	None	None	11
SRR35809336_ctg10052|provirus_1805875_1849128_CDS_0053	35958	35326	-	SRR35809336_ctg10052|provirus_1805875_1849128	100.1	00	2030	90.0	0.298	2.203e-22	No_PHROGs_HMM	No_PHROGs_HMM	No_PHROGs_HMM	No_custom_HMM	No_custom_HMM	No_custom_HMM	2030	ab initio prediction:Pyrodigal-gv:0.3.2	CDS	#a861e3	transcriptional regulator	transcription regulation	None	None	None	None	None	None	None	None	None	None	None	None	None	None	None	None	None	None	None	11
SRR35809336_ctg10052|provirus_1805875_1849128_CDS_0054	36709	35960	-	SRR35809336_ctg10052|provirus_1805875_1849128	140.3	00	296	126.0	0.337	5.712e-33	No_PHROGs_HMM	No_PHROGs_HMM	No_PHROGs_HMM	No_custom_HMM	No_custom_HMM	No_custom_HMM	296	ab initio prediction:Pyrodigal-gv:0.3.2	CDS	#fea328	DNA transposition protein	integration and excision	None	None	None	None	None	None	None	None	None	None	None	None	None	None	None	None	None	None	None	11
SRR35809336_ctg10052|provirus_1805875_1849128_CDS_0055	38956	36761	-	SRR35809336_ctg10052|provirus_1805875_1849128	297.6	00	310	138.0	0.209	4.6290000000000003e-35	No_PHROGs_HMM	No_PHROGs_HMM	No_PHROGs_HMM	No_custom_HMM	No_custom_HMM	No_custom_HMM	310	ab initio prediction:Pyrodigal-gv:0.3.2	CDS	#fea328	transposase	integration and excision	None	None	None	None	None	None	None	None	None	None	None	None	None	None	None	None	None	None	None	11
SRR35809336_ctg10052|provirus_1805875_1849128_CDS_0056	39060	38953	-	SRR35809336_ctg10052|provirus_1805875_1849128	15.7	00	No_PHROG	No_PHROG	No_PHROG	No_PHROG	No_PHROGs_HMM	No_PHROGs_HMM	No_PHROGs_HMM	No_custom_HMM	No_custom_HMM	No_custom_HMM	No_PHROG	ab initio prediction:Pyrodigal-gv:0.3.2	CDS	None	hypothetical protein	unknown function	None	None	None	None	None	None	None	None	None	None	None	None	None	None	None	None	None	None	None	11
SRR35809336_ctg10052|provirus_1805875_1849128_CDS_0057	39506	39057	-	SRR35809336_ctg10052|provirus_1805875_1849128	79.5	00	2345	70.0	0.359	4.859e-16	No_PHROGs_HMM	No_PHROGs_HMM	No_PHROGs_HMM	No_custom_HMM	No_custom_HMM	No_custom_HMM	2345	ab initio prediction:Pyrodigal-gv:0.3.2	CDS	#a861e3	transcriptional regulator	transcription regulation	None	None	None	None	None	None	None	None	None	None	None	None	None	None	None	None	None	None	None	11
SRR35809336_ctg10052|provirus_1805875_1849128_CDS_0058	40555	39506	-	SRR35809336_ctg10052|provirus_1805875_1849128	128.1	00	3264	109.0	0.278	7.7670000000000005e-28	No_PHROGs_HMM	No_PHROGs_HMM	No_PHROGs_HMM	No_custom_HMM	No_custom_HMM	No_custom_HMM	3264	ab initio prediction:Pyrodigal-gv:0.3.2	CDS	#ffdf59	ParB-like partition protein	DNA, RNA and nucleotide metabolism	None	None	None	None	None	None	None	None	None	None	None	None	None	None	None	None	None	None	None	11
SRR35809336_ctg10052|provirus_1805875_1849128_CDS_0059	40909	41790	+	SRR35809336_ctg10052|provirus_1805875_1849128	55.1	00	No_PHROG	No_PHROG	No_PHROG	No_PHROG	No_PHROGs_HMM	No_PHROGs_HMM	No_PHROGs_HMM	No_custom_HMM	No_custom_HMM	No_custom_HMM	No_PHROG	ab initio prediction:Pyrodigal-gv:0.3.2	CDS	None	hypothetical protein	unknown function	None	None	None	None	None	None	None	None	None	None	None	None	None	None	None	None	None	None	None	11
SRR35809336_ctg10052|provirus_1805875_1849128_CDS_0060	41845	42381	+	SRR35809336_ctg10052|provirus_1805875_1849128	50.7	00	No_PHROG	No_PHROG	No_PHROG	No_PHROG	No_PHROGs_HMM	No_PHROGs_HMM	No_PHROGs_HMM	No_custom_HMM	No_custom_HMM	No_custom_HMM	No_PHROG	ab initio prediction:Pyrodigal-gv:0.3.2	CDS	None	hypothetical protein	unknown function	None	None	None	None	None	None	None	None	None	None	None	None	None	None	None	None	None	None	None	11
SRR35809336_ctg10052|provirus_1805875_1849128_CDS_0061	42712	43254	+	SRR35809336_ctg10052|provirus_1805875_1849128	61.3	00	No_PHROG	No_PHROG	No_PHROG	No_PHROG	No_PHROGs_HMM	No_PHROGs_HMM	No_PHROGs_HMM	No_custom_HMM	No_custom_HMM	No_custom_HMM	No_PHROG	ab initio prediction:Pyrodigal-gv:0.3.2	CDS	None	hypothetical protein	unknown function	None	None	None	None	None	None	None	None	None	None	None	None	None	None	None	None	None	None	None	11
SRR35809336_ctg10687|provirus_4211115_4255250_CDS_0001	663	1	-	SRR35809336_ctg10687|provirus_4211115_4255250	56.6	00	1599	130.0	0.371	9.574e-36	No_PHROGs_HMM	No_PHROGs_HMM	No_PHROGs_HMM	No_custom_HMM	No_custom_HMM	No_custom_HMM	1599	ab initio prediction:Pyrodigal-gv:0.3.2	CDS	#c9c9c9	hypothetical protein	unknown function	None	None	None	None	None	None	None	None	None	None	None	None	None	None	None	None	None	None	None	11
SRR35809336_ctg10687|provirus_4211115_4255250_CDS_0002	969	667	-	SRR35809336_ctg10687|provirus_4211115_4255250	20.0	00	No_PHROG	No_PHROG	No_PHROG	No_PHROG	No_PHROGs_HMM	No_PHROGs_HMM	No_PHROGs_HMM	No_custom_HMM	No_custom_HMM	No_custom_HMM	No_PHROG	ab initio prediction:Pyrodigal-gv:0.3.2	CDS	None	hypothetical protein	unknown function	None	None	None	None	None	None	None	None	None	None	None	None	None	None	None	None	None	None	None	11
SRR35809336_ctg10687|provirus_4211115_4255250_CDS_0003	1453	1932	+	SRR35809336_ctg10687|provirus_4211115_4255250	50.3	00	2439	49.0	0.406	8.153e-08	No_PHROGs_HMM	No_PHROGs_HMM	No_PHROGs_HMM	No_custom_HMM	No_custom_HMM	No_custom_HMM	2439	ab initio prediction:Pyrodigal-gv:0.3.2	CDS	#a861e3	transcriptional regulator	transcription regulation	None	None	None	None	None	None	None	None	None	None	None	None	None	None	None	None	None	None	None	11
SRR35809336_ctg10687|provirus_4211115_4255250_CDS_0004	2572	1958	-	SRR35809336_ctg10687|provirus_4211115_4255250	27.8	00	No_PHROG	No_PHROG	No_PHROG	No_PHROG	No_PHROGs_HMM	No_PHROGs_HMM	No_PHROGs_HMM	No_custom_HMM	No_custom_HMM	No_custom_HMM	No_PHROG	ab initio prediction:Pyrodigal-gv:0.3.2	CDS	None	hypothetical protein	unknown function	None	None	None	None	None	None	None	None	None	None	None	None	None	None	None	None	None	None	None	11
SRR35809336_ctg10687|provirus_4211115_4255250_CDS_0005	2797	3012	+	SRR35809336_ctg10687|provirus_4211115_4255250	15.9	00	No_PHROG	No_PHROG	No_PHROG	No_PHROG	No_PHROGs_HMM	No_PHROGs_HMM	No_PHROGs_HMM	No_custom_HMM	No_custom_HMM	No_custom_HMM	No_PHROG	ab initio prediction:Pyrodigal-gv:0.3.2	CDS	None	hypothetical protein	unknown function	None	None	None	None	None	None	None	None	None	None	None	None	None	None	None	None	None	None	None	11
SRR35809336_ctg10687|provirus_4211115_4255250_CDS_0006	3406	3161	-	SRR35809336_ctg10687|provirus_4211115_4255250	6.1	00	No_PHROG	No_PHROG	No_PHROG	No_PHROG	No_PHROGs_HMM	No_PHROGs_HMM	No_PHROGs_HMM	No_custom_HMM	No_custom_HMM	No_custom_HMM	No_PHROG	ab initio prediction:Pyrodigal-gv:0.3.2	CDS	None	hypothetical protein	unknown function	None	None	None	None	None	None	None	None	None	None	None	None	None	None	None	None	None	None	None	11
SRR35809336_ctg10687|provirus_4211115_4255250_CDS_0007	3830	3423	-	SRR35809336_ctg10687|provirus_4211115_4255250	49.9	00	No_PHROG	No_PHROG	No_PHROG	No_PHROG	No_PHROGs_HMM	No_PHROGs_HMM	No_PHROGs_HMM	No_custom_HMM	No_custom_HMM	No_custom_HMM	No_PHROG	ab initio prediction:Pyrodigal-gv:0.3.2	CDS	None	hypothetical protein	unknown function	None	None	None	None	None	None	None	None	None	None	None	None	None	None	None	None	None	None	None	11
SRR35809336_ctg10687|provirus_4211115_4255250_CDS_0008	4371	3841	-	SRR35809336_ctg10687|provirus_4211115_4255250	75.3	00	7	89.0	0.34	1.057e-21	No_PHROGs_HMM	No_PHROGs_HMM	No_PHROGs_HMM	No_custom_HMM	No_custom_HMM	No_custom_HMM	7	ab initio prediction:Pyrodigal-gv:0.3.2	CDS	#f35f49	endolysin	lysis	None	None	None	None	None	None	None	None	None	None	None	None	None	None	None	None	None	None	None	11
SRR35809336_ctg10687|provirus_4211115_4255250_CDS_0009	4598	4368	-	SRR35809336_ctg10687|provirus_4211115_4255250	55.0	00	920	38.0	0.324	3.266e-06	No_PHROGs_HMM	No_PHROGs_HMM	No_PHROGs_HMM	No_custom_HMM	No_custom_HMM	No_custom_HMM	920	ab initio prediction:Pyrodigal-gv:0.3.2	CDS	#f35f49	holin	lysis	None	None	None	None	None	None	None	None	None	None	None	None	None	None	None	None	None	None	None	11
SRR35809336_ctg10687|provirus_4211115_4255250_CDS_0010	5235	4615	-	SRR35809336_ctg10687|provirus_4211115_4255250	106.4	00	32459	74.0	0.367	3.068e-17	No_PHROGs_HMM	No_PHROGs_HMM	No_PHROGs_HMM	No_custom_HMM	No_custom_HMM	No_custom_HMM	32459	ab initio prediction:Pyrodigal-gv:0.3.2	CDS	#c9c9c9	hypothetical protein	unknown function	None	None	None	None	None	None	None	None	None	None	None	None	None	None	None	None	None	None	None	11
SRR35809336_ctg10687|provirus_4211115_4255250_CDS_0011	6227	5244	-	SRR35809336_ctg10687|provirus_4211115_4255250	129.2	00	8763	119.0	0.4	1.5720000000000001e-32	No_PHROGs_HMM	No_PHROGs_HMM	No_PHROGs_HMM	No_custom_HMM	No_custom_HMM	No_custom_HMM	8763	ab initio prediction:Pyrodigal-gv:0.3.2	CDS	#07e9a2	tail protein	tail	None	None	None	None	None	None	None	None	None	None	None	None	None	None	None	None	None	None	None	11
SRR35809336_ctg10687|provirus_4211115_4255250_CDS_0012	9500	6240	-	SRR35809336_ctg10687|provirus_4211115_4255250	601.3	00	2589	466.0	0.379	2.409e-132	No_PHROGs_HMM	No_PHROGs_HMM	No_PHROGs_HMM	No_custom_HMM	No_custom_HMM	No_custom_HMM	2589	ab initio prediction:Pyrodigal-gv:0.3.2	CDS	#07e9a2	tail protein	tail	None	None	None	None	None	None	None	None	None	None	None	None	None	None	None	None	None	None	None	11
SRR35809336_ctg10687|provirus_4211115_4255250_CDS_0013	10195	9500	-	SRR35809336_ctg10687|provirus_4211115_4255250	129.3	00	32	69.0	0.29	1.017e-15	No_PHROGs_HMM	No_PHROGs_HMM	No_PHROGs_HMM	No_custom_HMM	No_custom_HMM	No_custom_HMM	32	ab initio prediction:Pyrodigal-gv:0.3.2	CDS	#07e9a2	tail assembly protein	tail	None	None	None	None	None	None	None	None	None	None	None	None	None	None	None	None	None	None	None	11
SRR35809336_ctg10687|provirus_4211115_4255250_CDS_0014	11057	10197	-	SRR35809336_ctg10687|provirus_4211115_4255250	116.7	00	30	119.0	0.375	6.847999999999999e-33	No_PHROGs_HMM	No_PHROGs_HMM	No_PHROGs_HMM	No_custom_HMM	No_custom_HMM	No_custom_HMM	30	ab initio prediction:Pyrodigal-gv:0.3.2	CDS	#07e9a2	minor tail protein	tail	None	None	None	None	None	None	None	None	None	None	None	None	None	None	None	None	None	None	None	11
SRR35809336_ctg10687|provirus_4211115_4255250_CDS_0015	11776	11057	-	SRR35809336_ctg10687|provirus_4211115_4255250	104.7	00	18	125.0	0.326	4.0140000000000005e-34	No_PHROGs_HMM	No_PHROGs_HMM	No_PHROGs_HMM	No_custom_HMM	No_custom_HMM	No_custom_HMM	18	ab initio prediction:Pyrodigal-gv:0.3.2	CDS	#07e9a2	minor tail protein	tail	None	None	None	None	None	None	None	None	None	None	None	None	None	None	None	None	None	None	None	11
SRR35809336_ctg10687|provirus_4211115_4255250_CDS_0016	12151	11780	-	SRR35809336_ctg10687|provirus_4211115_4255250	58.1	00	14	44.0	0.318	8.267e-08	No_PHROGs_HMM	No_PHROGs_HMM	No_PHROGs_HMM	No_custom_HMM	No_custom_HMM	No_custom_HMM	14	ab initio prediction:Pyrodigal-gv:0.3.2	CDS	#07e9a2	minor tail protein	tail	None	None	None	None	None	None	None	None	None	None	None	None	None	None	None	None	None	None	None	11
SRR35809336_ctg10687|provirus_4211115_4255250_CDS_0017	14275	12155	-	SRR35809336_ctg10687|provirus_4211115_4255250	390.1	00	18891	154.0	0.319	4.832e-39	No_PHROGs_HMM	No_PHROGs_HMM	No_PHROGs_HMM	No_custom_HMM	No_custom_HMM	No_custom_HMM	18891	ab initio prediction:Pyrodigal-gv:0.3.2	CDS	#07e9a2	tail length tape measure protein	tail	None	None	None	None	None	None	None	None	None	None	None	None	None	None	None	None	None	None	None	11
SRR35809336_ctg10687|provirus_4211115_4255250_CDS_0018	14666	14232	-	SRR35809336_ctg10687|provirus_4211115_4255250	17.8	00	19318	46.0	0.388	1.306e-08	No_PHROGs_HMM	No_PHROGs_HMM	No_PHROGs_HMM	No_custom_HMM	No_custom_HMM	No_custom_HMM	19318	ab initio prediction:Pyrodigal-gv:0.3.2	CDS	#c9c9c9	hypothetical protein	unknown function	None	None	None	None	None	None	None	None	None	None	None	None	None	None	None	None	None	None	None	11
SRR35809336_ctg10687|provirus_4211115_4255250_CDS_0019	14950	14612	-	SRR35809336_ctg10687|provirus_4211115_4255250	51.5	00	No_PHROG	No_PHROG	No_PHROG	No_PHROG	No_PHROGs_HMM	No_PHROGs_HMM	No_PHROGs_HMM	No_custom_HMM	No_custom_HMM	No_custom_HMM	No_PHROG	ab initio prediction:Pyrodigal-gv:0.3.2	CDS	None	hypothetical protein	unknown function	None	None	None	None	None	None	None	None	None	None	None	None	None	None	None	None	None	None	None	11
SRR35809336_ctg10687|provirus_4211115_4255250_CDS_0020	15423	14962	-	SRR35809336_ctg10687|provirus_4211115_4255250	87.4	00	158	64.0	0.291	7.02e-14	No_PHROGs_HMM	No_PHROGs_HMM	No_PHROGs_HMM	No_custom_HMM	No_custom_HMM	No_custom_HMM	158	ab initio prediction:Pyrodigal-gv:0.3.2	CDS	#07e9a2	major tail protein	tail	None	None	None	None	None	None	None	None	None	None	None	None	None	None	None	None	None	None	None	11
SRR35809336_ctg10687|provirus_4211115_4255250_CDS_0021	15836	15429	-	SRR35809336_ctg10687|provirus_4211115_4255250	62.6	00	347	72.0	0.363	3.793e-17	No_PHROGs_HMM	No_PHROGs_HMM	No_PHROGs_HMM	No_custom_HMM	No_custom_HMM	No_custom_HMM	347	ab initio prediction:Pyrodigal-gv:0.3.2	CDS	#35d7ff	tail terminator	connector	None	None	None	None	None	None	None	None	None	None	None	None	None	None	None	None	None	None	None	11
SRR35809336_ctg10687|provirus_4211115_4255250_CDS_0022	16330	15833	-	SRR35809336_ctg10687|provirus_4211115_4255250	48.9	00	No_PHROG	No_PHROG	No_PHROG	No_PHROG	No_PHROGs_HMM	No_PHROGs_HMM	No_PHROGs_HMM	No_custom_HMM	No_custom_HMM	No_custom_HMM	No_PHROG	ab initio prediction:Pyrodigal-gv:0.3.2	CDS	None	hypothetical protein	unknown function	None	None	None	None	None	None	None	None	None	None	None	None	None	None	None	None	None	None	None	11
SRR35809336_ctg10687|provirus_4211115_4255250_CDS_0023	16653	16330	-	SRR35809336_ctg10687|provirus_4211115_4255250	45.1	00	25	79.0	0.392	1.054e-19	No_PHROGs_HMM	No_PHROGs_HMM	No_PHROGs_HMM	No_custom_HMM	No_custom_HMM	No_custom_HMM	25	ab initio prediction:Pyrodigal-gv:0.3.2	CDS	#35d7ff	head closure Hc1	connector	None	None	None	None	None	None	None	None	None	None	None	None	None	None	None	None	None	None	None	11
SRR35809336_ctg10687|provirus_4211115_4255250_CDS_0024	17270	16653	-	SRR35809336_ctg10687|provirus_4211115_4255250	93.5	00	442	136.0	0.384	5.236e-38	No_PHROGs_HMM	No_PHROGs_HMM	No_PHROGs_HMM	No_custom_HMM	No_custom_HMM	No_custom_HMM	442	ab initio prediction:Pyrodigal-gv:0.3.2	CDS	#35d7ff	head-tail adaptor	connector	None	None	None	None	None	None	None	None	None	None	None	None	None	None	None	None	None	None	None	11
SRR35809336_ctg10687|provirus_4211115_4255250_CDS_0025	18204	17236	-	SRR35809336_ctg10687|provirus_4211115_4255250	103.1	00	No_PHROG	No_PHROG	No_PHROG	No_PHROG	No_PHROGs_HMM	No_PHROGs_HMM	No_PHROGs_HMM	No_custom_HMM	No_custom_HMM	No_custom_HMM	No_PHROG	ab initio prediction:Pyrodigal-gv:0.3.2	CDS	None	hypothetical protein	unknown function	None	None	None	None	None	None	None	None	None	None	None	None	None	None	None	None	None	None	None	11
SRR35809336_ctg10687|provirus_4211115_4255250_CDS_0026	18770	18201	-	SRR35809336_ctg10687|provirus_4211115_4255250	78.3	00	No_PHROG	No_PHROG	No_PHROG	No_PHROG	No_PHROGs_HMM	No_PHROGs_HMM	No_PHROGs_HMM	No_custom_HMM	No_custom_HMM	No_custom_HMM	No_PHROG	ab initio prediction:Pyrodigal-gv:0.3.2	CDS	None	hypothetical protein	unknown function	None	None	None	None	None	None	None	None	None	None	None	None	None	None	None	None	None	None	None	11
SRR35809336_ctg10687|provirus_4211115_4255250_CDS_0027	19429	18770	-	SRR35809336_ctg10687|provirus_4211115_4255250	55.2	00	10080	50.0	0.221	6.242e-09	No_PHROGs_HMM	No_PHROGs_HMM	No_PHROGs_HMM	No_custom_HMM	No_custom_HMM	No_custom_HMM	10080	ab initio prediction:Pyrodigal-gv:0.3.2	CDS	#c9c9c9	hypothetical protein	unknown function	None	None	None	None	None	None	None	None	None	None	None	None	None	None	None	None	None	None	None	11
SRR35809336_ctg10687|provirus_4211115_4255250_CDS_0028	19832	19431	-	SRR35809336_ctg10687|provirus_4211115_4255250	37.3	00	4603	104.0	0.509	1.476e-27	No_PHROGs_HMM	No_PHROGs_HMM	No_PHROGs_HMM	No_custom_HMM	No_custom_HMM	No_custom_HMM	4603	ab initio prediction:Pyrodigal-gv:0.3.2	CDS	#838383	alpha-2,3-sialyltransferase	other	None	None	None	None	None	None	None	None	None	None	None	None	None	None	None	None	None	None	None	11
SRR35809336_ctg10687|provirus_4211115_4255250_CDS_0029	20311	19934	-	SRR35809336_ctg10687|provirus_4211115_4255250	31.3	00	No_PHROG	No_PHROG	No_PHROG	No_PHROG	No_PHROGs_HMM	No_PHROGs_HMM	No_PHROGs_HMM	No_custom_HMM	No_custom_HMM	No_custom_HMM	No_PHROG	ab initio prediction:Pyrodigal-gv:0.3.2	CDS	None	hypothetical protein	unknown function	None	None	None	None	None	None	None	None	None	None	None	None	None	None	None	None	None	None	None	11
SRR35809336_ctg10687|provirus_4211115_4255250_CDS_0030	21580	20402	-	SRR35809336_ctg10687|provirus_4211115_4255250	279.6	00	10	146.0	0.317	8.454e-39	No_PHROGs_HMM	No_PHROGs_HMM	No_PHROGs_HMM	No_custom_HMM	No_custom_HMM	No_custom_HMM	10	ab initio prediction:Pyrodigal-gv:0.3.2	CDS	#3e83f6	major head protein	head and packaging	None	None	None	None	None	None	None	None	None	None	None	None	None	None	None	None	None	None	None	11
SRR35809336_ctg10687|provirus_4211115_4255250_CDS_0031	22499	21603	-	SRR35809336_ctg10687|provirus_4211115_4255250	159.5	00	1684	321.0	0.602	9.91e-101	No_PHROGs_HMM	No_PHROGs_HMM	No_PHROGs_HMM	No_custom_HMM	No_custom_HMM	No_custom_HMM	1684	ab initio prediction:Pyrodigal-gv:0.3.2	CDS	#3e83f6	head maturation protease	head and packaging	None	None	None	None	None	None	None	None	None	None	None	None	None	None	None	None	None	None	None	11
SRR35809336_ctg10687|provirus_4211115_4255250_CDS_0032	23772	22501	-	SRR35809336_ctg10687|provirus_4211115_4255250	215.6	00	12	285.0	0.416	1.283e-85	No_PHROGs_HMM	No_PHROGs_HMM	No_PHROGs_HMM	No_custom_HMM	No_custom_HMM	No_custom_HMM	12	ab initio prediction:Pyrodigal-gv:0.3.2	CDS	#3e83f6	portal protein	head and packaging	None	None	None	None	None	None	None	None	None	None	None	None	None	None	None	None	None	None	None	11
SRR35809336_ctg10687|provirus_4211115_4255250_CDS_0033	25409	23772	-	SRR35809336_ctg10687|provirus_4211115_4255250	207.4	00	9	210.0	0.28	1.218e-58	No_PHROGs_HMM	No_PHROGs_HMM	No_PHROGs_HMM	No_custom_HMM	No_custom_HMM	No_custom_HMM	9	ab initio prediction:Pyrodigal-gv:0.3.2	CDS	#3e83f6	terminase large subunit	head and packaging	None	None	None	None	None	None	None	None	None	None	None	None	None	None	None	None	None	None	None	11
SRR35809336_ctg10687|provirus_4211115_4255250_CDS_0034	25955	25416	-	SRR35809336_ctg10687|provirus_4211115_4255250	52.7	00	83	84.0	0.353	7.733e-21	No_PHROGs_HMM	No_PHROGs_HMM	No_PHROGs_HMM	No_custom_HMM	No_custom_HMM	No_custom_HMM	83	ab initio prediction:Pyrodigal-gv:0.3.2	CDS	#3e83f6	terminase small subunit	head and packaging	None	None	None	None	None	None	None	None	None	None	None	None	None	None	None	None	None	None	None	11
SRR35809336_ctg10687|provirus_4211115_4255250_CDS_0035	26483	26151	-	SRR35809336_ctg10687|provirus_4211115_4255250	6.2	00	2323	93.0	0.53	1.2049999999999999e-24	No_PHROGs_HMM	No_PHROGs_HMM	No_PHROGs_HMM	No_custom_HMM	No_custom_HMM	No_custom_HMM	2323	ab initio prediction:Pyrodigal-gv:0.3.2	CDS	#ffdf59	HNH endonuclease	DNA, RNA and nucleotide metabolism	None	None	None	None	None	None	None	None	None	None	None	None	None	None	None	None	None	None	None	11
SRR35809336_ctg10687|provirus_4211115_4255250_CDS_0036	27221	26598	-	SRR35809336_ctg10687|provirus_4211115_4255250	109.0	00	6836	41.0	0.253	2.189e-06	No_PHROGs_HMM	No_PHROGs_HMM	No_PHROGs_HMM	No_custom_HMM	No_custom_HMM	No_custom_HMM	6836	ab initio prediction:Pyrodigal-gv:0.3.2	CDS	#c9c9c9	hypothetical protein	unknown function	None	None	None	None	None	None	None	None	None	None	None	None	None	None	None	None	None	None	None	11
SRR35809336_ctg10687|provirus_4211115_4255250_CDS_0037	29129	27468	-	SRR35809336_ctg10687|provirus_4211115_4255250	267.7	00	1156	312.0	0.395	1.977e-90	No_PHROGs_HMM	No_PHROGs_HMM	No_PHROGs_HMM	No_custom_HMM	No_custom_HMM	No_custom_HMM	1156	ab initio prediction:Pyrodigal-gv:0.3.2	CDS	#ffdf59	DNA primase	DNA, RNA and nucleotide metabolism	None	None	None	None	None	None	None	None	None	None	None	None	None	None	None	None	None	None	None	11
SRR35809336_ctg10687|provirus_4211115_4255250_CDS_0038	29995	29126	-	SRR35809336_ctg10687|provirus_4211115_4255250	116.7	00	No_PHROG	No_PHROG	No_PHROG	No_PHROG	No_PHROGs_HMM	No_PHROGs_HMM	No_PHROGs_HMM	No_custom_HMM	No_custom_HMM	No_custom_HMM	No_PHROG	ab initio prediction:Pyrodigal-gv:0.3.2	CDS	None	hypothetical protein	unknown function	None	None	None	None	None	None	None	None	None	None	None	None	None	None	None	None	None	None	None	11
SRR35809336_ctg10687|provirus_4211115_4255250_CDS_0039	30716	30093	-	SRR35809336_ctg10687|provirus_4211115_4255250	101.4	00	359	213.0	0.586	1.81e-64	No_PHROGs_HMM	No_PHROGs_HMM	No_PHROGs_HMM	No_custom_HMM	No_custom_HMM	No_custom_HMM	359	ab initio prediction:Pyrodigal-gv:0.3.2	CDS	#838383	DNA methyltransferase	other	None	None	None	None	None	None	None	None	None	None	None	None	None	None	None	None	None	None	None	11
SRR35809336_ctg10687|provirus_4211115_4255250_CDS_0040	30803	31564	+	SRR35809336_ctg10687|provirus_4211115_4255250	55.8	00	No_PHROG	No_PHROG	No_PHROG	No_PHROG	No_PHROGs_HMM	No_PHROGs_HMM	No_PHROGs_HMM	No_custom_HMM	No_custom_HMM	No_custom_HMM	No_PHROG	ab initio prediction:Pyrodigal-gv:0.3.2	CDS	None	hypothetical protein	unknown function	None	None	None	None	None	None	None	None	None	None	None	None	None	None	None	None	None	None	None	11
SRR35809336_ctg10687|provirus_4211115_4255250_CDS_0041	32523	31582	-	SRR35809336_ctg10687|provirus_4211115_4255250	90.2	00	116	132.0	0.402	1.931e-35	No_PHROGs_HMM	No_PHROGs_HMM	No_PHROGs_HMM	No_custom_HMM	No_custom_HMM	No_custom_HMM	116	ab initio prediction:Pyrodigal-gv:0.3.2	CDS	#838383	DNA methyltransferase	other	None	None	None	None	None	None	None	None	None	None	None	None	None	None	None	None	None	None	None	11
SRR35809336_ctg10687|provirus_4211115_4255250_CDS_0042	33269	32520	-	SRR35809336_ctg10687|provirus_4211115_4255250	81.7	00	No_PHROG	No_PHROG	No_PHROG	No_PHROG	No_PHROGs_HMM	No_PHROGs_HMM	No_PHROGs_HMM	No_custom_HMM	No_custom_HMM	No_custom_HMM	No_PHROG	ab initio prediction:Pyrodigal-gv:0.3.2	CDS	None	hypothetical protein	unknown function	None	None	None	None	None	None	None	None	None	None	None	None	None	None	None	None	None	None	None	11
SRR35809336_ctg10687|provirus_4211115_4255250_CDS_0043	33695	33312	-	SRR35809336_ctg10687|provirus_4211115_4255250	22.2	00	No_PHROG	No_PHROG	No_PHROG	No_PHROG	No_PHROGs_HMM	No_PHROGs_HMM	No_PHROGs_HMM	No_custom_HMM	No_custom_HMM	No_custom_HMM	No_PHROG	ab initio prediction:Pyrodigal-gv:0.3.2	CDS	None	hypothetical protein	unknown function	None	None	None	None	None	None	None	None	None	None	None	None	None	None	None	None	None	None	None	11
SRR35809336_ctg10687|provirus_4211115_4255250_CDS_0044	34162	33692	-	SRR35809336_ctg10687|provirus_4211115_4255250	68.0	00	38866	55.0	0.371	6.249e-11	No_PHROGs_HMM	No_PHROGs_HMM	No_PHROGs_HMM	No_custom_HMM	No_custom_HMM	No_custom_HMM	38866	ab initio prediction:Pyrodigal-gv:0.3.2	CDS	#c9c9c9	hypothetical protein	unknown function	None	None	None	None	None	None	None	None	None	None	None	None	None	None	None	None	None	None	None	11
SRR35809336_ctg10687|provirus_4211115_4255250_CDS_0045	34470	34159	-	SRR35809336_ctg10687|provirus_4211115_4255250	29.3	00	35	44.0	0.371	2.033e-08	No_PHROGs_HMM	No_PHROGs_HMM	No_PHROGs_HMM	No_custom_HMM	No_custom_HMM	No_custom_HMM	35	ab initio prediction:Pyrodigal-gv:0.3.2	CDS	#a861e3	transcriptional repressor	transcription regulation	None	None	None	None	None	None	None	None	None	None	None	None	None	None	None	None	None	None	None	11
SRR35809336_ctg10687|provirus_4211115_4255250_CDS_0046	34486	35289	+	SRR35809336_ctg10687|provirus_4211115_4255250	108.9	00	4	62.0	0.216	1.344e-12	No_PHROGs_HMM	No_PHROGs_HMM	No_PHROGs_HMM	No_custom_HMM	No_custom_HMM	No_custom_HMM	4	ab initio prediction:Pyrodigal-gv:0.3.2	CDS	#a861e3	transcriptional repressor	transcription regulation	None	None	None	None	None	None	None	None	None	None	None	None	None	None	None	None	None	None	None	11
SRR35809336_ctg10687|provirus_4211115_4255250_CDS_0047	36050	35286	-	SRR35809336_ctg10687|provirus_4211115_4255250	51.9	00	6785	44.0	0.374	2.695e-08	No_PHROGs_HMM	No_PHROGs_HMM	No_PHROGs_HMM	No_custom_HMM	No_custom_HMM	No_custom_HMM	6785	ab initio prediction:Pyrodigal-gv:0.3.2	CDS	#c9c9c9	hypothetical protein	unknown function	None	None	None	None	None	None	None	None	None	None	None	None	None	None	None	None	None	None	None	11
SRR35809336_ctg10687|provirus_4211115_4255250_CDS_0048	36360	36067	-	SRR35809336_ctg10687|provirus_4211115_4255250	10.1	00	No_PHROG	No_PHROG	No_PHROG	No_PHROG	No_PHROGs_HMM	No_PHROGs_HMM	No_PHROGs_HMM	No_custom_HMM	No_custom_HMM	No_custom_HMM	No_PHROG	ab initio prediction:Pyrodigal-gv:0.3.2	CDS	None	hypothetical protein	unknown function	None	None	None	None	None	None	None	None	None	None	None	None	None	None	None	None	None	None	None	11
SRR35809336_ctg10687|provirus_4211115_4255250_CDS_0049	36598	36888	+	SRR35809336_ctg10687|provirus_4211115_4255250	52.2	00	No_PHROG	No_PHROG	No_PHROG	No_PHROG	No_PHROGs_HMM	No_PHROGs_HMM	No_PHROGs_HMM	No_custom_HMM	No_custom_HMM	No_custom_HMM	No_PHROG	ab initio prediction:Pyrodigal-gv:0.3.2	CDS	None	hypothetical protein	unknown function	None	None	None	None	None	None	None	None	None	None	None	None	None	None	None	None	None	None	None	11
SRR35809336_ctg10687|provirus_4211115_4255250_CDS_0050	36899	37138	+	SRR35809336_ctg10687|provirus_4211115_4255250	28.9	00	No_PHROG	No_PHROG	No_PHROG	No_PHROG	No_PHROGs_HMM	No_PHROGs_HMM	No_PHROGs_HMM	No_custom_HMM	No_custom_HMM	No_custom_HMM	No_PHROG	ab initio prediction:Pyrodigal-gv:0.3.2	CDS	None	hypothetical protein	unknown function	None	None	None	None	None	None	None	None	None	None	None	None	None	None	None	None	None	None	None	11
SRR35809336_ctg10687|provirus_4211115_4255250_CDS_0051	37135	37734	+	SRR35809336_ctg10687|provirus_4211115_4255250	104.9	00	No_PHROG	No_PHROG	No_PHROG	No_PHROG	No_PHROGs_HMM	No_PHROGs_HMM	No_PHROGs_HMM	No_custom_HMM	No_custom_HMM	No_custom_HMM	No_PHROG	ab initio prediction:Pyrodigal-gv:0.3.2	CDS	None	hypothetical protein	unknown function	None	None	None	None	None	None	None	None	None	None	None	None	None	None	None	None	None	None	None	11
SRR35809336_ctg10687|provirus_4211115_4255250_CDS_0052	37731	38018	+	SRR35809336_ctg10687|provirus_4211115_4255250	39.8	00	No_PHROG	No_PHROG	No_PHROG	No_PHROG	No_PHROGs_HMM	No_PHROGs_HMM	No_PHROGs_HMM	No_custom_HMM	No_custom_HMM	No_custom_HMM	No_PHROG	ab initio prediction:Pyrodigal-gv:0.3.2	CDS	None	hypothetical protein	unknown function	None	None	None	None	None	None	None	None	None	None	None	None	None	None	None	None	None	None	None	11
SRR35809336_ctg10687|provirus_4211115_4255250_CDS_0053	38015	38359	+	SRR35809336_ctg10687|provirus_4211115_4255250	56.0	00	No_PHROG	No_PHROG	No_PHROG	No_PHROG	No_PHROGs_HMM	No_PHROGs_HMM	No_PHROGs_HMM	No_custom_HMM	No_custom_HMM	No_custom_HMM	No_PHROG	ab initio prediction:Pyrodigal-gv:0.3.2	CDS	None	hypothetical protein	unknown function	None	None	None	None	None	None	None	None	None	None	None	None	None	None	None	None	None	None	None	11
SRR35809336_ctg10687|provirus_4211115_4255250_CDS_0054	38356	38724	+	SRR35809336_ctg10687|provirus_4211115_4255250	80.6	00	204	47.0	0.294	1.016e-08	No_PHROGs_HMM	No_PHROGs_HMM	No_PHROGs_HMM	No_custom_HMM	No_custom_HMM	No_custom_HMM	204	ab initio prediction:Pyrodigal-gv:0.3.2	CDS	#c9c9c9	hypothetical protein	unknown function	None	None	None	None	None	None	None	None	None	None	None	None	None	None	None	None	None	None	None	11
SRR35809336_ctg10687|provirus_4211115_4255250_CDS_0055	38765	39745	+	SRR35809336_ctg10687|provirus_4211115_4255250	220.4	00	210	134.0	0.312	2.9110000000000003e-36	No_PHROGs_HMM	No_PHROGs_HMM	No_PHROGs_HMM	No_custom_HMM	No_custom_HMM	No_custom_HMM	210	ab initio prediction:Pyrodigal-gv:0.3.2	CDS	#c9c9c9	hypothetical protein	unknown function	None	None	None	None	None	None	None	None	None	None	None	None	None	None	None	None	None	None	None	11
SRR35809336_ctg10687|provirus_4211115_4255250_CDS_0056	39835	40035	+	SRR35809336_ctg10687|provirus_4211115_4255250	17.1	00	No_PHROG	No_PHROG	No_PHROG	No_PHROG	No_PHROGs_HMM	No_PHROGs_HMM	No_PHROGs_HMM	No_custom_HMM	No_custom_HMM	No_custom_HMM	No_PHROG	ab initio prediction:Pyrodigal-gv:0.3.2	CDS	None	hypothetical protein	unknown function	None	None	None	None	None	None	None	None	None	None	None	None	None	None	None	None	None	None	None	11
SRR35809336_ctg10687|provirus_4211115_4255250_CDS_0057	40049	40654	+	SRR35809336_ctg10687|provirus_4211115_4255250	105.7	00	4786	160.0	0.599	2.706e-47	No_PHROGs_HMM	No_PHROGs_HMM	No_PHROGs_HMM	No_custom_HMM	No_custom_HMM	No_custom_HMM	4786	ab initio prediction:Pyrodigal-gv:0.3.2	CDS	#838383	cysteine dioxygenase	other	None	None	None	None	None	None	None	None	None	None	None	None	None	None	None	None	None	None	None	11
SRR35809336_ctg10687|provirus_4211115_4255250_CDS_0058	41325	40729	-	SRR35809336_ctg10687|provirus_4211115_4255250	17.7	00	No_PHROG	No_PHROG	No_PHROG	No_PHROG	No_PHROGs_HMM	No_PHROGs_HMM	No_PHROGs_HMM	No_custom_HMM	No_custom_HMM	No_custom_HMM	No_PHROG	ab initio prediction:Pyrodigal-gv:0.3.2	CDS	None	hypothetical protein	unknown function	None	None	None	None	None	None	None	None	None	None	None	None	None	None	None	None	None	None	None	11
SRR35809336_ctg10687|provirus_4211115_4255250_CDS_0059	41564	41334	-	SRR35809336_ctg10687|provirus_4211115_4255250	17.7	00	No_PHROG	No_PHROG	No_PHROG	No_PHROG	No_PHROGs_HMM	No_PHROGs_HMM	No_PHROGs_HMM	No_custom_HMM	No_custom_HMM	No_custom_HMM	No_PHROG	ab initio prediction:Pyrodigal-gv:0.3.2	CDS	None	hypothetical protein	unknown function	None	None	None	None	None	None	None	None	None	None	None	None	None	None	None	None	None	None	None	11
SRR35809336_ctg10687|provirus_4211115_4255250_CDS_0060	41750	42382	+	SRR35809336_ctg10687|provirus_4211115_4255250	79.2	00	874	138.0	0.365	2.853e-37	No_PHROGs_HMM	No_PHROGs_HMM	No_PHROGs_HMM	No_custom_HMM	No_custom_HMM	No_custom_HMM	874	ab initio prediction:Pyrodigal-gv:0.3.2	CDS	#c9c9c9	hypothetical protein	unknown function	None	None	None	None	None	None	None	None	None	None	None	None	None	None	None	None	None	None	None	11
SRR35809336_ctg10687|provirus_4211115_4255250_CDS_0061	42379	42645	+	SRR35809336_ctg10687|provirus_4211115_4255250	24.6	00	25900	54.0	0.464	1.016e-11	No_PHROGs_HMM	No_PHROGs_HMM	No_PHROGs_HMM	No_custom_HMM	No_custom_HMM	No_custom_HMM	25900	ab initio prediction:Pyrodigal-gv:0.3.2	CDS	#a861e3	transcriptional regulator	transcription regulation	None	None	None	None	None	None	None	None	None	None	None	None	None	None	None	None	None	None	None	11
SRR35809336_ctg10687|provirus_4211115_4255250_CDS_0062	42626	43672	+	SRR35809336_ctg10687|provirus_4211115_4255250	156.6	00	1	91.0	0.222	4.2740000000000004e-21	No_PHROGs_HMM	No_PHROGs_HMM	No_PHROGs_HMM	No_custom_HMM	No_custom_HMM	No_custom_HMM	1	ab initio prediction:Pyrodigal-gv:0.3.2	CDS	#fea328	integrase	integration and excision	None	None	None	None	None	None	None	None	None	None	None	None	None	None	None	None	None	None	None	11
SRR35809336_ctg10687|provirus_4211115_4255250_CDS_0063	44136	43828	-	SRR35809336_ctg10687|provirus_4211115_4255250	33.7	01	No_PHROG	No_PHROG	No_PHROG	No_PHROG	No_PHROGs_HMM	No_PHROGs_HMM	No_PHROGs_HMM	No_custom_HMM	No_custom_HMM	No_custom_HMM	No_PHROG	ab initio prediction:Pyrodigal-gv:0.3.2	CDS	None	hypothetical protein	unknown function	None	None	None	None	None	None	None	None	None	None	None	None	None	None	None	None	None	None	None	11
