#Annotated with Bakta v1.12.0, https://github.com/oschwengers/bakta
#Database v6.0, https://doi.org/10.5281/zenodo.4247252
#Sequence Id	Start	Stop	Strand	Locus Tag	Mol Weight [kDa]	Iso El. Point	Pfam hits	Dbxrefs
SRR35809336_ctg8014_Candidatus_Viadribacter_manganicus_length=3616199_coverage=165.86_circular=yes	1	582	+	HNGIBB_00001	20.3	6.1	PF00742.24|Homoserine_dh, PF01842.31|ACT	PFAM:PF00742.24, PFAM:PF01842.31
SRR35809336_ctg8014_Candidatus_Viadribacter_manganicus_length=3616199_coverage=165.86_circular=yes	1611	1970	+	HNGIBB_00003	12.1	8.6		
SRR35809336_ctg8014_Candidatus_Viadribacter_manganicus_length=3616199_coverage=165.86_circular=yes	3841	4050	-	HNGIBB_00005	7.5	9.3		
SRR35809336_ctg8014_Candidatus_Viadribacter_manganicus_length=3616199_coverage=165.86_circular=yes	5035	5364	-	HNGIBB_00009	11.4	5.3		
SRR35809336_ctg8014_Candidatus_Viadribacter_manganicus_length=3616199_coverage=165.86_circular=yes	5425	5568	-	HNGIBB_00010	4.6	10.3		
SRR35809336_ctg8014_Candidatus_Viadribacter_manganicus_length=3616199_coverage=165.86_circular=yes	8416	8955	+	HNGIBB_00014	18.1	5.0		
SRR35809336_ctg8014_Candidatus_Viadribacter_manganicus_length=3616199_coverage=165.86_circular=yes	9136	10068	+	HNGIBB_00016	34.1	5.6	PF13640.12|2OG-FeII_Oxy_3	PFAM:PF13640.12
SRR35809336_ctg8014_Candidatus_Viadribacter_manganicus_length=3616199_coverage=165.86_circular=yes	12133	14556	+	HNGIBB_00018	88.5	4.3	PF00593.30|TonB_dep_Rec_b-barrel, PF07715.20|Plug	PFAM:PF00593.30, PFAM:PF07715.20
SRR35809336_ctg8014_Candidatus_Viadribacter_manganicus_length=3616199_coverage=165.86_circular=yes	16241	16681	+	HNGIBB_00022	15.9	10.7		
SRR35809336_ctg8014_Candidatus_Viadribacter_manganicus_length=3616199_coverage=165.86_circular=yes	17889	18251	+	HNGIBB_00024	13.1	11.6		
SRR35809336_ctg8014_Candidatus_Viadribacter_manganicus_length=3616199_coverage=165.86_circular=yes	18248	18580	+	HNGIBB_00025	12.5	5.1	PF12680.13|SnoaL_2	PFAM:PF12680.13
SRR35809336_ctg8014_Candidatus_Viadribacter_manganicus_length=3616199_coverage=165.86_circular=yes	19241	19495	+	HNGIBB_00027	8.9	11.6		
SRR35809336_ctg8014_Candidatus_Viadribacter_manganicus_length=3616199_coverage=165.86_circular=yes	20812	21165	+	HNGIBB_00029	13.0	6.5		
SRR35809336_ctg8014_Candidatus_Viadribacter_manganicus_length=3616199_coverage=165.86_circular=yes	21172	21477	+	HNGIBB_00030	10.9	6.1	PF03795.20|YCII	PFAM:PF03795.20
SRR35809336_ctg8014_Candidatus_Viadribacter_manganicus_length=3616199_coverage=165.86_circular=yes	21541	21696	-	HNGIBB_00031	6.2	6.2		
SRR35809336_ctg8014_Candidatus_Viadribacter_manganicus_length=3616199_coverage=165.86_circular=yes	38405	39712	+	HNGIBB_00047	46.8	6.1	PF00005.33|ABC_tran, PF06271.18|RDD, PF13304.12|AAA_21	PFAM:PF00005.33, PFAM:PF06271.18, PFAM:PF13304.12
SRR35809336_ctg8014_Candidatus_Viadribacter_manganicus_length=3616199_coverage=165.86_circular=yes	45892	47733	-	HNGIBB_00051	65.1	6.2	PF00561.26|Abhydrolase_1	PFAM:PF00561.26
SRR35809336_ctg8014_Candidatus_Viadribacter_manganicus_length=3616199_coverage=165.86_circular=yes	70066	70632	-	HNGIBB_00073	18.5	4.1		
SRR35809336_ctg8014_Candidatus_Viadribacter_manganicus_length=3616199_coverage=165.86_circular=yes	72302	74293	-	HNGIBB_00075	70.9	5.1	PF13145.12|Rotamase_2, PF13623.11|SurA_N_2, PF13624.11|SurA_N_3	PFAM:PF13145.12, PFAM:PF13623.11, PFAM:PF13624.11
SRR35809336_ctg8014_Candidatus_Viadribacter_manganicus_length=3616199_coverage=165.86_circular=yes	75231	75980	+	HNGIBB_00077	24.9	5.8		
SRR35809336_ctg8014_Candidatus_Viadribacter_manganicus_length=3616199_coverage=165.86_circular=yes	79245	79856	+	HNGIBB_00081	20.3	5.4	PF10988.14|DUF2807	PFAM:PF10988.14
SRR35809336_ctg8014_Candidatus_Viadribacter_manganicus_length=3616199_coverage=165.86_circular=yes	79868	80485	+	HNGIBB_00082	21.1	5.2	PF10988.14|DUF2807	PFAM:PF10988.14
SRR35809336_ctg8014_Candidatus_Viadribacter_manganicus_length=3616199_coverage=165.86_circular=yes	82567	83034	-	HNGIBB_00086	16.9	4.3		
SRR35809336_ctg8014_Candidatus_Viadribacter_manganicus_length=3616199_coverage=165.86_circular=yes	83625	83750	+	HNGIBB_00088	4.4	5.8		
SRR35809336_ctg8014_Candidatus_Viadribacter_manganicus_length=3616199_coverage=165.86_circular=yes	83793	84074	+	HNGIBB_00089	9.4	4.1		
SRR35809336_ctg8014_Candidatus_Viadribacter_manganicus_length=3616199_coverage=165.86_circular=yes	84169	84351	+	HNGIBB_00090	7.0	11.0		
SRR35809336_ctg8014_Candidatus_Viadribacter_manganicus_length=3616199_coverage=165.86_circular=yes	84354	84893	+	HNGIBB_00091	19.1	4.3		
SRR35809336_ctg8014_Candidatus_Viadribacter_manganicus_length=3616199_coverage=165.86_circular=yes	86494	88101	+	HNGIBB_00093	56.8	6.1	PF00512.31|HisKA, PF02518.31|HATPase_c, PF05231.19|MASE1	PFAM:PF00512.31, PFAM:PF02518.31, PFAM:PF05231.19
SRR35809336_ctg8014_Candidatus_Viadribacter_manganicus_length=3616199_coverage=165.86_circular=yes	88098	88646	-	HNGIBB_00094	20.2	7.8	PF05995.18|CDO_I	PFAM:PF05995.18
SRR35809336_ctg8014_Candidatus_Viadribacter_manganicus_length=3616199_coverage=165.86_circular=yes	89253	89645	+	HNGIBB_00095	14.7	10.8		
SRR35809336_ctg8014_Candidatus_Viadribacter_manganicus_length=3616199_coverage=165.86_circular=yes	89642	90904	-	HNGIBB_00096	46.2	6.9	PF08239.17|SH3_3, PF13676.11|TIR_2	PFAM:PF08239.17, PFAM:PF13676.11
SRR35809336_ctg8014_Candidatus_Viadribacter_manganicus_length=3616199_coverage=165.86_circular=yes	91056	91151	+	HNGIBB_00097	3.3	8.0		
SRR35809336_ctg8014_Candidatus_Viadribacter_manganicus_length=3616199_coverage=165.86_circular=yes	96822	97271	+	HNGIBB_00105	15.2	6.2		
SRR35809336_ctg8014_Candidatus_Viadribacter_manganicus_length=3616199_coverage=165.86_circular=yes	97375	97857	+	HNGIBB_00106	16.7	4.7		
SRR35809336_ctg8014_Candidatus_Viadribacter_manganicus_length=3616199_coverage=165.86_circular=yes	97877	98311	+	HNGIBB_00107	14.9	6.8		
SRR35809336_ctg8014_Candidatus_Viadribacter_manganicus_length=3616199_coverage=165.86_circular=yes	98308	99162	-	HNGIBB_00108	31.8	9.3	PF00072.30|Response_reg	PFAM:PF00072.30
SRR35809336_ctg8014_Candidatus_Viadribacter_manganicus_length=3616199_coverage=165.86_circular=yes	99976	100518	+	HNGIBB_00110	19.6	7.8		
SRR35809336_ctg8014_Candidatus_Viadribacter_manganicus_length=3616199_coverage=165.86_circular=yes	101968	102279	+	HNGIBB_00112	11.3	8.9		
SRR35809336_ctg8014_Candidatus_Viadribacter_manganicus_length=3616199_coverage=165.86_circular=yes	112123	113502	+	HNGIBB_00121	49.8	6.4	PF00072.30|Response_reg, PF00158.32|Sigma54_activat, PF02954.25|HTH_8, PF14532.12|Sigma54_activ_2	PFAM:PF00072.30, PFAM:PF00158.32, PFAM:PF02954.25, PFAM:PF14532.12
SRR35809336_ctg8014_Candidatus_Viadribacter_manganicus_length=3616199_coverage=165.86_circular=yes	122091	122738	+	HNGIBB_00129	24.0	6.1		
SRR35809336_ctg8014_Candidatus_Viadribacter_manganicus_length=3616199_coverage=165.86_circular=yes	122735	123508	-	HNGIBB_00130	28.6	5.7		
SRR35809336_ctg8014_Candidatus_Viadribacter_manganicus_length=3616199_coverage=165.86_circular=yes	129746	130693	+	HNGIBB_00138	33.9	8.1	PF08241.18|Methyltransf_11, PF13489.12|Methyltransf_23	PFAM:PF08241.18, PFAM:PF13489.12
SRR35809336_ctg8014_Candidatus_Viadribacter_manganicus_length=3616199_coverage=165.86_circular=yes	140929	141723	+	HNGIBB_00146	30.2	9.6	PF00535.33|Glycos_transf_2	PFAM:PF00535.33
SRR35809336_ctg8014_Candidatus_Viadribacter_manganicus_length=3616199_coverage=165.86_circular=yes	145223	145705	+	HNGIBB_00151	18.2	5.9		
SRR35809336_ctg8014_Candidatus_Viadribacter_manganicus_length=3616199_coverage=165.86_circular=yes	145690	147003	+	HNGIBB_00152	49.6	9.1		
SRR35809336_ctg8014_Candidatus_Viadribacter_manganicus_length=3616199_coverage=165.86_circular=yes	147020	148375	+	HNGIBB_00153	48.7	5.5		
SRR35809336_ctg8014_Candidatus_Viadribacter_manganicus_length=3616199_coverage=165.86_circular=yes	148514	148720	+	HNGIBB_00154	7.7	8.9		
SRR35809336_ctg8014_Candidatus_Viadribacter_manganicus_length=3616199_coverage=165.86_circular=yes	148921	149673	-	HNGIBB_00155	28.4	6.8		
SRR35809336_ctg8014_Candidatus_Viadribacter_manganicus_length=3616199_coverage=165.86_circular=yes	151122	151406	-	HNGIBB_00157	10.9	4.8		
SRR35809336_ctg8014_Candidatus_Viadribacter_manganicus_length=3616199_coverage=165.86_circular=yes	151545	151679	+	HNGIBB_00158	4.8	10.1		
SRR35809336_ctg8014_Candidatus_Viadribacter_manganicus_length=3616199_coverage=165.86_circular=yes	151871	152278	-	HNGIBB_00159	15.3	9.4		
SRR35809336_ctg8014_Candidatus_Viadribacter_manganicus_length=3616199_coverage=165.86_circular=yes	152275	152664	-	HNGIBB_00160	13.9	8.9		
SRR35809336_ctg8014_Candidatus_Viadribacter_manganicus_length=3616199_coverage=165.86_circular=yes	152661	152873	-	HNGIBB_00161	7.5	8.0		
SRR35809336_ctg8014_Candidatus_Viadribacter_manganicus_length=3616199_coverage=165.86_circular=yes	152870	153487	-	HNGIBB_00162	22.2	8.2		
SRR35809336_ctg8014_Candidatus_Viadribacter_manganicus_length=3616199_coverage=165.86_circular=yes	153472	153927	-	HNGIBB_00163	16.7	5.1		
SRR35809336_ctg8014_Candidatus_Viadribacter_manganicus_length=3616199_coverage=165.86_circular=yes	154318	157029	-	HNGIBB_00164	100.1	5.8		
SRR35809336_ctg8014_Candidatus_Viadribacter_manganicus_length=3616199_coverage=165.86_circular=yes	157026	157232	-	HNGIBB_00165	7.6	8.1	PF12728.13|HTH_17	PFAM:PF12728.13
SRR35809336_ctg8014_Candidatus_Viadribacter_manganicus_length=3616199_coverage=165.86_circular=yes	158884	159189	-	HNGIBB_00167	11.4	10.0		
SRR35809336_ctg8014_Candidatus_Viadribacter_manganicus_length=3616199_coverage=165.86_circular=yes	159285	159554	-	HNGIBB_00168	9.8	9.5	PF00216.26|Bac_DNA_binding	PFAM:PF00216.26
SRR35809336_ctg8014_Candidatus_Viadribacter_manganicus_length=3616199_coverage=165.86_circular=yes	162355	163890	-	HNGIBB_00170	55.5	5.5	PF00144.29|Beta-lactamase, PF07719.23|TPR_2, PF13428.12|TPR_14, PF13432.12|TPR_16	PFAM:PF00144.29, PFAM:PF07719.23, PFAM:PF13428.12, PFAM:PF13432.12
SRR35809336_ctg8014_Candidatus_Viadribacter_manganicus_length=3616199_coverage=165.86_circular=yes	165504	166292	-	HNGIBB_00172	28.7	7.9		
SRR35809336_ctg8014_Candidatus_Viadribacter_manganicus_length=3616199_coverage=165.86_circular=yes	166399	167301	-	HNGIBB_00173	33.0	4.7		
SRR35809336_ctg8014_Candidatus_Viadribacter_manganicus_length=3616199_coverage=165.86_circular=yes	169962	170645	-	HNGIBB_00177	25.5	6.2		
SRR35809336_ctg8014_Candidatus_Viadribacter_manganicus_length=3616199_coverage=165.86_circular=yes	172193	172765	-	HNGIBB_00179	20.7	5.2	PF00300.27|His_Phos_1	PFAM:PF00300.27
SRR35809336_ctg8014_Candidatus_Viadribacter_manganicus_length=3616199_coverage=165.86_circular=yes	174861	175241	-	HNGIBB_00182	13.3	7.8		
SRR35809336_ctg8014_Candidatus_Viadribacter_manganicus_length=3616199_coverage=165.86_circular=yes	175357	175836	-	HNGIBB_00183	16.3	4.1	PF13505.12|OMP_b-brl	PFAM:PF13505.12
SRR35809336_ctg8014_Candidatus_Viadribacter_manganicus_length=3616199_coverage=165.86_circular=yes	178119	178325	-	HNGIBB_00185	7.4	9.6	PF00313.28|CSD	PFAM:PF00313.28
SRR35809336_ctg8014_Candidatus_Viadribacter_manganicus_length=3616199_coverage=165.86_circular=yes	178322	178753	-	HNGIBB_00186	15.0	9.7	PF02469.27|Fasciclin	PFAM:PF02469.27
SRR35809336_ctg8014_Candidatus_Viadribacter_manganicus_length=3616199_coverage=165.86_circular=yes	178811	179005	-	HNGIBB_00187	7.3	9.3		
SRR35809336_ctg8014_Candidatus_Viadribacter_manganicus_length=3616199_coverage=165.86_circular=yes	179002	179211	-	HNGIBB_00188	7.6	10.6		
SRR35809336_ctg8014_Candidatus_Viadribacter_manganicus_length=3616199_coverage=165.86_circular=yes	179227	179430	-	HNGIBB_00189	7.2	6.0		
SRR35809336_ctg8014_Candidatus_Viadribacter_manganicus_length=3616199_coverage=165.86_circular=yes	179665	179853	+	HNGIBB_00190	6.5	6.7		
SRR35809336_ctg8014_Candidatus_Viadribacter_manganicus_length=3616199_coverage=165.86_circular=yes	180065	181603	+	HNGIBB_00191	56.9	9.5	PF00270.35|DEAD, PF00271.37|Helicase_C	PFAM:PF00270.35, PFAM:PF00271.37
SRR35809336_ctg8014_Candidatus_Viadribacter_manganicus_length=3616199_coverage=165.86_circular=yes	185709	185978	+	HNGIBB_00195	10.0	4.4		
SRR35809336_ctg8014_Candidatus_Viadribacter_manganicus_length=3616199_coverage=165.86_circular=yes	189912	190229	-	HNGIBB_00202	11.4	9.1		
SRR35809336_ctg8014_Candidatus_Viadribacter_manganicus_length=3616199_coverage=165.86_circular=yes	190205	190690	-	HNGIBB_00203	16.8	4.3		
SRR35809336_ctg8014_Candidatus_Viadribacter_manganicus_length=3616199_coverage=165.86_circular=yes	190701	191396	-	HNGIBB_00204	23.6	4.1		
SRR35809336_ctg8014_Candidatus_Viadribacter_manganicus_length=3616199_coverage=165.86_circular=yes	195411	196184	-	HNGIBB_00209	29.5	6.1		
SRR35809336_ctg8014_Candidatus_Viadribacter_manganicus_length=3616199_coverage=165.86_circular=yes	198399	198815	-	HNGIBB_00212	15.0	4.8		
SRR35809336_ctg8014_Candidatus_Viadribacter_manganicus_length=3616199_coverage=165.86_circular=yes	205460	205885	-	HNGIBB_00218	15.6	5.2		
SRR35809336_ctg8014_Candidatus_Viadribacter_manganicus_length=3616199_coverage=165.86_circular=yes	213732	213929	-	HNGIBB_00230	7.2	6.0		
SRR35809336_ctg8014_Candidatus_Viadribacter_manganicus_length=3616199_coverage=165.86_circular=yes	215320	216657	-	HNGIBB_00232	45.6	5.9	PF13194.11|DUF4010	PFAM:PF13194.11, SO:0001217, UniRef:UniRef50_A0A1B1AMU9
SRR35809336_ctg8014_Candidatus_Viadribacter_manganicus_length=3616199_coverage=165.86_circular=yes	217008	217868	+	HNGIBB_00233	31.4	10.0	PF01656.29|CbiA, PF09140.17|MipZ, PF13614.12|AAA_31	PFAM:PF01656.29, PFAM:PF09140.17, PFAM:PF13614.12
SRR35809336_ctg8014_Candidatus_Viadribacter_manganicus_length=3616199_coverage=165.86_circular=yes	220577	221119	-	HNGIBB_00239	19.0	5.9		
SRR35809336_ctg8014_Candidatus_Viadribacter_manganicus_length=3616199_coverage=165.86_circular=yes	221217	222026	-	HNGIBB_00240	28.6	5.2	PF00326.27|Peptidase_S9, PF07859.19|Abhydrolase_3, PF12146.15|Hydrolase_4, PF20434.5|BD-FAE	PFAM:PF00326.27, PFAM:PF07859.19, PFAM:PF12146.15, PFAM:PF20434.5
SRR35809336_ctg8014_Candidatus_Viadribacter_manganicus_length=3616199_coverage=165.86_circular=yes	222029	222550	-	HNGIBB_00241	17.4	4.4		
SRR35809336_ctg8014_Candidatus_Viadribacter_manganicus_length=3616199_coverage=165.86_circular=yes	225753	226292	-	HNGIBB_00245	19.9	4.8		
SRR35809336_ctg8014_Candidatus_Viadribacter_manganicus_length=3616199_coverage=165.86_circular=yes	226289	226858	-	HNGIBB_00246	20.5	4.9		
SRR35809336_ctg8014_Candidatus_Viadribacter_manganicus_length=3616199_coverage=165.86_circular=yes	226927	227688	-	HNGIBB_00247	27.7	7.1	PF00515.34|TPR_1, PF07719.23|TPR_2, PF12895.13|ANAPC3, PF13181.12|TPR_8, PF13424.12|TPR_12, PF13428.12|TPR_14, PF13431.12|TPR_17, PF13432.12|TPR_16, PF14559.12|TPR_19	PFAM:PF00515.34, PFAM:PF07719.23, PFAM:PF12895.13, PFAM:PF13181.12, PFAM:PF13424.12, PFAM:PF13428.12, PFAM:PF13431.12, PFAM:PF13432.12, PFAM:PF14559.12
SRR35809336_ctg8014_Candidatus_Viadribacter_manganicus_length=3616199_coverage=165.86_circular=yes	230014	231813	-	HNGIBB_00250	66.1	7.3	PF00515.34|TPR_1, PF07719.23|TPR_2, PF07721.20|TPR_4, PF12895.13|ANAPC3, PF13176.12|TPR_7, PF13181.12|TPR_8, PF13414.12|TPR_11, PF13424.12|TPR_12, PF13428.12|TPR_14, PF13429.12|TPR_15, PF13432.12|TPR_16, PF13759.12|2OG-FeII_Oxy_5, PF14559.12|TPR_19, PF20308.4|TPR-S	PFAM:PF00515.34, PFAM:PF07719.23, PFAM:PF07721.20, PFAM:PF12895.13, PFAM:PF13176.12, PFAM:PF13181.12, PFAM:PF13414.12, PFAM:PF13424.12, PFAM:PF13428.12, PFAM:PF13429.12, PFAM:PF13432.12, PFAM:PF13759.12, PFAM:PF14559.12, PFAM:PF20308.4, SO:0001217, UniRef:UniRef50_A0A2W4Z4E1
SRR35809336_ctg8014_Candidatus_Viadribacter_manganicus_length=3616199_coverage=165.86_circular=yes	234455	235861	-	HNGIBB_00255	50.5	5.7	PF01979.26|Amidohydro_1, PF07969.17|Amidohydro_3	PFAM:PF01979.26, PFAM:PF07969.17
SRR35809336_ctg8014_Candidatus_Viadribacter_manganicus_length=3616199_coverage=165.86_circular=yes	237287	237697	+	HNGIBB_00257	14.8	5.3	PF00903.31|Glyoxalase, PF18029.7|Glyoxalase_6	PFAM:PF00903.31, PFAM:PF18029.7
SRR35809336_ctg8014_Candidatus_Viadribacter_manganicus_length=3616199_coverage=165.86_circular=yes	238598	239731	+	HNGIBB_00259	41.2	5.3	PF04024.17|PspC	PFAM:PF04024.17
SRR35809336_ctg8014_Candidatus_Viadribacter_manganicus_length=3616199_coverage=165.86_circular=yes	239788	240216	-	HNGIBB_00260	16.0	6.6		
SRR35809336_ctg8014_Candidatus_Viadribacter_manganicus_length=3616199_coverage=165.86_circular=yes	251886	252422	-	HNGIBB_00273	19.1	5.1	PF01288.25|HPPK	PFAM:PF01288.25
SRR35809336_ctg8014_Candidatus_Viadribacter_manganicus_length=3616199_coverage=165.86_circular=yes	253699	254559	-	HNGIBB_00276	31.0	4.8	PF00515.34|TPR_1, PF07719.23|TPR_2, PF13181.12|TPR_8, PF13371.12|TPR_9, PF13414.12|TPR_11, PF13424.12|TPR_12, PF13431.12|TPR_17	PFAM:PF00515.34, PFAM:PF07719.23, PFAM:PF13181.12, PFAM:PF13371.12, PFAM:PF13414.12, PFAM:PF13424.12, PFAM:PF13431.12
SRR35809336_ctg8014_Candidatus_Viadribacter_manganicus_length=3616199_coverage=165.86_circular=yes	261566	262108	+	HNGIBB_00282	19.6	9.9		SO:0001217, UniRef:UniRef50_A0A9D6KYX0
SRR35809336_ctg8014_Candidatus_Viadribacter_manganicus_length=3616199_coverage=165.86_circular=yes	264365	265027	+	HNGIBB_00285	23.7	4.7		
SRR35809336_ctg8014_Candidatus_Viadribacter_manganicus_length=3616199_coverage=165.86_circular=yes	271399	272448	+	HNGIBB_00292	38.9	6.3		
SRR35809336_ctg8014_Candidatus_Viadribacter_manganicus_length=3616199_coverage=165.86_circular=yes	272498	273475	+	HNGIBB_00293	34.2	6.3	PF01344.31|Kelch_1, PF07646.21|Kelch_2, PF13418.12|Kelch_4, PF13854.12|Kelch_5, PF13964.12|Kelch_6	PFAM:PF01344.31, PFAM:PF07646.21, PFAM:PF13418.12, PFAM:PF13854.12, PFAM:PF13964.12
SRR35809336_ctg8014_Candidatus_Viadribacter_manganicus_length=3616199_coverage=165.86_circular=yes	275160	275777	+	HNGIBB_00296	22.4	4.6		
SRR35809336_ctg8014_Candidatus_Viadribacter_manganicus_length=3616199_coverage=165.86_circular=yes	275883	276668	+	HNGIBB_00297	28.2	5.2	PF02900.23|LigB	PFAM:PF02900.23
SRR35809336_ctg8014_Candidatus_Viadribacter_manganicus_length=3616199_coverage=165.86_circular=yes	279646	280629	-	HNGIBB_00299	37.0	5.5		
SRR35809336_ctg8014_Candidatus_Viadribacter_manganicus_length=3616199_coverage=165.86_circular=yes	280629	281591	-	HNGIBB_00300	35.0	8.8		
SRR35809336_ctg8014_Candidatus_Viadribacter_manganicus_length=3616199_coverage=165.86_circular=yes	281640	282425	-	HNGIBB_00301	28.4	6.0	PF00903.31|Glyoxalase, PF13468.12|Glyoxalase_3	PFAM:PF00903.31, PFAM:PF13468.12
SRR35809336_ctg8014_Candidatus_Viadribacter_manganicus_length=3616199_coverage=165.86_circular=yes	282422	282847	-	HNGIBB_00302	15.2	6.7		
SRR35809336_ctg8014_Candidatus_Viadribacter_manganicus_length=3616199_coverage=165.86_circular=yes	286036	286872	-	HNGIBB_00305	30.8	4.6	PF09346.15|SMI1_KNR4, PF14567.11|SUKH_5, PF14568.11|SUKH_6	PFAM:PF09346.15, PFAM:PF14567.11, PFAM:PF14568.11
SRR35809336_ctg8014_Candidatus_Viadribacter_manganicus_length=3616199_coverage=165.86_circular=yes	286951	287364	-	HNGIBB_00306	14.4	6.5	PF03994.20|DUF350	PFAM:PF03994.20
SRR35809336_ctg8014_Candidatus_Viadribacter_manganicus_length=3616199_coverage=165.86_circular=yes	287509	287730	-	HNGIBB_00307	7.9	5.2		
SRR35809336_ctg8014_Candidatus_Viadribacter_manganicus_length=3616199_coverage=165.86_circular=yes	287988	288488	+	HNGIBB_00308	18.9	11.8		
SRR35809336_ctg8014_Candidatus_Viadribacter_manganicus_length=3616199_coverage=165.86_circular=yes	289900	290019	-	HNGIBB_00311	4.3	7.9		
SRR35809336_ctg8014_Candidatus_Viadribacter_manganicus_length=3616199_coverage=165.86_circular=yes	294706	296001	+	HNGIBB_00316	43.9	10.2	PF01782.24|RimM, PF24986.1|PRC_RimM	PFAM:PF01782.24, PFAM:PF24986.1
SRR35809336_ctg8014_Candidatus_Viadribacter_manganicus_length=3616199_coverage=165.86_circular=yes	296688	297224	-	HNGIBB_00318	18.2	4.9		
SRR35809336_ctg8014_Candidatus_Viadribacter_manganicus_length=3616199_coverage=165.86_circular=yes	297339	297854	+	HNGIBB_00319	18.0	5.4		SO:0001217, UniRef:UniRef50_A0A1B1ADP9
SRR35809336_ctg8014_Candidatus_Viadribacter_manganicus_length=3616199_coverage=165.86_circular=yes	303066	303581	-	HNGIBB_00326	18.4	4.8	PF00085.26|Thioredoxin, PF00578.27|AhpC-TSA, PF08534.16|Redoxin, PF13905.12|Thioredoxin_8	PFAM:PF00085.26, PFAM:PF00578.27, PFAM:PF08534.16, PFAM:PF13905.12
SRR35809336_ctg8014_Candidatus_Viadribacter_manganicus_length=3616199_coverage=165.86_circular=yes	303578	303715	-	HNGIBB_00327	5.1	9.7		
SRR35809336_ctg8014_Candidatus_Viadribacter_manganicus_length=3616199_coverage=165.86_circular=yes	306878	308194	-	HNGIBB_00332	44.2	5.0		
SRR35809336_ctg8014_Candidatus_Viadribacter_manganicus_length=3616199_coverage=165.86_circular=yes	311253	311999	+	HNGIBB_00334	27.6	9.9		
SRR35809336_ctg8014_Candidatus_Viadribacter_manganicus_length=3616199_coverage=165.86_circular=yes	316963	317274	+	HNGIBB_00339	12.1	10.0		
SRR35809336_ctg8014_Candidatus_Viadribacter_manganicus_length=3616199_coverage=165.86_circular=yes	317333	318106	-	HNGIBB_00340	28.1	9.3		
SRR35809336_ctg8014_Candidatus_Viadribacter_manganicus_length=3616199_coverage=165.86_circular=yes	318155	318274	+	HNGIBB_00341	4.4	9.6		
SRR35809336_ctg8014_Candidatus_Viadribacter_manganicus_length=3616199_coverage=165.86_circular=yes	318363	320819	+	HNGIBB_00342	89.8	4.8	PF00905.27|Transpeptidase, PF00912.28|Transgly	PFAM:PF00905.27, PFAM:PF00912.28
SRR35809336_ctg8014_Candidatus_Viadribacter_manganicus_length=3616199_coverage=165.86_circular=yes	320903	322987	+	HNGIBB_00343	75.5	5.5	PF00326.27|Peptidase_S9, PF00561.26|Abhydrolase_1, PF01738.24|DLH, PF12146.15|Hydrolase_4, PF12697.13|Abhydrolase_6, PF20434.5|BD-FAE	PFAM:PF00326.27, PFAM:PF00561.26, PFAM:PF01738.24, PFAM:PF12146.15, PFAM:PF12697.13, PFAM:PF20434.5
SRR35809336_ctg8014_Candidatus_Viadribacter_manganicus_length=3616199_coverage=165.86_circular=yes	323066	324493	+	HNGIBB_00344	52.0	5.5	PF01979.26|Amidohydro_1, PF07969.17|Amidohydro_3	PFAM:PF01979.26, PFAM:PF07969.17
SRR35809336_ctg8014_Candidatus_Viadribacter_manganicus_length=3616199_coverage=165.86_circular=yes	325116	325889	-	HNGIBB_00346	29.5	10.0		
SRR35809336_ctg8014_Candidatus_Viadribacter_manganicus_length=3616199_coverage=165.86_circular=yes	337399	337665	+	HNGIBB_00356	9.5	10.3		
SRR35809336_ctg8014_Candidatus_Viadribacter_manganicus_length=3616199_coverage=165.86_circular=yes	337662	338783	-	HNGIBB_00357	40.9	9.9	PF01757.29|Acyl_transf_3	PFAM:PF01757.29
SRR35809336_ctg8014_Candidatus_Viadribacter_manganicus_length=3616199_coverage=165.86_circular=yes	341941	342141	+	HNGIBB_00361	7.5	6.6		
SRR35809336_ctg8014_Candidatus_Viadribacter_manganicus_length=3616199_coverage=165.86_circular=yes	349397	349972	-	HNGIBB_00368	20.8	5.1		
SRR35809336_ctg8014_Candidatus_Viadribacter_manganicus_length=3616199_coverage=165.86_circular=yes	350035	351039	-	HNGIBB_00369	36.7	8.8	PF14300.12|DMP19	PFAM:PF14300.12
SRR35809336_ctg8014_Candidatus_Viadribacter_manganicus_length=3616199_coverage=165.86_circular=yes	358081	360384	+	HNGIBB_00374	86.2	6.0	PF20833.2|RNase_E_G_Thio	PFAM:PF20833.2
SRR35809336_ctg8014_Candidatus_Viadribacter_manganicus_length=3616199_coverage=165.86_circular=yes	362632	363381	-	HNGIBB_00377	27.0	6.0	PF00494.24|SQS_PSY	PFAM:PF00494.24
SRR35809336_ctg8014_Candidatus_Viadribacter_manganicus_length=3616199_coverage=165.86_circular=yes	367373	368437	-	HNGIBB_00382	38.2	8.8	PF01476.26|LysM, PF01551.29|Peptidase_M23	PFAM:PF01476.26, PFAM:PF01551.29
SRR35809336_ctg8014_Candidatus_Viadribacter_manganicus_length=3616199_coverage=165.86_circular=yes	374781	375080	-	HNGIBB_00390	11.2	7.6	PF04828.22|GFA	PFAM:PF04828.22
SRR35809336_ctg8014_Candidatus_Viadribacter_manganicus_length=3616199_coverage=165.86_circular=yes	378687	379238	+	HNGIBB_00394	19.6	5.6	PF00805.28|Pentapeptide, PF13576.12|Pentapeptide_3, PF13599.12|Pentapeptide_4	PFAM:PF00805.28, PFAM:PF13576.12, PFAM:PF13599.12
SRR35809336_ctg8014_Candidatus_Viadribacter_manganicus_length=3616199_coverage=165.86_circular=yes	381328	381579	+	HNGIBB_00396	9.0	9.9		
SRR35809336_ctg8014_Candidatus_Viadribacter_manganicus_length=3616199_coverage=165.86_circular=yes	382215	383171	+	HNGIBB_00398	33.6	4.7		
SRR35809336_ctg8014_Candidatus_Viadribacter_manganicus_length=3616199_coverage=165.86_circular=yes	386523	386774	-	HNGIBB_00401	9.3	5.3		
SRR35809336_ctg8014_Candidatus_Viadribacter_manganicus_length=3616199_coverage=165.86_circular=yes	394108	394416	-	HNGIBB_00408	10.7	4.8		
SRR35809336_ctg8014_Candidatus_Viadribacter_manganicus_length=3616199_coverage=165.86_circular=yes	394503	396308	-	HNGIBB_00409	65.2	5.1	PF00753.33|Lactamase_B, PF01590.32|GAF, PF12706.13|Lactamase_B_2, PF13185.12|GAF_2	PFAM:PF00753.33, PFAM:PF01590.32, PFAM:PF12706.13, PFAM:PF13185.12
SRR35809336_ctg8014_Candidatus_Viadribacter_manganicus_length=3616199_coverage=165.86_circular=yes	397281	397412	+	HNGIBB_00411	4.3	10.8		
SRR35809336_ctg8014_Candidatus_Viadribacter_manganicus_length=3616199_coverage=165.86_circular=yes	397965	398261	-	HNGIBB_00413	10.3	4.8	PF11720.13|Inhibitor_I78	PFAM:PF11720.13
SRR35809336_ctg8014_Candidatus_Viadribacter_manganicus_length=3616199_coverage=165.86_circular=yes	398962	399288	-	HNGIBB_00416	11.9	6.5	PF11720.13|Inhibitor_I78	PFAM:PF11720.13
SRR35809336_ctg8014_Candidatus_Viadribacter_manganicus_length=3616199_coverage=165.86_circular=yes	409109	409453	-	HNGIBB_00425	13.1	7.8		
SRR35809336_ctg8014_Candidatus_Viadribacter_manganicus_length=3616199_coverage=165.86_circular=yes	411056	411373	+	HNGIBB_00428	10.9	10.5		
SRR35809336_ctg8014_Candidatus_Viadribacter_manganicus_length=3616199_coverage=165.86_circular=yes	415432	415770	-	HNGIBB_00434	12.3	4.9		
SRR35809336_ctg8014_Candidatus_Viadribacter_manganicus_length=3616199_coverage=165.86_circular=yes	416752	417435	-	HNGIBB_00436	24.4	6.8	PF03544.19|TonB_C	PFAM:PF03544.19
SRR35809336_ctg8014_Candidatus_Viadribacter_manganicus_length=3616199_coverage=165.86_circular=yes	425192	425680	+	HNGIBB_00445	18.5	4.7		
SRR35809336_ctg8014_Candidatus_Viadribacter_manganicus_length=3616199_coverage=165.86_circular=yes	425677	425955	-	HNGIBB_00446	10.7	8.6		
SRR35809336_ctg8014_Candidatus_Viadribacter_manganicus_length=3616199_coverage=165.86_circular=yes	426895	427623	-	HNGIBB_00449	26.8	8.9		
SRR35809336_ctg8014_Candidatus_Viadribacter_manganicus_length=3616199_coverage=165.86_circular=yes	429167	430123	-	HNGIBB_00451	34.6	5.6	PF00753.33|Lactamase_B	PFAM:PF00753.33
SRR35809336_ctg8014_Candidatus_Viadribacter_manganicus_length=3616199_coverage=165.86_circular=yes	434842	435609	+	HNGIBB_00456	28.4	6.0		
SRR35809336_ctg8014_Candidatus_Viadribacter_manganicus_length=3616199_coverage=165.86_circular=yes	435684	436373	+	HNGIBB_00457	24.8	4.7		
SRR35809336_ctg8014_Candidatus_Viadribacter_manganicus_length=3616199_coverage=165.86_circular=yes	437018	437743	+	HNGIBB_00459	25.9	5.2		
SRR35809336_ctg8014_Candidatus_Viadribacter_manganicus_length=3616199_coverage=165.86_circular=yes	442222	442611	-	HNGIBB_00464	13.1	5.5		SO:0001217, UniRef:UniRef50_A0A1B1AE22
SRR35809336_ctg8014_Candidatus_Viadribacter_manganicus_length=3616199_coverage=165.86_circular=yes	443648	443956	-	HNGIBB_00467	10.3	11.1		
SRR35809336_ctg8014_Candidatus_Viadribacter_manganicus_length=3616199_coverage=165.86_circular=yes	444469	444867	-	HNGIBB_00469	14.3	5.4		
SRR35809336_ctg8014_Candidatus_Viadribacter_manganicus_length=3616199_coverage=165.86_circular=yes	445930	446382	+	HNGIBB_00472	16.6	5.4		
SRR35809336_ctg8014_Candidatus_Viadribacter_manganicus_length=3616199_coverage=165.86_circular=yes	446842	447324	+	HNGIBB_00474	18.2	5.1		
SRR35809336_ctg8014_Candidatus_Viadribacter_manganicus_length=3616199_coverage=165.86_circular=yes	465642	466526	-	HNGIBB_00492	29.9	6.0	PF00106.31|adh_short, PF13561.12|adh_short_C2	PFAM:PF00106.31, PFAM:PF13561.12
SRR35809336_ctg8014_Candidatus_Viadribacter_manganicus_length=3616199_coverage=165.86_circular=yes	471243	472502	+	HNGIBB_00498	45.9	9.5		
SRR35809336_ctg8014_Candidatus_Viadribacter_manganicus_length=3616199_coverage=165.86_circular=yes	472495	473646	+	HNGIBB_00499	41.7	6.6		
SRR35809336_ctg8014_Candidatus_Viadribacter_manganicus_length=3616199_coverage=165.86_circular=yes	473643	474773	+	HNGIBB_00500	41.4	8.4		
SRR35809336_ctg8014_Candidatus_Viadribacter_manganicus_length=3616199_coverage=165.86_circular=yes	475926	476669	+	HNGIBB_00502	26.3	9.5		
SRR35809336_ctg8014_Candidatus_Viadribacter_manganicus_length=3616199_coverage=165.86_circular=yes	478451	478645	+	HNGIBB_00504	7.0	9.8		
SRR35809336_ctg8014_Candidatus_Viadribacter_manganicus_length=3616199_coverage=165.86_circular=yes	478713	480560	+	HNGIBB_00505	67.4	6.2		
SRR35809336_ctg8014_Candidatus_Viadribacter_manganicus_length=3616199_coverage=165.86_circular=yes	480946	481401	-	HNGIBB_00506	16.3	7.7		
SRR35809336_ctg8014_Candidatus_Viadribacter_manganicus_length=3616199_coverage=165.86_circular=yes	482698	482937	+	HNGIBB_00508	8.8	8.2		
SRR35809336_ctg8014_Candidatus_Viadribacter_manganicus_length=3616199_coverage=165.86_circular=yes	484245	484622	-	HNGIBB_00510	13.9	4.5	PF00903.31|Glyoxalase	PFAM:PF00903.31
SRR35809336_ctg8014_Candidatus_Viadribacter_manganicus_length=3616199_coverage=165.86_circular=yes	486626	487078	+	HNGIBB_00513	16.5	5.5	PF06445.20|GyrI-like	PFAM:PF06445.20
SRR35809336_ctg8014_Candidatus_Viadribacter_manganicus_length=3616199_coverage=165.86_circular=yes	487776	488816	-	HNGIBB_00515	37.1	6.2		
SRR35809336_ctg8014_Candidatus_Viadribacter_manganicus_length=3616199_coverage=165.86_circular=yes	489063	489386	+	HNGIBB_00516	12.4	4.4	PF08755.16|YccV-like	PFAM:PF08755.16
SRR35809336_ctg8014_Candidatus_Viadribacter_manganicus_length=3616199_coverage=165.86_circular=yes	499044	499475	+	HNGIBB_00524	15.0	4.5		
SRR35809336_ctg8014_Candidatus_Viadribacter_manganicus_length=3616199_coverage=165.86_circular=yes	501199	501519	-	HNGIBB_00527	10.9	5.0		SO:0001217, UniRef:UniRef50_A0A6I6MQ56
SRR35809336_ctg8014_Candidatus_Viadribacter_manganicus_length=3616199_coverage=165.86_circular=yes	505893	506330	+	HNGIBB_00533	16.4	6.1		
SRR35809336_ctg8014_Candidatus_Viadribacter_manganicus_length=3616199_coverage=165.86_circular=yes	508484	509173	+	HNGIBB_00535	24.6	9.1		
SRR35809336_ctg8014_Candidatus_Viadribacter_manganicus_length=3616199_coverage=165.86_circular=yes	511083	511466	+	HNGIBB_00537	13.4	5.1	PF00903.31|Glyoxalase	PFAM:PF00903.31
SRR35809336_ctg8014_Candidatus_Viadribacter_manganicus_length=3616199_coverage=165.86_circular=yes	511471	512724	-	HNGIBB_00538	46.3	4.7		
SRR35809336_ctg8014_Candidatus_Viadribacter_manganicus_length=3616199_coverage=165.86_circular=yes	513844	514026	-	HNGIBB_00540	6.6	11.5		
SRR35809336_ctg8014_Candidatus_Viadribacter_manganicus_length=3616199_coverage=165.86_circular=yes	522266	522994	+	HNGIBB_00547	26.7	5.5	PF00196.25|GerE, PF03472.21|Autoind_bind	PFAM:PF00196.25, PFAM:PF03472.21
SRR35809336_ctg8014_Candidatus_Viadribacter_manganicus_length=3616199_coverage=165.86_circular=yes	523232	524305	+	HNGIBB_00548	38.8	5.7		
SRR35809336_ctg8014_Candidatus_Viadribacter_manganicus_length=3616199_coverage=165.86_circular=yes	526701	526886	-	HNGIBB_00551	7.1	11.6		
SRR35809336_ctg8014_Candidatus_Viadribacter_manganicus_length=3616199_coverage=165.86_circular=yes	529396	529962	+	HNGIBB_00554	21.7	5.7		SO:0001217, UniRef:UniRef50_C6XIN6
SRR35809336_ctg8014_Candidatus_Viadribacter_manganicus_length=3616199_coverage=165.86_circular=yes	530019	532616	+	HNGIBB_00555	96.2	5.4	PF01433.26|Peptidase_M1, PF11940.14|DUF3458, PF17432.8|DUF3458_C, PF17900.6|Peptidase_M1_N	PFAM:PF01433.26, PFAM:PF11940.14, PFAM:PF17432.8, PFAM:PF17900.6
SRR35809336_ctg8014_Candidatus_Viadribacter_manganicus_length=3616199_coverage=165.86_circular=yes	535837	536247	-	HNGIBB_00558	14.7	4.4		
SRR35809336_ctg8014_Candidatus_Viadribacter_manganicus_length=3616199_coverage=165.86_circular=yes	536844	537245	-	HNGIBB_00560	14.6	5.6	PF00036.39|EF-hand_1, PF00404.24|Dockerin_1, PF10591.15|SPARC_Ca_bdg, PF13202.12|EF-hand_5, PF13405.12|EF-hand_6, PF13499.12|EF-hand_7	PFAM:PF00036.39, PFAM:PF00404.24, PFAM:PF10591.15, PFAM:PF13202.12, PFAM:PF13405.12, PFAM:PF13499.12
SRR35809336_ctg8014_Candidatus_Viadribacter_manganicus_length=3616199_coverage=165.86_circular=yes	543909	544304	-	HNGIBB_00565	14.4	5.5		
SRR35809336_ctg8014_Candidatus_Viadribacter_manganicus_length=3616199_coverage=165.86_circular=yes	549509	549817	-	HNGIBB_00571	11.2	9.8		
SRR35809336_ctg8014_Candidatus_Viadribacter_manganicus_length=3616199_coverage=165.86_circular=yes	550885	551358	-	HNGIBB_00573	16.3	5.1		
SRR35809336_ctg8014_Candidatus_Viadribacter_manganicus_length=3616199_coverage=165.86_circular=yes	555342	555770	+	HNGIBB_00576	14.9	4.5	PF14295.12|PAN_4	PFAM:PF14295.12
SRR35809336_ctg8014_Candidatus_Viadribacter_manganicus_length=3616199_coverage=165.86_circular=yes	558990	559826	+	HNGIBB_00580	30.2	11.3		
SRR35809336_ctg8014_Candidatus_Viadribacter_manganicus_length=3616199_coverage=165.86_circular=yes	562629	563375	-	HNGIBB_00584	26.7	9.4	PF20057.4|DUF6456	PFAM:PF20057.4
SRR35809336_ctg8014_Candidatus_Viadribacter_manganicus_length=3616199_coverage=165.86_circular=yes	567004	567210	-	HNGIBB_00590	7.0	9.2		
SRR35809336_ctg8014_Candidatus_Viadribacter_manganicus_length=3616199_coverage=165.86_circular=yes	567382	567993	+	HNGIBB_00591	23.3	7.1		
SRR35809336_ctg8014_Candidatus_Viadribacter_manganicus_length=3616199_coverage=165.86_circular=yes	570449	570715	-	HNGIBB_00594	9.2	11.7		
SRR35809336_ctg8014_Candidatus_Viadribacter_manganicus_length=3616199_coverage=165.86_circular=yes	573656	573982	-	HNGIBB_00597	10.7	4.1		
SRR35809336_ctg8014_Candidatus_Viadribacter_manganicus_length=3616199_coverage=165.86_circular=yes	573979	574359	-	HNGIBB_00598	12.9	10.6		
SRR35809336_ctg8014_Candidatus_Viadribacter_manganicus_length=3616199_coverage=165.86_circular=yes	574356	574838	-	HNGIBB_00599	16.2	10.1		
SRR35809336_ctg8014_Candidatus_Viadribacter_manganicus_length=3616199_coverage=165.86_circular=yes	575203	575487	-	HNGIBB_00601	9.7	9.3		
SRR35809336_ctg8014_Candidatus_Viadribacter_manganicus_length=3616199_coverage=165.86_circular=yes	575484	575948	-	HNGIBB_00602	15.9	9.6		
SRR35809336_ctg8014_Candidatus_Viadribacter_manganicus_length=3616199_coverage=165.86_circular=yes	578673	579056	-	HNGIBB_00605	13.2	6.2		
SRR35809336_ctg8014_Candidatus_Viadribacter_manganicus_length=3616199_coverage=165.86_circular=yes	579166	579759	-	HNGIBB_00606	21.6	6.7	PF03544.19|TonB_C	PFAM:PF03544.19
SRR35809336_ctg8014_Candidatus_Viadribacter_manganicus_length=3616199_coverage=165.86_circular=yes	579877	580473	-	HNGIBB_00607	21.0	5.5	PF03544.19|TonB_C	PFAM:PF03544.19
SRR35809336_ctg8014_Candidatus_Viadribacter_manganicus_length=3616199_coverage=165.86_circular=yes	583269	583583	+	HNGIBB_00612	11.1	5.0		
SRR35809336_ctg8014_Candidatus_Viadribacter_manganicus_length=3616199_coverage=165.86_circular=yes	587546	588433	-	HNGIBB_00618	31.3	5.3	PF14534.12|DUF4440	PFAM:PF14534.12
SRR35809336_ctg8014_Candidatus_Viadribacter_manganicus_length=3616199_coverage=165.86_circular=yes	588589	589074	+	HNGIBB_00619	18.1	4.8		
SRR35809336_ctg8014_Candidatus_Viadribacter_manganicus_length=3616199_coverage=165.86_circular=yes	589087	589566	+	HNGIBB_00620	17.9	5.7		
SRR35809336_ctg8014_Candidatus_Viadribacter_manganicus_length=3616199_coverage=165.86_circular=yes	591357	591842	-	HNGIBB_00622	18.4	4.7	PF00210.30|Ferritin	PFAM:PF00210.30
SRR35809336_ctg8014_Candidatus_Viadribacter_manganicus_length=3616199_coverage=165.86_circular=yes	591848	592045	-	HNGIBB_00623	6.6	4.9	PF04324.20|Fer2_BFD	PFAM:PF04324.20
SRR35809336_ctg8014_Candidatus_Viadribacter_manganicus_length=3616199_coverage=165.86_circular=yes	592275	592676	+	HNGIBB_00624	14.3	9.2		
SRR35809336_ctg8014_Candidatus_Viadribacter_manganicus_length=3616199_coverage=165.86_circular=yes	593226	593966	-	HNGIBB_00626	27.8	5.4		
SRR35809336_ctg8014_Candidatus_Viadribacter_manganicus_length=3616199_coverage=165.86_circular=yes	593963	594796	-	HNGIBB_00627	31.0	6.2		
SRR35809336_ctg8014_Candidatus_Viadribacter_manganicus_length=3616199_coverage=165.86_circular=yes	596844	597830	-	HNGIBB_00630	34.9	5.1	PF00512.31|HisKA, PF02518.31|HATPase_c	PFAM:PF00512.31, PFAM:PF02518.31
SRR35809336_ctg8014_Candidatus_Viadribacter_manganicus_length=3616199_coverage=165.86_circular=yes	597885	598814	-	HNGIBB_00631	34.0	5.0	PF13640.12|2OG-FeII_Oxy_3	PFAM:PF13640.12
SRR35809336_ctg8014_Candidatus_Viadribacter_manganicus_length=3616199_coverage=165.86_circular=yes	598976	599656	+	HNGIBB_00632	25.0	11.7		
SRR35809336_ctg8014_Candidatus_Viadribacter_manganicus_length=3616199_coverage=165.86_circular=yes	600857	601315	+	HNGIBB_00634	16.8	7.0		
SRR35809336_ctg8014_Candidatus_Viadribacter_manganicus_length=3616199_coverage=165.86_circular=yes	601599	602942	+	HNGIBB_00635	47.4	5.2	PF03734.19|YkuD, PF20142.4|Scaffold	PFAM:PF03734.19, PFAM:PF20142.4
SRR35809336_ctg8014_Candidatus_Viadribacter_manganicus_length=3616199_coverage=165.86_circular=yes	602998	603567	-	HNGIBB_00636	21.1	5.3		SO:0001217, UniRef:UniRef50_A0A1B1AGH1
SRR35809336_ctg8014_Candidatus_Viadribacter_manganicus_length=3616199_coverage=165.86_circular=yes	617452	617856	+	HNGIBB_00647	14.7	4.5		
SRR35809336_ctg8014_Candidatus_Viadribacter_manganicus_length=3616199_coverage=165.86_circular=yes	619260	619601	-	HNGIBB_00650	12.5	4.9		
SRR35809336_ctg8014_Candidatus_Viadribacter_manganicus_length=3616199_coverage=165.86_circular=yes	619680	620192	-	HNGIBB_00651	19.0	5.7	PF13302.13|Acetyltransf_3, PF13508.13|Acetyltransf_7, PF13673.13|Acetyltransf_10	PFAM:PF13302.13, PFAM:PF13508.13, PFAM:PF13673.13
SRR35809336_ctg8014_Candidatus_Viadribacter_manganicus_length=3616199_coverage=165.86_circular=yes	624834	625067	+	HNGIBB_00655	8.0	11.0		
SRR35809336_ctg8014_Candidatus_Viadribacter_manganicus_length=3616199_coverage=165.86_circular=yes	625158	625763	+	HNGIBB_00656	22.6	5.7		
SRR35809336_ctg8014_Candidatus_Viadribacter_manganicus_length=3616199_coverage=165.86_circular=yes	629328	630641	+	HNGIBB_00660	47.3	5.3	PF04909.20|Amidohydro_2	PFAM:PF04909.20
SRR35809336_ctg8014_Candidatus_Viadribacter_manganicus_length=3616199_coverage=165.86_circular=yes	631232	632539	-	HNGIBB_00662	46.9	6.4	PF00112.29|Peptidase_C1	PFAM:PF00112.29
SRR35809336_ctg8014_Candidatus_Viadribacter_manganicus_length=3616199_coverage=165.86_circular=yes	632681	633283	+	HNGIBB_00663	20.2	4.9		
SRR35809336_ctg8014_Candidatus_Viadribacter_manganicus_length=3616199_coverage=165.86_circular=yes	638382	638480	+	HNGIBB_00668	3.7	8.3		
SRR35809336_ctg8014_Candidatus_Viadribacter_manganicus_length=3616199_coverage=165.86_circular=yes	639844	640254	+	HNGIBB_00671	14.5	5.7		
SRR35809336_ctg8014_Candidatus_Viadribacter_manganicus_length=3616199_coverage=165.86_circular=yes	644202	644798	+	HNGIBB_00679	21.5	6.0		
SRR35809336_ctg8014_Candidatus_Viadribacter_manganicus_length=3616199_coverage=165.86_circular=yes	644791	645705	+	HNGIBB_00680	33.4	7.1	PF01656.29|CbiA, PF06564.18|CBP_BcsQ, PF09140.17|MipZ, PF13614.12|AAA_31	PFAM:PF01656.29, PFAM:PF06564.18, PFAM:PF09140.17, PFAM:PF13614.12
SRR35809336_ctg8014_Candidatus_Viadribacter_manganicus_length=3616199_coverage=165.86_circular=yes	645702	646067	+	HNGIBB_00681	13.4	9.0		
SRR35809336_ctg8014_Candidatus_Viadribacter_manganicus_length=3616199_coverage=165.86_circular=yes	646084	646509	-	HNGIBB_00682	15.6	5.9		
SRR35809336_ctg8014_Candidatus_Viadribacter_manganicus_length=3616199_coverage=165.86_circular=yes	647151	647852	-	HNGIBB_00684	26.0	4.6		
SRR35809336_ctg8014_Candidatus_Viadribacter_manganicus_length=3616199_coverage=165.86_circular=yes	657882	658523	+	HNGIBB_00693	23.1	9.0	PF00440.29|TetR_N, PF14246.11|TetR_C_7	PFAM:PF00440.29, PFAM:PF14246.11
SRR35809336_ctg8014_Candidatus_Viadribacter_manganicus_length=3616199_coverage=165.86_circular=yes	658526	658894	-	HNGIBB_00694	13.6	5.4	PF01588.26|tRNA_bind	PFAM:PF01588.26
SRR35809336_ctg8014_Candidatus_Viadribacter_manganicus_length=3616199_coverage=165.86_circular=yes	658910	659155	-	HNGIBB_00695	8.8	4.9		
SRR35809336_ctg8014_Candidatus_Viadribacter_manganicus_length=3616199_coverage=165.86_circular=yes	660892	661269	-	HNGIBB_00698	13.5	7.0	PF13670.12|PepSY_2	PFAM:PF13670.12
SRR35809336_ctg8014_Candidatus_Viadribacter_manganicus_length=3616199_coverage=165.86_circular=yes	661395	661724	+	HNGIBB_00699	11.9	4.6	PF03413.25|PepSY	PFAM:PF03413.25
SRR35809336_ctg8014_Candidatus_Viadribacter_manganicus_length=3616199_coverage=165.86_circular=yes	662380	663705	+	HNGIBB_00701	46.7	5.8	PF02518.31|HATPase_c	PFAM:PF02518.31
SRR35809336_ctg8014_Candidatus_Viadribacter_manganicus_length=3616199_coverage=165.86_circular=yes	663805	663927	-	HNGIBB_00702	4.4	9.0		
SRR35809336_ctg8014_Candidatus_Viadribacter_manganicus_length=3616199_coverage=165.86_circular=yes	663954	664046	-	HNGIBB_00703	3.3	8.3		
SRR35809336_ctg8014_Candidatus_Viadribacter_manganicus_length=3616199_coverage=165.86_circular=yes	667591	668016	-	HNGIBB_00706	15.1	9.9	PF01047.28|MarR, PF01978.25|TrmB, PF09339.16|HTH_IclR, PF13412.12|HTH_24, PF13463.12|HTH_27	PFAM:PF01047.28, PFAM:PF01978.25, PFAM:PF09339.16, PFAM:PF13412.12, PFAM:PF13463.12
SRR35809336_ctg8014_Candidatus_Viadribacter_manganicus_length=3616199_coverage=165.86_circular=yes	668084	668851	-	HNGIBB_00707	28.1	7.7	PF01061.29|ABC2_membrane	PFAM:PF01061.29
SRR35809336_ctg8014_Candidatus_Viadribacter_manganicus_length=3616199_coverage=165.86_circular=yes	674317	675003	+	HNGIBB_00713	24.2	6.6		
SRR35809336_ctg8014_Candidatus_Viadribacter_manganicus_length=3616199_coverage=165.86_circular=yes	681052	682404	+	HNGIBB_00721	48.4	5.3	PF01292.26|Ni_hydr_CYTB, PF04264.18|YceI	PFAM:PF01292.26, PFAM:PF04264.18
SRR35809336_ctg8014_Candidatus_Viadribacter_manganicus_length=3616199_coverage=165.86_circular=yes	684897	685040	+	HNGIBB_00724	5.1	12.0		
SRR35809336_ctg8014_Candidatus_Viadribacter_manganicus_length=3616199_coverage=165.86_circular=yes	685182	685589	-	HNGIBB_00725	14.7	5.3		
SRR35809336_ctg8014_Candidatus_Viadribacter_manganicus_length=3616199_coverage=165.86_circular=yes	686019	686702	-	HNGIBB_00727	24.3	8.9		
SRR35809336_ctg8014_Candidatus_Viadribacter_manganicus_length=3616199_coverage=165.86_circular=yes	686806	687024	+	HNGIBB_00728	8.0	6.1		
SRR35809336_ctg8014_Candidatus_Viadribacter_manganicus_length=3616199_coverage=165.86_circular=yes	687024	687413	+	HNGIBB_00729	13.8	10.7		
SRR35809336_ctg8014_Candidatus_Viadribacter_manganicus_length=3616199_coverage=165.86_circular=yes	689848	690456	+	HNGIBB_00732	22.4	4.5	PF07377.18|DUF1493	PFAM:PF07377.18
SRR35809336_ctg8014_Candidatus_Viadribacter_manganicus_length=3616199_coverage=165.86_circular=yes	691601	692188	-	HNGIBB_00735	19.3	7.8		
SRR35809336_ctg8014_Candidatus_Viadribacter_manganicus_length=3616199_coverage=165.86_circular=yes	693898	694539	-	HNGIBB_00738	22.6	4.4	PF11604.15|CusF_Ec	PFAM:PF11604.15
SRR35809336_ctg8014_Candidatus_Viadribacter_manganicus_length=3616199_coverage=165.86_circular=yes	698281	699135	+	HNGIBB_00742	32.1	5.8		
SRR35809336_ctg8014_Candidatus_Viadribacter_manganicus_length=3616199_coverage=165.86_circular=yes	700085	700525	+	HNGIBB_00744	15.6	10.0		
SRR35809336_ctg8014_Candidatus_Viadribacter_manganicus_length=3616199_coverage=165.86_circular=yes	701114	701590	+	HNGIBB_00746	18.6	5.2	PF19780.4|DUF6265	PFAM:PF19780.4
SRR35809336_ctg8014_Candidatus_Viadribacter_manganicus_length=3616199_coverage=165.86_circular=yes	715145	715729	-	HNGIBB_00760	22.0	7.1		
SRR35809336_ctg8014_Candidatus_Viadribacter_manganicus_length=3616199_coverage=165.86_circular=yes	716645	717529	-	HNGIBB_00762	31.7	5.3	PF00561.26|Abhydrolase_1, PF00756.26|Esterase, PF12146.15|Hydrolase_4, PF12697.13|Abhydrolase_6	PFAM:PF00561.26, PFAM:PF00756.26, PFAM:PF12146.15, PFAM:PF12697.13
SRR35809336_ctg8014_Candidatus_Viadribacter_manganicus_length=3616199_coverage=165.86_circular=yes	717592	718032	-	HNGIBB_00763	15.8	7.9		
SRR35809336_ctg8014_Candidatus_Viadribacter_manganicus_length=3616199_coverage=165.86_circular=yes	718252	718659	-	HNGIBB_00765	15.2	8.9		
SRR35809336_ctg8014_Candidatus_Viadribacter_manganicus_length=3616199_coverage=165.86_circular=yes	718669	718860	-	HNGIBB_00766	6.3	10.9		
SRR35809336_ctg8014_Candidatus_Viadribacter_manganicus_length=3616199_coverage=165.86_circular=yes	719543	720316	+	HNGIBB_00768	29.4	8.9		
SRR35809336_ctg8014_Candidatus_Viadribacter_manganicus_length=3616199_coverage=165.86_circular=yes	721650	722024	+	HNGIBB_00770	13.2	7.8		
SRR35809336_ctg8014_Candidatus_Viadribacter_manganicus_length=3616199_coverage=165.86_circular=yes	726726	726989	-	HNGIBB_00774	9.3	10.8		
SRR35809336_ctg8014_Candidatus_Viadribacter_manganicus_length=3616199_coverage=165.86_circular=yes	728239	728385	-	HNGIBB_00777	5.3	10.7		
SRR35809336_ctg8014_Candidatus_Viadribacter_manganicus_length=3616199_coverage=165.86_circular=yes	741980	742738	+	HNGIBB_00788	26.9	4.1	PF13609.12|Porin_4	PFAM:PF13609.12
SRR35809336_ctg8014_Candidatus_Viadribacter_manganicus_length=3616199_coverage=165.86_circular=yes	742781	743416	-	HNGIBB_00789	23.8	9.3		
SRR35809336_ctg8014_Candidatus_Viadribacter_manganicus_length=3616199_coverage=165.86_circular=yes	743517	744284	+	HNGIBB_00790	28.3	5.4	PF04452.19|Methyltrans_RNA	PFAM:PF04452.19
SRR35809336_ctg8014_Candidatus_Viadribacter_manganicus_length=3616199_coverage=165.86_circular=yes	745712	746716	-	HNGIBB_00792	36.0	5.2	PF00144.29|Beta-lactamase	PFAM:PF00144.29
SRR35809336_ctg8014_Candidatus_Viadribacter_manganicus_length=3616199_coverage=165.86_circular=yes	749895	750518	+	HNGIBB_00795	23.6	9.6	PF00730.31|HhH-GPD	PFAM:PF00730.31
SRR35809336_ctg8014_Candidatus_Viadribacter_manganicus_length=3616199_coverage=165.86_circular=yes	753913	754332	-	HNGIBB_00802	14.7	8.0		
SRR35809336_ctg8014_Candidatus_Viadribacter_manganicus_length=3616199_coverage=165.86_circular=yes	755058	755249	-	HNGIBB_00804	6.7	6.0		
SRR35809336_ctg8014_Candidatus_Viadribacter_manganicus_length=3616199_coverage=165.86_circular=yes	760156	760620	+	HNGIBB_00810	16.8	5.0		
SRR35809336_ctg8014_Candidatus_Viadribacter_manganicus_length=3616199_coverage=165.86_circular=yes	767300	767818	+	HNGIBB_00817	18.7	6.7		
SRR35809336_ctg8014_Candidatus_Viadribacter_manganicus_length=3616199_coverage=165.86_circular=yes	767840	768349	+	HNGIBB_00818	17.8	5.6	PF07883.17|Cupin_2	PFAM:PF07883.17
SRR35809336_ctg8014_Candidatus_Viadribacter_manganicus_length=3616199_coverage=165.86_circular=yes	768346	768921	-	HNGIBB_00819	21.6	6.2	PF05118.21|Asp_Arg_Hydrox	PFAM:PF05118.21
SRR35809336_ctg8014_Candidatus_Viadribacter_manganicus_length=3616199_coverage=165.86_circular=yes	769033	769899	-	HNGIBB_00820	31.0	6.1	PF00515.34|TPR_1, PF07719.23|TPR_2, PF07721.20|TPR_4, PF13424.12|TPR_12, PF13428.12|TPR_14, PF13431.12|TPR_17, PF13432.12|TPR_16, PF14559.12|TPR_19	PFAM:PF00515.34, PFAM:PF07719.23, PFAM:PF07721.20, PFAM:PF13424.12, PFAM:PF13428.12, PFAM:PF13431.12, PFAM:PF13432.12, PFAM:PF14559.12
SRR35809336_ctg8014_Candidatus_Viadribacter_manganicus_length=3616199_coverage=165.86_circular=yes	770872	771093	-	HNGIBB_00822	8.2	6.7		
SRR35809336_ctg8014_Candidatus_Viadribacter_manganicus_length=3616199_coverage=165.86_circular=yes	771196	771984	-	HNGIBB_00823	28.5	6.0		
SRR35809336_ctg8014_Candidatus_Viadribacter_manganicus_length=3616199_coverage=165.86_circular=yes	771981	772367	-	HNGIBB_00824	13.4	8.1	PF07332.16|Phage_holin_3_6	PFAM:PF07332.16
SRR35809336_ctg8014_Candidatus_Viadribacter_manganicus_length=3616199_coverage=165.86_circular=yes	772372	772827	-	HNGIBB_00825	15.8	5.1		
SRR35809336_ctg8014_Candidatus_Viadribacter_manganicus_length=3616199_coverage=165.86_circular=yes	773592	773975	+	HNGIBB_00826	14.6	11.6		
SRR35809336_ctg8014_Candidatus_Viadribacter_manganicus_length=3616199_coverage=165.86_circular=yes	773966	775678	-	HNGIBB_00827	62.5	5.8	PF00515.34|TPR_1, PF07719.23|TPR_2, PF12895.13|ANAPC3, PF13174.12|TPR_6, PF13371.12|TPR_9, PF13414.12|TPR_11, PF13428.12|TPR_14, PF13431.12|TPR_17, PF13432.12|TPR_16, PF14559.12|TPR_19	PFAM:PF00515.34, PFAM:PF07719.23, PFAM:PF12895.13, PFAM:PF13174.12, PFAM:PF13371.12, PFAM:PF13414.12, PFAM:PF13428.12, PFAM:PF13431.12, PFAM:PF13432.12, PFAM:PF14559.12
SRR35809336_ctg8014_Candidatus_Viadribacter_manganicus_length=3616199_coverage=165.86_circular=yes	775678	776421	-	HNGIBB_00828	26.6	5.0		
SRR35809336_ctg8014_Candidatus_Viadribacter_manganicus_length=3616199_coverage=165.86_circular=yes	782470	782889	+	HNGIBB_00833	15.6	5.0	PF00042.28|Globin	PFAM:PF00042.28
SRR35809336_ctg8014_Candidatus_Viadribacter_manganicus_length=3616199_coverage=165.86_circular=yes	782886	783314	-	HNGIBB_00834	16.1	5.9	PF07045.17|DUF1330	PFAM:PF07045.17
SRR35809336_ctg8014_Candidatus_Viadribacter_manganicus_length=3616199_coverage=165.86_circular=yes	783378	783950	+	HNGIBB_00835	21.1	7.0		
SRR35809336_ctg8014_Candidatus_Viadribacter_manganicus_length=3616199_coverage=165.86_circular=yes	785292	786407	-	HNGIBB_00837	40.2	5.1	PF00413.30|Peptidase_M10, PF01400.30|Astacin	PFAM:PF00413.30, PFAM:PF01400.30
SRR35809336_ctg8014_Candidatus_Viadribacter_manganicus_length=3616199_coverage=165.86_circular=yes	790694	790912	+	HNGIBB_00842	6.6	4.5	PF08139.17|LPAM_1	PFAM:PF08139.17
SRR35809336_ctg8014_Candidatus_Viadribacter_manganicus_length=3616199_coverage=165.86_circular=yes	790989	791510	+	HNGIBB_00843	19.4	5.6	PF01242.24|PTPS	PFAM:PF01242.24
SRR35809336_ctg8014_Candidatus_Viadribacter_manganicus_length=3616199_coverage=165.86_circular=yes	791898	792152	-	HNGIBB_00845	9.7	4.4		
SRR35809336_ctg8014_Candidatus_Viadribacter_manganicus_length=3616199_coverage=165.86_circular=yes	792195	792608	-	HNGIBB_00846	14.4	9.4		
SRR35809336_ctg8014_Candidatus_Viadribacter_manganicus_length=3616199_coverage=165.86_circular=yes	794576	795013	-	HNGIBB_00849	16.4	4.9	PF08906.16|T6SS_Tdi1_C	PFAM:PF08906.16
SRR35809336_ctg8014_Candidatus_Viadribacter_manganicus_length=3616199_coverage=165.86_circular=yes	795109	795381	-	HNGIBB_00850	9.5	5.7		SO:0001217, UniRef:UniRef50_A0A399RDR5
SRR35809336_ctg8014_Candidatus_Viadribacter_manganicus_length=3616199_coverage=165.86_circular=yes	796475	796708	-	HNGIBB_00852	8.3	6.2	PF01381.28|HTH_3, PF13443.12|HTH_26, PF13744.12|HTH_37	PFAM:PF01381.28, PFAM:PF13443.12, PFAM:PF13744.12
SRR35809336_ctg8014_Candidatus_Viadribacter_manganicus_length=3616199_coverage=165.86_circular=yes	796708	797226	-	HNGIBB_00853	18.2	5.8		
SRR35809336_ctg8014_Candidatus_Viadribacter_manganicus_length=3616199_coverage=165.86_circular=yes	797226	797759	-	HNGIBB_00854	18.5	5.6		
SRR35809336_ctg8014_Candidatus_Viadribacter_manganicus_length=3616199_coverage=165.86_circular=yes	800731	801651	-	HNGIBB_00858	33.1	4.6	PF00515.34|TPR_1, PF07719.23|TPR_2, PF13174.12|TPR_6, PF13176.12|TPR_7, PF13181.12|TPR_8, PF13371.12|TPR_9, PF13414.12|TPR_11, PF13424.12|TPR_12, PF13428.12|TPR_14, PF13431.12|TPR_17, PF13432.12|TPR_16, PF14559.12|TPR_19	PFAM:PF00515.34, PFAM:PF07719.23, PFAM:PF13174.12, PFAM:PF13176.12, PFAM:PF13181.12, PFAM:PF13371.12, PFAM:PF13414.12, PFAM:PF13424.12, PFAM:PF13428.12, PFAM:PF13431.12, PFAM:PF13432.12, PFAM:PF14559.12
SRR35809336_ctg8014_Candidatus_Viadribacter_manganicus_length=3616199_coverage=165.86_circular=yes	804520	804897	-	HNGIBB_00863	13.5	4.9		
SRR35809336_ctg8014_Candidatus_Viadribacter_manganicus_length=3616199_coverage=165.86_circular=yes	805406	805726	-	HNGIBB_00865	12.2	5.4	PF03992.22|ABM	PFAM:PF03992.22
SRR35809336_ctg8014_Candidatus_Viadribacter_manganicus_length=3616199_coverage=165.86_circular=yes	805842	806477	+	HNGIBB_00866	23.3	9.9		
SRR35809336_ctg8014_Candidatus_Viadribacter_manganicus_length=3616199_coverage=165.86_circular=yes	810864	811307	-	HNGIBB_00873	15.9	5.8		
SRR35809336_ctg8014_Candidatus_Viadribacter_manganicus_length=3616199_coverage=165.86_circular=yes	818078	818848	-	HNGIBB_00879	29.1	5.6		
SRR35809336_ctg8014_Candidatus_Viadribacter_manganicus_length=3616199_coverage=165.86_circular=yes	818849	820378	-	HNGIBB_00880	56.1	5.0		
SRR35809336_ctg8014_Candidatus_Viadribacter_manganicus_length=3616199_coverage=165.86_circular=yes	820906	821289	-	HNGIBB_00882	13.4	5.7		
SRR35809336_ctg8014_Candidatus_Viadribacter_manganicus_length=3616199_coverage=165.86_circular=yes	822928	824394	-	HNGIBB_00887	53.9	5.8	PF00749.27|tRNA-synt_1c, PF19269.4|Anticodon_2	PFAM:PF00749.27, PFAM:PF19269.4
SRR35809336_ctg8014_Candidatus_Viadribacter_manganicus_length=3616199_coverage=165.86_circular=yes	828106	828561	-	HNGIBB_00892	15.9	4.4		
SRR35809336_ctg8014_Candidatus_Viadribacter_manganicus_length=3616199_coverage=165.86_circular=yes	828639	829613	-	HNGIBB_00893	35.9	6.9	PF10502.14|Peptidase_S26	PFAM:PF10502.14
SRR35809336_ctg8014_Candidatus_Viadribacter_manganicus_length=3616199_coverage=165.86_circular=yes	831298	831405	+	HNGIBB_00895	4.0	12.0		
SRR35809336_ctg8014_Candidatus_Viadribacter_manganicus_length=3616199_coverage=165.86_circular=yes	834650	835702	+	HNGIBB_00899	38.5	4.9		
SRR35809336_ctg8014_Candidatus_Viadribacter_manganicus_length=3616199_coverage=165.86_circular=yes	836652	837830	+	HNGIBB_00901	43.4	9.9		
SRR35809336_ctg8014_Candidatus_Viadribacter_manganicus_length=3616199_coverage=165.86_circular=yes	838469	839056	-	HNGIBB_00903	22.1	5.4		
SRR35809336_ctg8014_Candidatus_Viadribacter_manganicus_length=3616199_coverage=165.86_circular=yes	839974	840324	-	HNGIBB_00905	11.8	4.5		
SRR35809336_ctg8014_Candidatus_Viadribacter_manganicus_length=3616199_coverage=165.86_circular=yes	843510	844064	-	HNGIBB_00909	18.8	4.4		
SRR35809336_ctg8014_Candidatus_Viadribacter_manganicus_length=3616199_coverage=165.86_circular=yes	848103	848417	-	HNGIBB_00915	11.4	5.2		
SRR35809336_ctg8014_Candidatus_Viadribacter_manganicus_length=3616199_coverage=165.86_circular=yes	848757	849851	+	HNGIBB_00917	40.6	9.4	PF01757.29|Acyl_transf_3	PFAM:PF01757.29
SRR35809336_ctg8014_Candidatus_Viadribacter_manganicus_length=3616199_coverage=165.86_circular=yes	855886	856635	+	HNGIBB_00923	27.7	5.3		
SRR35809336_ctg8014_Candidatus_Viadribacter_manganicus_length=3616199_coverage=165.86_circular=yes	857734	857973	-	HNGIBB_00926	9.0	5.8		
SRR35809336_ctg8014_Candidatus_Viadribacter_manganicus_length=3616199_coverage=165.86_circular=yes	858109	858429	-	HNGIBB_00927	11.2	4.3		
SRR35809336_ctg8014_Candidatus_Viadribacter_manganicus_length=3616199_coverage=165.86_circular=yes	860188	861927	+	HNGIBB_00929	60.5	5.6	PF00999.27|Na_H_Exchanger, PF02254.24|TrkA_N	PFAM:PF00999.27, PFAM:PF02254.24
SRR35809336_ctg8014_Candidatus_Viadribacter_manganicus_length=3616199_coverage=165.86_circular=yes	861991	862200	+	HNGIBB_00930	6.9	4.5		
SRR35809336_ctg8014_Candidatus_Viadribacter_manganicus_length=3616199_coverage=165.86_circular=yes	862246	862434	+	HNGIBB_00931	7.0	4.1		
SRR35809336_ctg8014_Candidatus_Viadribacter_manganicus_length=3616199_coverage=165.86_circular=yes	862457	863461	+	HNGIBB_00932	35.5	5.7	PF22599.2|SecDF_P1_head	PFAM:PF22599.2
SRR35809336_ctg8014_Candidatus_Viadribacter_manganicus_length=3616199_coverage=165.86_circular=yes	869596	870975	+	HNGIBB_00940	49.0	5.0	PF00561.26|Abhydrolase_1, PF12146.15|Hydrolase_4	PFAM:PF00561.26, PFAM:PF12146.15
SRR35809336_ctg8014_Candidatus_Viadribacter_manganicus_length=3616199_coverage=165.86_circular=yes	872935	873486	+	HNGIBB_00942	20.0	9.8	PF08241.18|Methyltransf_11, PF08242.18|Methyltransf_12, PF13649.12|Methyltransf_25, PF13847.12|Methyltransf_31	PFAM:PF08241.18, PFAM:PF08242.18, PFAM:PF13649.12, PFAM:PF13847.12
SRR35809336_ctg8014_Candidatus_Viadribacter_manganicus_length=3616199_coverage=165.86_circular=yes	878022	878867	-	HNGIBB_00947	29.9	5.1		
SRR35809336_ctg8014_Candidatus_Viadribacter_manganicus_length=3616199_coverage=165.86_circular=yes	879875	880255	+	HNGIBB_00949	13.3	10.2		
SRR35809336_ctg8014_Candidatus_Viadribacter_manganicus_length=3616199_coverage=165.86_circular=yes	880252	880347	-	HNGIBB_00950	3.4	11.0		
SRR35809336_ctg8014_Candidatus_Viadribacter_manganicus_length=3616199_coverage=165.86_circular=yes	880415	880873	+	HNGIBB_00951	16.4	5.6		
SRR35809336_ctg8014_Candidatus_Viadribacter_manganicus_length=3616199_coverage=165.86_circular=yes	883011	883919	-	HNGIBB_00954	33.8	5.7	PF00293.34|NUDIX, PF09296.17|NUDIX-like, PF09297.16|Zn_ribbon_NUD	PFAM:PF00293.34, PFAM:PF09296.17, PFAM:PF09297.16
SRR35809336_ctg8014_Candidatus_Viadribacter_manganicus_length=3616199_coverage=165.86_circular=yes	891624	891893	+	HNGIBB_00967	10.0	4.9		
SRR35809336_ctg8014_Candidatus_Viadribacter_manganicus_length=3616199_coverage=165.86_circular=yes	894199	895218	+	HNGIBB_00970	36.8	9.0	PF02518.31|HATPase_c, PF07536.20|HWE_HK, PF07568.18|HisKA_2, PF13493.11|DUF4118, PF13581.12|HATPase_c_2	PFAM:PF02518.31, PFAM:PF07536.20, PFAM:PF07568.18, PFAM:PF13493.11, PFAM:PF13581.12
SRR35809336_ctg8014_Candidatus_Viadribacter_manganicus_length=3616199_coverage=165.86_circular=yes	895228	896043	-	HNGIBB_00971	29.1	5.7	PF05175.20|MTS, PF08241.18|Methyltransf_11, PF08242.18|Methyltransf_12, PF13489.12|Methyltransf_23, PF13649.12|Methyltransf_25, PF13847.12|Methyltransf_31	PFAM:PF05175.20, PFAM:PF08241.18, PFAM:PF08242.18, PFAM:PF13489.12, PFAM:PF13649.12, PFAM:PF13847.12
SRR35809336_ctg8014_Candidatus_Viadribacter_manganicus_length=3616199_coverage=165.86_circular=yes	898376	898609	+	HNGIBB_00974	8.5	11.1		
SRR35809336_ctg8014_Candidatus_Viadribacter_manganicus_length=3616199_coverage=165.86_circular=yes	899149	899589	-	HNGIBB_00976	15.8	5.3		
SRR35809336_ctg8014_Candidatus_Viadribacter_manganicus_length=3616199_coverage=165.86_circular=yes	900520	902262	+	HNGIBB_00978	62.8	9.9		
SRR35809336_ctg8014_Candidatus_Viadribacter_manganicus_length=3616199_coverage=165.86_circular=yes	903285	903707	+	HNGIBB_00980	15.4	6.5	PF00042.28|Globin	PFAM:PF00042.28
SRR35809336_ctg8014_Candidatus_Viadribacter_manganicus_length=3616199_coverage=165.86_circular=yes	906163	906489	-	HNGIBB_00983	11.9	5.0		
SRR35809336_ctg8014_Candidatus_Viadribacter_manganicus_length=3616199_coverage=165.86_circular=yes	906492	906782	-	HNGIBB_00984	10.3	4.8		
SRR35809336_ctg8014_Candidatus_Viadribacter_manganicus_length=3616199_coverage=165.86_circular=yes	906849	907250	-	HNGIBB_00985	14.6	9.8		
SRR35809336_ctg8014_Candidatus_Viadribacter_manganicus_length=3616199_coverage=165.86_circular=yes	907247	907570	-	HNGIBB_00986	11.5	4.7		
SRR35809336_ctg8014_Candidatus_Viadribacter_manganicus_length=3616199_coverage=165.86_circular=yes	908111	908611	+	HNGIBB_00988	18.0	6.7	PF07179.17|SseB	PFAM:PF07179.17
SRR35809336_ctg8014_Candidatus_Viadribacter_manganicus_length=3616199_coverage=165.86_circular=yes	909055	909504	-	HNGIBB_00990	15.9	4.8		
SRR35809336_ctg8014_Candidatus_Viadribacter_manganicus_length=3616199_coverage=165.86_circular=yes	909567	910367	-	HNGIBB_00991	30.3	5.0		
SRR35809336_ctg8014_Candidatus_Viadribacter_manganicus_length=3616199_coverage=165.86_circular=yes	911547	911738	+	HNGIBB_00994	6.9	9.3		
SRR35809336_ctg8014_Candidatus_Viadribacter_manganicus_length=3616199_coverage=165.86_circular=yes	911815	912402	-	HNGIBB_00995	22.4	10.3		
SRR35809336_ctg8014_Candidatus_Viadribacter_manganicus_length=3616199_coverage=165.86_circular=yes	912641	913036	+	HNGIBB_00996	14.4	6.7		
SRR35809336_ctg8014_Candidatus_Viadribacter_manganicus_length=3616199_coverage=165.86_circular=yes	913033	914277	-	HNGIBB_00997	45.1	5.4	PF00079.25|Serpin	PFAM:PF00079.25
SRR35809336_ctg8014_Candidatus_Viadribacter_manganicus_length=3616199_coverage=165.86_circular=yes	916527	917039	-	HNGIBB_01000	19.2	5.6		
SRR35809336_ctg8014_Candidatus_Viadribacter_manganicus_length=3616199_coverage=165.86_circular=yes	917404	918126	-	HNGIBB_01001	25.9	7.0		
SRR35809336_ctg8014_Candidatus_Viadribacter_manganicus_length=3616199_coverage=165.86_circular=yes	920307	920501	+	HNGIBB_01004	7.2	6.9		
SRR35809336_ctg8014_Candidatus_Viadribacter_manganicus_length=3616199_coverage=165.86_circular=yes	923597	924229	+	HNGIBB_01007	22.7	5.5		
SRR35809336_ctg8014_Candidatus_Viadribacter_manganicus_length=3616199_coverage=165.86_circular=yes	924321	924602	+	HNGIBB_01008	10.0	5.5		
SRR35809336_ctg8014_Candidatus_Viadribacter_manganicus_length=3616199_coverage=165.86_circular=yes	925941	928025	+	HNGIBB_01010	75.2	7.8	PF05170.20|AsmA	PFAM:PF05170.20
SRR35809336_ctg8014_Candidatus_Viadribacter_manganicus_length=3616199_coverage=165.86_circular=yes	928071	928847	+	HNGIBB_01011	30.4	5.2	PF09970.15|DUF2204, PF14907.12|NTP_transf_5	PFAM:PF09970.15, PFAM:PF14907.12
SRR35809336_ctg8014_Candidatus_Viadribacter_manganicus_length=3616199_coverage=165.86_circular=yes	929560	930696	-	HNGIBB_01013	39.1	5.5	PF04893.22|Yip1	PFAM:PF04893.22
SRR35809336_ctg8014_Candidatus_Viadribacter_manganicus_length=3616199_coverage=165.86_circular=yes	932834	934174	-	HNGIBB_01016	50.1	9.4	PF01734.28|Patatin	PFAM:PF01734.28
SRR35809336_ctg8014_Candidatus_Viadribacter_manganicus_length=3616199_coverage=165.86_circular=yes	940800	941087	-	HNGIBB_01023	10.5	9.1	PF01022.26|HTH_5, PF12840.13|HTH_20, PF13463.12|HTH_27	PFAM:PF01022.26, PFAM:PF12840.13, PFAM:PF13463.12
SRR35809336_ctg8014_Candidatus_Viadribacter_manganicus_length=3616199_coverage=165.86_circular=yes	942688	943716	-	HNGIBB_01025	37.3	5.1		
SRR35809336_ctg8014_Candidatus_Viadribacter_manganicus_length=3616199_coverage=165.86_circular=yes	946140	946613	+	HNGIBB_01029	17.6	7.0	PF00293.34|NUDIX	PFAM:PF00293.34
SRR35809336_ctg8014_Candidatus_Viadribacter_manganicus_length=3616199_coverage=165.86_circular=yes	946680	947345	+	HNGIBB_01030	25.6	8.8		
SRR35809336_ctg8014_Candidatus_Viadribacter_manganicus_length=3616199_coverage=165.86_circular=yes	947841	948803	-	HNGIBB_01032	33.8	4.3		
SRR35809336_ctg8014_Candidatus_Viadribacter_manganicus_length=3616199_coverage=165.86_circular=yes	953302	953529	+	HNGIBB_01037	8.6	6.2		
SRR35809336_ctg8014_Candidatus_Viadribacter_manganicus_length=3616199_coverage=165.86_circular=yes	955328	955861	+	HNGIBB_01043	19.2	4.7		
SRR35809336_ctg8014_Candidatus_Viadribacter_manganicus_length=3616199_coverage=165.86_circular=yes	956233	957051	+	HNGIBB_01046	31.0	9.1	PF05711.17|TylF, PF13578.12|Methyltransf_24	PFAM:PF05711.17, PFAM:PF13578.12
SRR35809336_ctg8014_Candidatus_Viadribacter_manganicus_length=3616199_coverage=165.86_circular=yes	959714	960286	+	HNGIBB_01050	20.0	8.9		
SRR35809336_ctg8014_Candidatus_Viadribacter_manganicus_length=3616199_coverage=165.86_circular=yes	966628	967551	+	HNGIBB_01057	33.0	9.5		
SRR35809336_ctg8014_Candidatus_Viadribacter_manganicus_length=3616199_coverage=165.86_circular=yes	967671	968537	+	HNGIBB_01058	31.2	8.3		
SRR35809336_ctg8014_Candidatus_Viadribacter_manganicus_length=3616199_coverage=165.86_circular=yes	972186	973799	-	HNGIBB_01061	57.4	6.0		
SRR35809336_ctg8014_Candidatus_Viadribacter_manganicus_length=3616199_coverage=165.86_circular=yes	973796	974707	-	HNGIBB_01062	32.1	6.9	PF00364.28|Biotin_lipoyl, PF13533.12|Biotin_lipoyl_2, PF16576.10|HlyD_D23	PFAM:PF00364.28, PFAM:PF13533.12, PFAM:PF16576.10
SRR35809336_ctg8014_Candidatus_Viadribacter_manganicus_length=3616199_coverage=165.86_circular=yes	975717	977018	+	HNGIBB_01064	46.8	10.1		
SRR35809336_ctg8014_Candidatus_Viadribacter_manganicus_length=3616199_coverage=165.86_circular=yes	977076	977558	-	HNGIBB_01065	17.7	4.8		
SRR35809336_ctg8014_Candidatus_Viadribacter_manganicus_length=3616199_coverage=165.86_circular=yes	977577	978053	-	HNGIBB_01066	18.1	4.9		
SRR35809336_ctg8014_Candidatus_Viadribacter_manganicus_length=3616199_coverage=165.86_circular=yes	978302	978826	-	HNGIBB_01067	19.1	10.0		
SRR35809336_ctg8014_Candidatus_Viadribacter_manganicus_length=3616199_coverage=165.86_circular=yes	981293	982585	+	HNGIBB_01070	45.1	4.5		
SRR35809336_ctg8014_Candidatus_Viadribacter_manganicus_length=3616199_coverage=165.86_circular=yes	982577	983107	-	HNGIBB_01071	19.3	9.3		
SRR35809336_ctg8014_Candidatus_Viadribacter_manganicus_length=3616199_coverage=165.86_circular=yes	983152	983751	-	HNGIBB_01072	21.9	9.8		
SRR35809336_ctg8014_Candidatus_Viadribacter_manganicus_length=3616199_coverage=165.86_circular=yes	983748	984167	-	HNGIBB_01073	14.9	5.5	PF02311.25|AraC_binding, PF05899.18|Cupin_3, PF07883.17|Cupin_2	PFAM:PF02311.25, PFAM:PF05899.18, PFAM:PF07883.17
SRR35809336_ctg8014_Candidatus_Viadribacter_manganicus_length=3616199_coverage=165.86_circular=yes	985054	986136	+	HNGIBB_01075	39.1	6.2		
SRR35809336_ctg8014_Candidatus_Viadribacter_manganicus_length=3616199_coverage=165.86_circular=yes	986200	988665	-	HNGIBB_01076	89.5	4.4	PF00593.30|TonB_dep_Rec_b-barrel, PF07715.20|Plug	PFAM:PF00593.30, PFAM:PF07715.20
SRR35809336_ctg8014_Candidatus_Viadribacter_manganicus_length=3616199_coverage=165.86_circular=yes	993567	993953	+	HNGIBB_01080	13.5	4.1		
SRR35809336_ctg8014_Candidatus_Viadribacter_manganicus_length=3616199_coverage=165.86_circular=yes	994015	994416	+	HNGIBB_01081	14.0	4.2		
SRR35809336_ctg8014_Candidatus_Viadribacter_manganicus_length=3616199_coverage=165.86_circular=yes	995052	997187	-	HNGIBB_01083	74.9	4.9	PF02683.22|DsbD_TM, PF11412.14|DsbD_N, PF13899.12|Thioredoxin_7	PFAM:PF02683.22, PFAM:PF11412.14, PFAM:PF13899.12
SRR35809336_ctg8014_Candidatus_Viadribacter_manganicus_length=3616199_coverage=165.86_circular=yes	1001921	1002346	+	HNGIBB_01087	15.0	11.2	PF04138.20|GtrA_DPMS_TM	PFAM:PF04138.20
SRR35809336_ctg8014_Candidatus_Viadribacter_manganicus_length=3616199_coverage=165.86_circular=yes	1002343	1004157	+	HNGIBB_01088	64.3	9.2		
SRR35809336_ctg8014_Candidatus_Viadribacter_manganicus_length=3616199_coverage=165.86_circular=yes	1006210	1006605	-	HNGIBB_01090	15.1	10.0		
SRR35809336_ctg8014_Candidatus_Viadribacter_manganicus_length=3616199_coverage=165.86_circular=yes	1009617	1010303	-	HNGIBB_01095	25.2	11.0		
SRR35809336_ctg8014_Candidatus_Viadribacter_manganicus_length=3616199_coverage=165.86_circular=yes	1011253	1011795	+	HNGIBB_01097	19.0	9.8		
SRR35809336_ctg8014_Candidatus_Viadribacter_manganicus_length=3616199_coverage=165.86_circular=yes	1012788	1013099	+	HNGIBB_01099	11.7	5.0		
SRR35809336_ctg8014_Candidatus_Viadribacter_manganicus_length=3616199_coverage=165.86_circular=yes	1013686	1013934	+	HNGIBB_01101	8.4	5.5		
SRR35809336_ctg8014_Candidatus_Viadribacter_manganicus_length=3616199_coverage=165.86_circular=yes	1015802	1016923	-	HNGIBB_01104	39.0	4.9		SO:0001217, UniRef:UniRef50_A0A6I6MLU0
SRR35809336_ctg8014_Candidatus_Viadribacter_manganicus_length=3616199_coverage=165.86_circular=yes	1017187	1017525	+	HNGIBB_01105	11.9	5.7		
SRR35809336_ctg8014_Candidatus_Viadribacter_manganicus_length=3616199_coverage=165.86_circular=yes	1017586	1017933	-	HNGIBB_01106	12.7	6.4		
SRR35809336_ctg8014_Candidatus_Viadribacter_manganicus_length=3616199_coverage=165.86_circular=yes	1018826	1019239	-	HNGIBB_01108	14.9	9.4		
SRR35809336_ctg8014_Candidatus_Viadribacter_manganicus_length=3616199_coverage=165.86_circular=yes	1019315	1020160	-	HNGIBB_01109	29.8	4.8		
SRR35809336_ctg8014_Candidatus_Viadribacter_manganicus_length=3616199_coverage=165.86_circular=yes	1021369	1021785	+	HNGIBB_01111	15.5	10.2		
SRR35809336_ctg8014_Candidatus_Viadribacter_manganicus_length=3616199_coverage=165.86_circular=yes	1023892	1024548	+	HNGIBB_01114	22.8	8.9	PF13441.11|Gly-zipper_YMGG, PF13488.11|Gly-zipper_Omp	PFAM:PF13441.11, PFAM:PF13488.11
SRR35809336_ctg8014_Candidatus_Viadribacter_manganicus_length=3616199_coverage=165.86_circular=yes	1031780	1032469	+	HNGIBB_01124	24.4	5.0		
SRR35809336_ctg8014_Candidatus_Viadribacter_manganicus_length=3616199_coverage=165.86_circular=yes	1037579	1040296	+	HNGIBB_01129	93.5	4.1	PF00353.25|HemolysinCabind	PFAM:PF00353.25
SRR35809336_ctg8014_Candidatus_Viadribacter_manganicus_length=3616199_coverage=165.86_circular=yes	1040358	1043285	+	HNGIBB_01130	100.2	4.1	PF00353.25|HemolysinCabind	PFAM:PF00353.25
SRR35809336_ctg8014_Candidatus_Viadribacter_manganicus_length=3616199_coverage=165.86_circular=yes	1043354	1044160	-	HNGIBB_01131	29.0	5.4	PF00515.34|TPR_1, PF07719.23|TPR_2, PF07721.20|TPR_4, PF12895.13|ANAPC3, PF13174.12|TPR_6, PF13176.12|TPR_7, PF13181.12|TPR_8, PF13374.12|TPR_10, PF13414.12|TPR_11, PF13424.12|TPR_12, PF13428.12|TPR_14, PF13431.12|TPR_17, PF13432.12|TPR_16, PF14559.12|TPR_19	PFAM:PF00515.34, PFAM:PF07719.23, PFAM:PF07721.20, PFAM:PF12895.13, PFAM:PF13174.12, PFAM:PF13176.12, PFAM:PF13181.12, PFAM:PF13374.12, PFAM:PF13414.12, PFAM:PF13424.12, PFAM:PF13428.12, PFAM:PF13431.12, PFAM:PF13432.12, PFAM:PF14559.12
SRR35809336_ctg8014_Candidatus_Viadribacter_manganicus_length=3616199_coverage=165.86_circular=yes	1045625	1045999	-	HNGIBB_01133	13.8	5.4		
SRR35809336_ctg8014_Candidatus_Viadribacter_manganicus_length=3616199_coverage=165.86_circular=yes	1045996	1046541	-	HNGIBB_01134	19.7	9.2	PF04542.20|Sigma70_r2, PF04545.22|Sigma70_r4, PF08281.18|Sigma70_r4_2	PFAM:PF04542.20, PFAM:PF04545.22, PFAM:PF08281.18
SRR35809336_ctg8014_Candidatus_Viadribacter_manganicus_length=3616199_coverage=165.86_circular=yes	1046844	1047215	+	HNGIBB_01135	13.6	10.2	PF01047.28|MarR, PF09339.16|HTH_IclR, PF13463.12|HTH_27, PF22381.2|Staph_reg_Sar_Rot	PFAM:PF01047.28, PFAM:PF09339.16, PFAM:PF13463.12, PFAM:PF22381.2
SRR35809336_ctg8014_Candidatus_Viadribacter_manganicus_length=3616199_coverage=165.86_circular=yes	1048792	1049346	-	HNGIBB_01138	19.6	4.3		
SRR35809336_ctg8014_Candidatus_Viadribacter_manganicus_length=3616199_coverage=165.86_circular=yes	1051230	1052096	-	HNGIBB_01141	32.0	9.6	PF01936.24|NYN	PFAM:PF01936.24
SRR35809336_ctg8014_Candidatus_Viadribacter_manganicus_length=3616199_coverage=165.86_circular=yes	1054549	1055952	-	HNGIBB_01146	49.2	6.6	PF00144.29|Beta-lactamase	PFAM:PF00144.29
SRR35809336_ctg8014_Candidatus_Viadribacter_manganicus_length=3616199_coverage=165.86_circular=yes	1058895	1059005	-	HNGIBB_01150	3.7	4.5		
SRR35809336_ctg8014_Candidatus_Viadribacter_manganicus_length=3616199_coverage=165.86_circular=yes	1059160	1059627	+	HNGIBB_01151	16.7	4.6		
SRR35809336_ctg8014_Candidatus_Viadribacter_manganicus_length=3616199_coverage=165.86_circular=yes	1060337	1060831	+	HNGIBB_01153	17.6	10.9		
SRR35809336_ctg8014_Candidatus_Viadribacter_manganicus_length=3616199_coverage=165.86_circular=yes	1063020	1063247	+	HNGIBB_01156	7.8	9.4		
SRR35809336_ctg8014_Candidatus_Viadribacter_manganicus_length=3616199_coverage=165.86_circular=yes	1063304	1063525	+	HNGIBB_01157	6.9	4.1		
SRR35809336_ctg8014_Candidatus_Viadribacter_manganicus_length=3616199_coverage=165.86_circular=yes	1069171	1071069	-	HNGIBB_01165	66.4	4.3	PF00656.27|Peptidase_C14, PF04151.21|PPC	PFAM:PF00656.27, PFAM:PF04151.21
SRR35809336_ctg8014_Candidatus_Viadribacter_manganicus_length=3616199_coverage=165.86_circular=yes	1073842	1074369	+	HNGIBB_01167	18.2	4.8		
SRR35809336_ctg8014_Candidatus_Viadribacter_manganicus_length=3616199_coverage=165.86_circular=yes	1074456	1074902	+	HNGIBB_01168	15.7	4.4		
SRR35809336_ctg8014_Candidatus_Viadribacter_manganicus_length=3616199_coverage=165.86_circular=yes	1075658	1077598	+	HNGIBB_01170	70.1	8.5	PF02518.31|HATPase_c	PFAM:PF02518.31
SRR35809336_ctg8014_Candidatus_Viadribacter_manganicus_length=3616199_coverage=165.86_circular=yes	1079708	1080322	-	HNGIBB_01173	21.6	4.5		
SRR35809336_ctg8014_Candidatus_Viadribacter_manganicus_length=3616199_coverage=165.86_circular=yes	1085533	1086345	-	HNGIBB_01180	29.3	7.0	PF01817.26|CM_2	PFAM:PF01817.26
SRR35809336_ctg8014_Candidatus_Viadribacter_manganicus_length=3616199_coverage=165.86_circular=yes	1091290	1091844	-	HNGIBB_01186	20.8	5.7	PF04542.20|Sigma70_r2, PF04545.22|Sigma70_r4, PF08281.18|Sigma70_r4_2	PFAM:PF04542.20, PFAM:PF04545.22, PFAM:PF08281.18
SRR35809336_ctg8014_Candidatus_Viadribacter_manganicus_length=3616199_coverage=165.86_circular=yes	1093376	1094134	+	HNGIBB_01188	28.7	9.8		
SRR35809336_ctg8014_Candidatus_Viadribacter_manganicus_length=3616199_coverage=165.86_circular=yes	1100917	1101330	-	HNGIBB_01195	14.7	8.3		
SRR35809336_ctg8014_Candidatus_Viadribacter_manganicus_length=3616199_coverage=165.86_circular=yes	1115420	1115965	+	HNGIBB_01206	18.6	4.8		
SRR35809336_ctg8014_Candidatus_Viadribacter_manganicus_length=3616199_coverage=165.86_circular=yes	1116564	1116824	+	HNGIBB_01208	9.6	11.3		
SRR35809336_ctg8014_Candidatus_Viadribacter_manganicus_length=3616199_coverage=165.86_circular=yes	1121373	1122860	+	HNGIBB_01212	53.5	7.3	PF00535.33|Glycos_transf_2, PF13506.12|Glyco_transf_21, PF13632.12|Glyco_trans_2_3, PF13641.12|Glyco_tranf_2_3	PFAM:PF00535.33, PFAM:PF13506.12, PFAM:PF13632.12, PFAM:PF13641.12
SRR35809336_ctg8014_Candidatus_Viadribacter_manganicus_length=3616199_coverage=165.86_circular=yes	1122879	1123565	+	HNGIBB_01213	24.5	7.6		
SRR35809336_ctg8014_Candidatus_Viadribacter_manganicus_length=3616199_coverage=165.86_circular=yes	1132140	1132394	-	HNGIBB_01220	9.2	5.9		
SRR35809336_ctg8014_Candidatus_Viadribacter_manganicus_length=3616199_coverage=165.86_circular=yes	1132554	1132829	+	HNGIBB_01221	9.4	5.6		
SRR35809336_ctg8014_Candidatus_Viadribacter_manganicus_length=3616199_coverage=165.86_circular=yes	1133266	1133823	+	HNGIBB_01223	21.1	8.7	PF04542.20|Sigma70_r2, PF08281.18|Sigma70_r4_2	PFAM:PF04542.20, PFAM:PF08281.18
SRR35809336_ctg8014_Candidatus_Viadribacter_manganicus_length=3616199_coverage=165.86_circular=yes	1136544	1136915	+	HNGIBB_01226	12.5	9.7	PF04234.18|CopC	PFAM:PF04234.18
SRR35809336_ctg8014_Candidatus_Viadribacter_manganicus_length=3616199_coverage=165.86_circular=yes	1136936	1137292	+	HNGIBB_01227	12.3	9.7	PF04234.18|CopC	PFAM:PF04234.18
SRR35809336_ctg8014_Candidatus_Viadribacter_manganicus_length=3616199_coverage=165.86_circular=yes	1137292	1138146	+	HNGIBB_01228	28.9	10.1		
SRR35809336_ctg8014_Candidatus_Viadribacter_manganicus_length=3616199_coverage=165.86_circular=yes	1139580	1140752	-	HNGIBB_01230	41.4	11.4	PF13356.12|Arm-DNA-bind_3	PFAM:PF13356.12
SRR35809336_ctg8014_Candidatus_Viadribacter_manganicus_length=3616199_coverage=165.86_circular=yes	1148227	1148865	-	HNGIBB_01237	22.8	6.3	PF00036.39|EF-hand_1, PF10591.15|SPARC_Ca_bdg, PF13202.12|EF-hand_5, PF13405.12|EF-hand_6, PF13499.12|EF-hand_7	PFAM:PF00036.39, PFAM:PF10591.15, PFAM:PF13202.12, PFAM:PF13405.12, PFAM:PF13499.12
SRR35809336_ctg8014_Candidatus_Viadribacter_manganicus_length=3616199_coverage=165.86_circular=yes	1153106	1154014	-	HNGIBB_01243	30.8	5.5		
SRR35809336_ctg8014_Candidatus_Viadribacter_manganicus_length=3616199_coverage=165.86_circular=yes	1154026	1154133	-	HNGIBB_01244	3.7	11.2		
SRR35809336_ctg8014_Candidatus_Viadribacter_manganicus_length=3616199_coverage=165.86_circular=yes	1155329	1155721	+	HNGIBB_01246	14.5	4.7		
SRR35809336_ctg8014_Candidatus_Viadribacter_manganicus_length=3616199_coverage=165.86_circular=yes	1156264	1157037	-	HNGIBB_01248	27.3	5.8	PF07536.20|HWE_HK, PF13581.12|HATPase_c_2	PFAM:PF07536.20, PFAM:PF13581.12
SRR35809336_ctg8014_Candidatus_Viadribacter_manganicus_length=3616199_coverage=165.86_circular=yes	1157081	1157266	-	HNGIBB_01249	7.0	5.1		
SRR35809336_ctg8014_Candidatus_Viadribacter_manganicus_length=3616199_coverage=165.86_circular=yes	1157346	1157489	-	HNGIBB_01250	4.7	8.1		
SRR35809336_ctg8014_Candidatus_Viadribacter_manganicus_length=3616199_coverage=165.86_circular=yes	1157706	1157924	+	HNGIBB_01251	7.9	11.1		
SRR35809336_ctg8014_Candidatus_Viadribacter_manganicus_length=3616199_coverage=165.86_circular=yes	1161124	1161501	+	HNGIBB_01255	13.0	9.1		
SRR35809336_ctg8014_Candidatus_Viadribacter_manganicus_length=3616199_coverage=165.86_circular=yes	1161508	1162518	-	HNGIBB_01256	38.3	5.9	PF00756.26|Esterase	PFAM:PF00756.26
SRR35809336_ctg8014_Candidatus_Viadribacter_manganicus_length=3616199_coverage=165.86_circular=yes	1180398	1180871	-	HNGIBB_01269	16.2	7.8		
SRR35809336_ctg8014_Candidatus_Viadribacter_manganicus_length=3616199_coverage=165.86_circular=yes	1181342	1182073	-	HNGIBB_01271	26.2	5.4	PF13676.11|TIR_2	PFAM:PF13676.11
SRR35809336_ctg8014_Candidatus_Viadribacter_manganicus_length=3616199_coverage=165.86_circular=yes	1182133	1182603	-	HNGIBB_01272	16.0	7.9		
SRR35809336_ctg8014_Candidatus_Viadribacter_manganicus_length=3616199_coverage=165.86_circular=yes	1182600	1183403	-	HNGIBB_01273	29.5	6.4	PF00326.27|Peptidase_S9, PF12146.15|Hydrolase_4	PFAM:PF00326.27, PFAM:PF12146.15
SRR35809336_ctg8014_Candidatus_Viadribacter_manganicus_length=3616199_coverage=165.86_circular=yes	1185874	1186401	+	HNGIBB_01277	19.7	9.8	PF10756.15|bPH_6	PFAM:PF10756.15
SRR35809336_ctg8014_Candidatus_Viadribacter_manganicus_length=3616199_coverage=165.86_circular=yes	1192495	1193247	-	HNGIBB_01285	27.0	9.6	PF02397.22|Bac_transf	PFAM:PF02397.22
SRR35809336_ctg8014_Candidatus_Viadribacter_manganicus_length=3616199_coverage=165.86_circular=yes	1195889	1196320	-	HNGIBB_01288	15.1	10.6		
SRR35809336_ctg8014_Candidatus_Viadribacter_manganicus_length=3616199_coverage=165.86_circular=yes	1202347	1203327	+	HNGIBB_01294	36.0	6.8	PF03372.29|Exo_endo_phos	PFAM:PF03372.29
SRR35809336_ctg8014_Candidatus_Viadribacter_manganicus_length=3616199_coverage=165.86_circular=yes	1203461	1203724	+	HNGIBB_01295	8.8	4.1		
SRR35809336_ctg8014_Candidatus_Viadribacter_manganicus_length=3616199_coverage=165.86_circular=yes	1203805	1204218	+	HNGIBB_01296	14.5	4.1		
SRR35809336_ctg8014_Candidatus_Viadribacter_manganicus_length=3616199_coverage=165.86_circular=yes	1207395	1208336	+	HNGIBB_01299	36.1	6.2		
SRR35809336_ctg8014_Candidatus_Viadribacter_manganicus_length=3616199_coverage=165.86_circular=yes	1210117	1210899	-	HNGIBB_01302	28.6	10.1	PF02397.22|Bac_transf	PFAM:PF02397.22
SRR35809336_ctg8014_Candidatus_Viadribacter_manganicus_length=3616199_coverage=165.86_circular=yes	1211094	1213286	-	HNGIBB_01303	79.1	5.4	PF01656.29|CbiA, PF09140.17|MipZ, PF13614.12|AAA_31	PFAM:PF01656.29, PFAM:PF09140.17, PFAM:PF13614.12
SRR35809336_ctg8014_Candidatus_Viadribacter_manganicus_length=3616199_coverage=165.86_circular=yes	1213878	1214069	+	HNGIBB_01304	6.9	11.1		
SRR35809336_ctg8014_Candidatus_Viadribacter_manganicus_length=3616199_coverage=165.86_circular=yes	1214158	1215171	+	HNGIBB_01305	37.7	9.1	PF00535.33|Glycos_transf_2	PFAM:PF00535.33
SRR35809336_ctg8014_Candidatus_Viadribacter_manganicus_length=3616199_coverage=165.86_circular=yes	1215168	1216355	-	HNGIBB_01306	43.2	7.1		
SRR35809336_ctg8014_Candidatus_Viadribacter_manganicus_length=3616199_coverage=165.86_circular=yes	1217648	1218979	+	HNGIBB_01308	48.9	9.0		
SRR35809336_ctg8014_Candidatus_Viadribacter_manganicus_length=3616199_coverage=165.86_circular=yes	1218976	1220895	-	HNGIBB_01309	71.0	6.0	PF00733.27|Asn_synthase, PF13522.11|GATase_6, PF13537.11|GATase_7	PFAM:PF00733.27, PFAM:PF13522.11, PFAM:PF13537.11
SRR35809336_ctg8014_Candidatus_Viadribacter_manganicus_length=3616199_coverage=165.86_circular=yes	1222188	1223429	-	HNGIBB_01311	45.1	5.4		
SRR35809336_ctg8014_Candidatus_Viadribacter_manganicus_length=3616199_coverage=165.86_circular=yes	1224070	1224429	-	HNGIBB_01313	13.2	4.8		
SRR35809336_ctg8014_Candidatus_Viadribacter_manganicus_length=3616199_coverage=165.86_circular=yes	1224458	1224970	+	HNGIBB_01314	18.3	5.9	PF00072.30|Response_reg	PFAM:PF00072.30
SRR35809336_ctg8014_Candidatus_Viadribacter_manganicus_length=3616199_coverage=165.86_circular=yes	1225012	1225653	+	HNGIBB_01315	22.9	5.6	PF00512.31|HisKA, PF02518.31|HATPase_c	PFAM:PF00512.31, PFAM:PF02518.31
SRR35809336_ctg8014_Candidatus_Viadribacter_manganicus_length=3616199_coverage=165.86_circular=yes	1226375	1227682	-	HNGIBB_01317	47.4	9.6	PF01551.29|Peptidase_M23, PF19425.4|Csd3_N2	PFAM:PF01551.29, PFAM:PF19425.4
SRR35809336_ctg8014_Candidatus_Viadribacter_manganicus_length=3616199_coverage=165.86_circular=yes	1231402	1231605	+	HNGIBB_01319	7.2	4.3		
SRR35809336_ctg8014_Candidatus_Viadribacter_manganicus_length=3616199_coverage=165.86_circular=yes	1232374	1232625	+	HNGIBB_01321	9.0	5.2		
SRR35809336_ctg8014_Candidatus_Viadribacter_manganicus_length=3616199_coverage=165.86_circular=yes	1235219	1235452	+	HNGIBB_01323	8.3	5.0		SO:0001217, UniRef:UniRef50_A0A1B1AG15
SRR35809336_ctg8014_Candidatus_Viadribacter_manganicus_length=3616199_coverage=165.86_circular=yes	1240415	1240849	-	HNGIBB_01327	15.5	4.6	PF00254.34|FKBP_C	PFAM:PF00254.34
SRR35809336_ctg8014_Candidatus_Viadribacter_manganicus_length=3616199_coverage=165.86_circular=yes	1241771	1242757	+	HNGIBB_01329	36.2	9.6	PF13480.13|Acetyltransf_6	PFAM:PF13480.13
SRR35809336_ctg8014_Candidatus_Viadribacter_manganicus_length=3616199_coverage=165.86_circular=yes	1246389	1246676	+	HNGIBB_01333	10.6	4.3		
SRR35809336_ctg8014_Candidatus_Viadribacter_manganicus_length=3616199_coverage=165.86_circular=yes	1246745	1247554	+	HNGIBB_01334	29.4	6.2	PF00165.29|HTH_AraC, PF02311.25|AraC_binding, PF12833.13|HTH_18	PFAM:PF00165.29, PFAM:PF02311.25, PFAM:PF12833.13
SRR35809336_ctg8014_Candidatus_Viadribacter_manganicus_length=3616199_coverage=165.86_circular=yes	1247616	1248083	+	HNGIBB_01335	16.6	9.5		
SRR35809336_ctg8014_Candidatus_Viadribacter_manganicus_length=3616199_coverage=165.86_circular=yes	1248080	1248373	+	HNGIBB_01336	10.7	6.8		
SRR35809336_ctg8014_Candidatus_Viadribacter_manganicus_length=3616199_coverage=165.86_circular=yes	1248413	1248910	+	HNGIBB_01337	17.2	9.0	PF00515.34|TPR_1, PF07719.23|TPR_2, PF13181.12|TPR_8, PF13414.12|TPR_11, PF13428.12|TPR_14, PF13432.12|TPR_16, PF14559.12|TPR_19	PFAM:PF00515.34, PFAM:PF07719.23, PFAM:PF13181.12, PFAM:PF13414.12, PFAM:PF13428.12, PFAM:PF13432.12, PFAM:PF14559.12
SRR35809336_ctg8014_Candidatus_Viadribacter_manganicus_length=3616199_coverage=165.86_circular=yes	1249825	1250316	-	HNGIBB_01339	17.3	10.9		
SRR35809336_ctg8014_Candidatus_Viadribacter_manganicus_length=3616199_coverage=165.86_circular=yes	1252384	1253145	+	HNGIBB_01341	27.5	4.9		SO:0001217, UniRef:UniRef50_A0A7Y8MET7
SRR35809336_ctg8014_Candidatus_Viadribacter_manganicus_length=3616199_coverage=165.86_circular=yes	1255807	1256904	-	HNGIBB_01344	39.1	5.4	PF00144.29|Beta-lactamase	PFAM:PF00144.29
SRR35809336_ctg8014_Candidatus_Viadribacter_manganicus_length=3616199_coverage=165.86_circular=yes	1257057	1257923	+	HNGIBB_01345	31.8	4.9	PF00036.39|EF-hand_1, PF13202.12|EF-hand_5, PF13405.12|EF-hand_6	PFAM:PF00036.39, PFAM:PF13202.12, PFAM:PF13405.12
SRR35809336_ctg8014_Candidatus_Viadribacter_manganicus_length=3616199_coverage=165.86_circular=yes	1258451	1258747	-	HNGIBB_01346	10.5	6.0		
SRR35809336_ctg8014_Candidatus_Viadribacter_manganicus_length=3616199_coverage=165.86_circular=yes	1258744	1258914	-	HNGIBB_01347	6.0	11.2		
SRR35809336_ctg8014_Candidatus_Viadribacter_manganicus_length=3616199_coverage=165.86_circular=yes	1258975	1259946	-	HNGIBB_01348	36.9	9.8	PF12760.12|Zn_ribbon_IS1595, PF12762.13|DDE_Tnp_IS1595	PFAM:PF12760.12, PFAM:PF12762.13
SRR35809336_ctg8014_Candidatus_Viadribacter_manganicus_length=3616199_coverage=165.86_circular=yes	1260046	1260567	-	HNGIBB_01349	20.0	5.1		
SRR35809336_ctg8014_Candidatus_Viadribacter_manganicus_length=3616199_coverage=165.86_circular=yes	1261124	1261810	+	HNGIBB_01351	26.5	10.3		
SRR35809336_ctg8014_Candidatus_Viadribacter_manganicus_length=3616199_coverage=165.86_circular=yes	1261817	1262572	+	HNGIBB_01352	27.7	5.8		
SRR35809336_ctg8014_Candidatus_Viadribacter_manganicus_length=3616199_coverage=165.86_circular=yes	1262883	1262975	+	HNGIBB_01353	3.1	8.0		
SRR35809336_ctg8014_Candidatus_Viadribacter_manganicus_length=3616199_coverage=165.86_circular=yes	1263179	1263286	+	HNGIBB_01354	3.6	10.0		
SRR35809336_ctg8014_Candidatus_Viadribacter_manganicus_length=3616199_coverage=165.86_circular=yes	1263602	1263694	+	HNGIBB_01355	3.0	8.5		
SRR35809336_ctg8014_Candidatus_Viadribacter_manganicus_length=3616199_coverage=165.86_circular=yes	1263869	1263961	+	HNGIBB_01356	3.2	9.5		
SRR35809336_ctg8014_Candidatus_Viadribacter_manganicus_length=3616199_coverage=165.86_circular=yes	1281393	1282574	+	HNGIBB_01369	40.7	7.6		
SRR35809336_ctg8014_Candidatus_Viadribacter_manganicus_length=3616199_coverage=165.86_circular=yes	1283071	1283280	-	HNGIBB_01370	7.6	5.4		
SRR35809336_ctg8014_Candidatus_Viadribacter_manganicus_length=3616199_coverage=165.86_circular=yes	1283280	1283369	-	HNGIBB_01371	3.1	9.3		
SRR35809336_ctg8014_Candidatus_Viadribacter_manganicus_length=3616199_coverage=165.86_circular=yes	1283366	1283545	-	HNGIBB_01372	6.7	12.0		
SRR35809336_ctg8014_Candidatus_Viadribacter_manganicus_length=3616199_coverage=165.86_circular=yes	1283644	1283907	-	HNGIBB_01373	9.5	10.2		
SRR35809336_ctg8014_Candidatus_Viadribacter_manganicus_length=3616199_coverage=165.86_circular=yes	1283992	1284798	+	HNGIBB_01374	29.8	8.9		
SRR35809336_ctg8014_Candidatus_Viadribacter_manganicus_length=3616199_coverage=165.86_circular=yes	1288566	1288757	+	HNGIBB_01378	7.2	11.3		
SRR35809336_ctg8014_Candidatus_Viadribacter_manganicus_length=3616199_coverage=165.86_circular=yes	1290430	1291548	+	HNGIBB_01380	41.2	5.7	PF00515.34|TPR_1, PF03704.23|BTAD, PF07719.23|TPR_2, PF10516.15|SHNi-TPR, PF12895.13|ANAPC3, PF13174.12|TPR_6, PF13176.12|TPR_7, PF13181.12|TPR_8, PF13371.12|TPR_9, PF13374.12|TPR_10, PF13414.12|TPR_11, PF13424.12|TPR_12, PF13428.12|TPR_14, PF13431.12|TPR_17, PF13432.12|TPR_16, PF14559.12|TPR_19	PFAM:PF00515.34, PFAM:PF03704.23, PFAM:PF07719.23, PFAM:PF10516.15, PFAM:PF12895.13, PFAM:PF13174.12, PFAM:PF13176.12, PFAM:PF13181.12, PFAM:PF13371.12, PFAM:PF13374.12, PFAM:PF13414.12, PFAM:PF13424.12, PFAM:PF13428.12, PFAM:PF13431.12, PFAM:PF13432.12, PFAM:PF14559.12
SRR35809336_ctg8014_Candidatus_Viadribacter_manganicus_length=3616199_coverage=165.86_circular=yes	1293919	1294407	-	HNGIBB_01384	17.8	5.0	PF01243.27|PNPOx_N, PF16242.11|Pyrid_ox_like	PFAM:PF01243.27, PFAM:PF16242.11
SRR35809336_ctg8014_Candidatus_Viadribacter_manganicus_length=3616199_coverage=165.86_circular=yes	1294422	1294832	-	HNGIBB_01385	14.7	6.0		
SRR35809336_ctg8014_Candidatus_Viadribacter_manganicus_length=3616199_coverage=165.86_circular=yes	1296181	1296702	-	HNGIBB_01387	18.5	5.9	PF07705.17|CARDB	PFAM:PF07705.17
SRR35809336_ctg8014_Candidatus_Viadribacter_manganicus_length=3616199_coverage=165.86_circular=yes	1296782	1296883	-	HNGIBB_01388	3.5	9.5		
SRR35809336_ctg8014_Candidatus_Viadribacter_manganicus_length=3616199_coverage=165.86_circular=yes	1296946	1297233	-	HNGIBB_01389	10.4	6.7	PF22294.1|DUF6966	PFAM:PF22294.1
SRR35809336_ctg8014_Candidatus_Viadribacter_manganicus_length=3616199_coverage=165.86_circular=yes	1299403	1300299	-	HNGIBB_01392	33.5	5.8		
SRR35809336_ctg8014_Candidatus_Viadribacter_manganicus_length=3616199_coverage=165.86_circular=yes	1300420	1300992	+	HNGIBB_01393	20.4	9.6		
SRR35809336_ctg8014_Candidatus_Viadribacter_manganicus_length=3616199_coverage=165.86_circular=yes	1301075	1303141	+	HNGIBB_01394	74.9	6.4	PF09826.15|Beta_propel	PFAM:PF09826.15
SRR35809336_ctg8014_Candidatus_Viadribacter_manganicus_length=3616199_coverage=165.86_circular=yes	1304105	1308220	+	HNGIBB_01396	149.8	5.4		
SRR35809336_ctg8014_Candidatus_Viadribacter_manganicus_length=3616199_coverage=165.86_circular=yes	1308217	1311153	+	HNGIBB_01397	110.7	6.1		
SRR35809336_ctg8014_Candidatus_Viadribacter_manganicus_length=3616199_coverage=165.86_circular=yes	1311158	1312639	+	HNGIBB_01398	53.4	5.4		
SRR35809336_ctg8014_Candidatus_Viadribacter_manganicus_length=3616199_coverage=165.86_circular=yes	1312651	1314741	+	HNGIBB_01399	75.5	6.9		
SRR35809336_ctg8014_Candidatus_Viadribacter_manganicus_length=3616199_coverage=165.86_circular=yes	1314772	1316097	+	HNGIBB_01400	47.4	6.1	PF01734.28|Patatin	PFAM:PF01734.28
SRR35809336_ctg8014_Candidatus_Viadribacter_manganicus_length=3616199_coverage=165.86_circular=yes	1318572	1319036	-	HNGIBB_01402	17.1	5.3		
SRR35809336_ctg8014_Candidatus_Viadribacter_manganicus_length=3616199_coverage=165.86_circular=yes	1320656	1320964	-	HNGIBB_01405	11.3	10.6		
SRR35809336_ctg8014_Candidatus_Viadribacter_manganicus_length=3616199_coverage=165.86_circular=yes	1321061	1322269	+	HNGIBB_01406	44.6	5.2		
SRR35809336_ctg8014_Candidatus_Viadribacter_manganicus_length=3616199_coverage=165.86_circular=yes	1322549	1322971	+	HNGIBB_01407	14.9	10.1		SO:0001217, UniRef:UniRef50_A0A1B1AG51
SRR35809336_ctg8014_Candidatus_Viadribacter_manganicus_length=3616199_coverage=165.86_circular=yes	1322968	1323420	-	HNGIBB_01408	16.0	4.6		
SRR35809336_ctg8014_Candidatus_Viadribacter_manganicus_length=3616199_coverage=165.86_circular=yes	1323424	1323852	-	HNGIBB_01409	15.4	6.6		
SRR35809336_ctg8014_Candidatus_Viadribacter_manganicus_length=3616199_coverage=165.86_circular=yes	1328891	1329403	-	HNGIBB_01416	18.8	4.5	PF12883.13|DUF3828	PFAM:PF12883.13
SRR35809336_ctg8014_Candidatus_Viadribacter_manganicus_length=3616199_coverage=165.86_circular=yes	1330049	1330324	-	HNGIBB_01418	9.2	9.2		
SRR35809336_ctg8014_Candidatus_Viadribacter_manganicus_length=3616199_coverage=165.86_circular=yes	1331537	1332763	-	HNGIBB_01420	45.6	5.0	PF00912.28|Transgly	PFAM:PF00912.28
SRR35809336_ctg8014_Candidatus_Viadribacter_manganicus_length=3616199_coverage=165.86_circular=yes	1333905	1334924	-	HNGIBB_01422	36.8	5.9		
SRR35809336_ctg8014_Candidatus_Viadribacter_manganicus_length=3616199_coverage=165.86_circular=yes	1342115	1342567	+	HNGIBB_01426	16.5	9.2	PF04343.18|DUF488	PFAM:PF04343.18
SRR35809336_ctg8014_Candidatus_Viadribacter_manganicus_length=3616199_coverage=165.86_circular=yes	1342530	1343207	-	HNGIBB_01427	24.0	6.8		
SRR35809336_ctg8014_Candidatus_Viadribacter_manganicus_length=3616199_coverage=165.86_circular=yes	1344406	1344975	+	HNGIBB_01429	22.3	11.1		SO:0001217, UniRef:UniRef50_A0A1V1PJC9
SRR35809336_ctg8014_Candidatus_Viadribacter_manganicus_length=3616199_coverage=165.86_circular=yes	1345068	1345298	+	HNGIBB_01430	8.5	11.9		
SRR35809336_ctg8014_Candidatus_Viadribacter_manganicus_length=3616199_coverage=165.86_circular=yes	1348824	1349636	-	HNGIBB_01434	30.4	4.9		
SRR35809336_ctg8014_Candidatus_Viadribacter_manganicus_length=3616199_coverage=165.86_circular=yes	1349696	1350295	-	HNGIBB_01435	21.3	9.2		
SRR35809336_ctg8014_Candidatus_Viadribacter_manganicus_length=3616199_coverage=165.86_circular=yes	1352294	1353259	+	HNGIBB_01439	35.6	5.8		
SRR35809336_ctg8014_Candidatus_Viadribacter_manganicus_length=3616199_coverage=165.86_circular=yes	1353256	1353546	+	HNGIBB_01440	10.6	9.8		
SRR35809336_ctg8014_Candidatus_Viadribacter_manganicus_length=3616199_coverage=165.86_circular=yes	1353609	1353887	+	HNGIBB_01441	10.0	7.9		SO:0001217, UniRef:UniRef50_A0A1B1AG71
SRR35809336_ctg8014_Candidatus_Viadribacter_manganicus_length=3616199_coverage=165.86_circular=yes	1354402	1354671	+	HNGIBB_01443	9.3	11.5		
SRR35809336_ctg8014_Candidatus_Viadribacter_manganicus_length=3616199_coverage=165.86_circular=yes	1357674	1358450	+	HNGIBB_01447	27.2	10.9		
SRR35809336_ctg8014_Candidatus_Viadribacter_manganicus_length=3616199_coverage=165.86_circular=yes	1358454	1359089	-	HNGIBB_01448	23.7	4.9		
SRR35809336_ctg8014_Candidatus_Viadribacter_manganicus_length=3616199_coverage=165.86_circular=yes	1359169	1359867	-	HNGIBB_01449	26.0	5.2		
SRR35809336_ctg8014_Candidatus_Viadribacter_manganicus_length=3616199_coverage=165.86_circular=yes	1360598	1361836	+	HNGIBB_01451	45.9	5.3	PF00067.27|p450	PFAM:PF00067.27
SRR35809336_ctg8014_Candidatus_Viadribacter_manganicus_length=3616199_coverage=165.86_circular=yes	1361833	1362630	-	HNGIBB_01452	29.9	5.6	PF13676.11|TIR_2	PFAM:PF13676.11
SRR35809336_ctg8014_Candidatus_Viadribacter_manganicus_length=3616199_coverage=165.86_circular=yes	1363401	1364879	-	HNGIBB_01454	52.9	8.8		
SRR35809336_ctg8014_Candidatus_Viadribacter_manganicus_length=3616199_coverage=165.86_circular=yes	1365160	1366119	+	HNGIBB_01455	33.8	10.1		
SRR35809336_ctg8014_Candidatus_Viadribacter_manganicus_length=3616199_coverage=165.86_circular=yes	1366180	1367100	-	HNGIBB_01456	32.9	6.5		
SRR35809336_ctg8014_Candidatus_Viadribacter_manganicus_length=3616199_coverage=165.86_circular=yes	1371843	1372457	+	HNGIBB_01462	23.0	9.1		
SRR35809336_ctg8014_Candidatus_Viadribacter_manganicus_length=3616199_coverage=165.86_circular=yes	1372490	1373629	+	HNGIBB_01463	41.3	9.3	PF01757.29|Acyl_transf_3	PFAM:PF01757.29
SRR35809336_ctg8014_Candidatus_Viadribacter_manganicus_length=3616199_coverage=165.86_circular=yes	1374873	1376207	-	HNGIBB_01465	48.7	4.7	PF03781.22|FGE-sulfatase	PFAM:PF03781.22
SRR35809336_ctg8014_Candidatus_Viadribacter_manganicus_length=3616199_coverage=165.86_circular=yes	1385203	1386804	+	HNGIBB_01473	57.2	6.4		
SRR35809336_ctg8014_Candidatus_Viadribacter_manganicus_length=3616199_coverage=165.86_circular=yes	1389172	1389600	+	HNGIBB_01476	15.3	4.9	PF03724.22|META	PFAM:PF03724.22
SRR35809336_ctg8014_Candidatus_Viadribacter_manganicus_length=3616199_coverage=165.86_circular=yes	1389597	1390007	+	HNGIBB_01477	14.3	5.1	PF03724.22|META	PFAM:PF03724.22
SRR35809336_ctg8014_Candidatus_Viadribacter_manganicus_length=3616199_coverage=165.86_circular=yes	1390011	1390484	-	HNGIBB_01478	16.2	4.9		
SRR35809336_ctg8014_Candidatus_Viadribacter_manganicus_length=3616199_coverage=165.86_circular=yes	1392041	1392292	+	HNGIBB_01481	8.5	4.1		
SRR35809336_ctg8014_Candidatus_Viadribacter_manganicus_length=3616199_coverage=165.86_circular=yes	1394015	1396576	+	HNGIBB_01484	90.2	4.2	PF00593.30|TonB_dep_Rec_b-barrel, PF07715.20|Plug	PFAM:PF00593.30, PFAM:PF07715.20
SRR35809336_ctg8014_Candidatus_Viadribacter_manganicus_length=3616199_coverage=165.86_circular=yes	1396662	1397042	+	HNGIBB_01485	13.2	4.7	PF00072.30|Response_reg	PFAM:PF00072.30
SRR35809336_ctg8014_Candidatus_Viadribacter_manganicus_length=3616199_coverage=165.86_circular=yes	1398001	1398504	-	HNGIBB_01487	17.4	4.3	PF07452.17|CHRD	PFAM:PF07452.17
SRR35809336_ctg8014_Candidatus_Viadribacter_manganicus_length=3616199_coverage=165.86_circular=yes	1399649	1399933	-	HNGIBB_01489	10.0	10.9		
SRR35809336_ctg8014_Candidatus_Viadribacter_manganicus_length=3616199_coverage=165.86_circular=yes	1399920	1400249	-	HNGIBB_01490	11.8	6.1		
SRR35809336_ctg8014_Candidatus_Viadribacter_manganicus_length=3616199_coverage=165.86_circular=yes	1400329	1400901	-	HNGIBB_01491	21.8	4.8		
SRR35809336_ctg8014_Candidatus_Viadribacter_manganicus_length=3616199_coverage=165.86_circular=yes	1403367	1403822	-	HNGIBB_01495	17.1	9.7		
SRR35809336_ctg8014_Candidatus_Viadribacter_manganicus_length=3616199_coverage=165.86_circular=yes	1403824	1404084	-	HNGIBB_01496	9.5	9.6		
SRR35809336_ctg8014_Candidatus_Viadribacter_manganicus_length=3616199_coverage=165.86_circular=yes	1404144	1404467	+	HNGIBB_01497	11.5	10.4		
SRR35809336_ctg8014_Candidatus_Viadribacter_manganicus_length=3616199_coverage=165.86_circular=yes	1406720	1406959	-	HNGIBB_01500	9.0	5.4	PF18557.6|NepR	PFAM:PF18557.6
SRR35809336_ctg8014_Candidatus_Viadribacter_manganicus_length=3616199_coverage=165.86_circular=yes	1408020	1408184	+	HNGIBB_01502	5.5	4.1		
SRR35809336_ctg8014_Candidatus_Viadribacter_manganicus_length=3616199_coverage=165.86_circular=yes	1408292	1408771	+	HNGIBB_01503	16.5	6.0		
SRR35809336_ctg8014_Candidatus_Viadribacter_manganicus_length=3616199_coverage=165.86_circular=yes	1408853	1411207	+	HNGIBB_01504	84.2	6.7	PF00563.25|EAL, PF00672.30|HAMP, PF00990.26|GGDEF	PFAM:PF00563.25, PFAM:PF00672.30, PFAM:PF00990.26
SRR35809336_ctg8014_Candidatus_Viadribacter_manganicus_length=3616199_coverage=165.86_circular=yes	1424574	1425476	-	HNGIBB_01519	32.5	6.3	PF00989.32|PAS, PF08448.16|PAS_4, PF13426.13|PAS_9	PFAM:PF00989.32, PFAM:PF08448.16, PFAM:PF13426.13
SRR35809336_ctg8014_Candidatus_Viadribacter_manganicus_length=3616199_coverage=165.86_circular=yes	1425748	1426176	+	HNGIBB_01520	15.3	5.3		
SRR35809336_ctg8014_Candidatus_Viadribacter_manganicus_length=3616199_coverage=165.86_circular=yes	1426176	1427822	+	HNGIBB_01521	57.5	5.6	PF13400.11|Tad	PFAM:PF13400.11
SRR35809336_ctg8014_Candidatus_Viadribacter_manganicus_length=3616199_coverage=165.86_circular=yes	1427990	1428481	+	HNGIBB_01522	16.9	4.3	PF05229.21|SCPU	PFAM:PF05229.21
SRR35809336_ctg8014_Candidatus_Viadribacter_manganicus_length=3616199_coverage=165.86_circular=yes	1428478	1429170	+	HNGIBB_01523	24.3	9.2	PF00345.26|PapD_N	PFAM:PF00345.26
SRR35809336_ctg8014_Candidatus_Viadribacter_manganicus_length=3616199_coverage=165.86_circular=yes	1429133	1431355	+	HNGIBB_01524	78.2	4.9		
SRR35809336_ctg8014_Candidatus_Viadribacter_manganicus_length=3616199_coverage=165.86_circular=yes	1431352	1431843	+	HNGIBB_01525	17.1	5.1	PF05229.21|SCPU	PFAM:PF05229.21
SRR35809336_ctg8014_Candidatus_Viadribacter_manganicus_length=3616199_coverage=165.86_circular=yes	1443914	1444648	-	HNGIBB_01533	26.4	4.9		
SRR35809336_ctg8014_Candidatus_Viadribacter_manganicus_length=3616199_coverage=165.86_circular=yes	1449423	1450244	+	HNGIBB_01540	27.4	4.5		
SRR35809336_ctg8014_Candidatus_Viadribacter_manganicus_length=3616199_coverage=165.86_circular=yes	1453020	1453472	+	HNGIBB_01544	16.7	10.0	PF01047.28|MarR, PF13412.12|HTH_24	PFAM:PF01047.28, PFAM:PF13412.12
SRR35809336_ctg8014_Candidatus_Viadribacter_manganicus_length=3616199_coverage=165.86_circular=yes	1453469	1454239	-	HNGIBB_01545	27.8	5.2	PF00561.26|Abhydrolase_1, PF12146.15|Hydrolase_4, PF12697.13|Abhydrolase_6	PFAM:PF00561.26, PFAM:PF12146.15, PFAM:PF12697.13
SRR35809336_ctg8014_Candidatus_Viadribacter_manganicus_length=3616199_coverage=165.86_circular=yes	1455807	1456118	+	HNGIBB_01547	11.0	6.6		
SRR35809336_ctg8014_Candidatus_Viadribacter_manganicus_length=3616199_coverage=165.86_circular=yes	1459348	1460862	+	HNGIBB_01550	52.1	4.6	PF02120.21|Flg_hook	PFAM:PF02120.21
SRR35809336_ctg8014_Candidatus_Viadribacter_manganicus_length=3616199_coverage=165.86_circular=yes	1463152	1463433	+	HNGIBB_01553	10.5	9.4		
SRR35809336_ctg8014_Candidatus_Viadribacter_manganicus_length=3616199_coverage=165.86_circular=yes	1463683	1465302	+	HNGIBB_01554	56.3	4.8	PF08345.17|YscJ_FliF_C	PFAM:PF08345.17
SRR35809336_ctg8014_Candidatus_Viadribacter_manganicus_length=3616199_coverage=165.86_circular=yes	1468677	1468835	+	HNGIBB_01559	5.2	8.0		
SRR35809336_ctg8014_Candidatus_Viadribacter_manganicus_length=3616199_coverage=165.86_circular=yes	1472253	1472657	-	HNGIBB_01562	15.3	5.7		
SRR35809336_ctg8014_Candidatus_Viadribacter_manganicus_length=3616199_coverage=165.86_circular=yes	1482101	1482217	-	HNGIBB_01569	4.2	4.1		
SRR35809336_ctg8014_Candidatus_Viadribacter_manganicus_length=3616199_coverage=165.86_circular=yes	1482500	1483195	+	HNGIBB_01570	25.9	9.5	PF00165.29|HTH_AraC, PF08448.16|PAS_4, PF12833.13|HTH_18	PFAM:PF00165.29, PFAM:PF08448.16, PFAM:PF12833.13
SRR35809336_ctg8014_Candidatus_Viadribacter_manganicus_length=3616199_coverage=165.86_circular=yes	1483204	1483332	-	HNGIBB_01571	4.4	8.0		
SRR35809336_ctg8014_Candidatus_Viadribacter_manganicus_length=3616199_coverage=165.86_circular=yes	1483877	1484380	-	HNGIBB_01573	18.0	4.1		
SRR35809336_ctg8014_Candidatus_Viadribacter_manganicus_length=3616199_coverage=165.86_circular=yes	1488247	1488696	+	HNGIBB_01576	15.6	5.1		
SRR35809336_ctg8014_Candidatus_Viadribacter_manganicus_length=3616199_coverage=165.86_circular=yes	1491568	1493694	-	HNGIBB_01579	75.5	5.4	PF00072.30|Response_reg, PF00512.31|HisKA, PF02518.31|HATPase_c	PFAM:PF00072.30, PFAM:PF00512.31, PFAM:PF02518.31
SRR35809336_ctg8014_Candidatus_Viadribacter_manganicus_length=3616199_coverage=165.86_circular=yes	1496877	1498334	+	HNGIBB_01583	52.2	5.6	PF00072.30|Response_reg, PF00989.32|PAS, PF07536.20|HWE_HK, PF07568.18|HisKA_2, PF08447.18|PAS_3, PF08448.16|PAS_4, PF13188.13|PAS_8, PF13426.13|PAS_9, PF13596.12|PAS_10	PFAM:PF00072.30, PFAM:PF00989.32, PFAM:PF07536.20, PFAM:PF07568.18, PFAM:PF08447.18, PFAM:PF08448.16, PFAM:PF13188.13, PFAM:PF13426.13, PFAM:PF13596.12
SRR35809336_ctg8014_Candidatus_Viadribacter_manganicus_length=3616199_coverage=165.86_circular=yes	1499541	1500551	-	HNGIBB_01586	37.1	5.5		
SRR35809336_ctg8014_Candidatus_Viadribacter_manganicus_length=3616199_coverage=165.86_circular=yes	1501142	1501378	+	HNGIBB_01588	8.2	8.3		
SRR35809336_ctg8014_Candidatus_Viadribacter_manganicus_length=3616199_coverage=165.86_circular=yes	1501406	1502038	+	HNGIBB_01589	22.4	5.2	PF00697.28|PRAI	PFAM:PF00697.28
SRR35809336_ctg8014_Candidatus_Viadribacter_manganicus_length=3616199_coverage=165.86_circular=yes	1503260	1503700	+	HNGIBB_01591	15.7	4.7		
SRR35809336_ctg8014_Candidatus_Viadribacter_manganicus_length=3616199_coverage=165.86_circular=yes	1517916	1519307	+	HNGIBB_01604	50.8	6.3	PF04389.22|Peptidase_M28, PF07687.19|M20_dimer	PFAM:PF04389.22, PFAM:PF07687.19
SRR35809336_ctg8014_Candidatus_Viadribacter_manganicus_length=3616199_coverage=165.86_circular=yes	1519363	1520259	-	HNGIBB_01605	32.1	5.9		
SRR35809336_ctg8014_Candidatus_Viadribacter_manganicus_length=3616199_coverage=165.86_circular=yes	1520447	1521178	+	HNGIBB_01606	26.4	6.3	PF00211.25|Guanylate_cyc	PFAM:PF00211.25
SRR35809336_ctg8014_Candidatus_Viadribacter_manganicus_length=3616199_coverage=165.86_circular=yes	1521378	1521986	-	HNGIBB_01607	19.5	8.5		
SRR35809336_ctg8014_Candidatus_Viadribacter_manganicus_length=3616199_coverage=165.86_circular=yes	1522071	1523243	-	HNGIBB_01608	40.3	9.3	PF00082.27|Peptidase_S8	PFAM:PF00082.27
SRR35809336_ctg8014_Candidatus_Viadribacter_manganicus_length=3616199_coverage=165.86_circular=yes	1523840	1524535	+	HNGIBB_01610	24.6	4.6	PF13490.11|zf-HC2	PFAM:PF13490.11
SRR35809336_ctg8014_Candidatus_Viadribacter_manganicus_length=3616199_coverage=165.86_circular=yes	1524930	1525646	+	HNGIBB_01611	25.0	6.6		
SRR35809336_ctg8014_Candidatus_Viadribacter_manganicus_length=3616199_coverage=165.86_circular=yes	1528228	1528950	-	HNGIBB_01613	26.9	10.1	PF03544.19|TonB_C	PFAM:PF03544.19
SRR35809336_ctg8014_Candidatus_Viadribacter_manganicus_length=3616199_coverage=165.86_circular=yes	1529026	1529448	-	HNGIBB_01614	14.7	10.0		
SRR35809336_ctg8014_Candidatus_Viadribacter_manganicus_length=3616199_coverage=165.86_circular=yes	1531089	1531685	-	HNGIBB_01616	21.6	5.7	PF01551.29|Peptidase_M23	PFAM:PF01551.29
SRR35809336_ctg8014_Candidatus_Viadribacter_manganicus_length=3616199_coverage=165.86_circular=yes	1534072	1534293	-	HNGIBB_01619	7.9	9.7	PF03083.21|MtN3_slv, PF04193.19|PQ-loop	PFAM:PF03083.21, PFAM:PF04193.19
SRR35809336_ctg8014_Candidatus_Viadribacter_manganicus_length=3616199_coverage=165.86_circular=yes	1534353	1534607	-	HNGIBB_01620	8.7	11.7		
SRR35809336_ctg8014_Candidatus_Viadribacter_manganicus_length=3616199_coverage=165.86_circular=yes	1534665	1534931	-	HNGIBB_01621	9.3	10.0	PF04193.19|PQ-loop	PFAM:PF04193.19
SRR35809336_ctg8014_Candidatus_Viadribacter_manganicus_length=3616199_coverage=165.86_circular=yes	1534947	1536632	-	HNGIBB_01622	62.1	5.4		
SRR35809336_ctg8014_Candidatus_Viadribacter_manganicus_length=3616199_coverage=165.86_circular=yes	1540062	1540430	+	HNGIBB_01627	13.3	4.9	PF00903.31|Glyoxalase, PF18029.7|Glyoxalase_6	PFAM:PF00903.31, PFAM:PF18029.7
SRR35809336_ctg8014_Candidatus_Viadribacter_manganicus_length=3616199_coverage=165.86_circular=yes	1540439	1541248	-	HNGIBB_01628	28.4	4.7		
SRR35809336_ctg8014_Candidatus_Viadribacter_manganicus_length=3616199_coverage=165.86_circular=yes	1541245	1542174	-	HNGIBB_01629	33.6	5.1		
SRR35809336_ctg8014_Candidatus_Viadribacter_manganicus_length=3616199_coverage=165.86_circular=yes	1545071	1545868	-	HNGIBB_01631	29.4	6.0		
SRR35809336_ctg8014_Candidatus_Viadribacter_manganicus_length=3616199_coverage=165.86_circular=yes	1547304	1549328	+	HNGIBB_01634	76.2	6.0	PF01841.26|Transglut_core	PFAM:PF01841.26
SRR35809336_ctg8014_Candidatus_Viadribacter_manganicus_length=3616199_coverage=165.86_circular=yes	1552072	1552659	+	HNGIBB_01640	20.5	5.2	PF01048.26|PNP_UDP_1	PFAM:PF01048.26
SRR35809336_ctg8014_Candidatus_Viadribacter_manganicus_length=3616199_coverage=165.86_circular=yes	1552680	1553045	-	HNGIBB_01641	12.7	10.0		
SRR35809336_ctg8014_Candidatus_Viadribacter_manganicus_length=3616199_coverage=165.86_circular=yes	1553049	1553711	-	HNGIBB_01642	23.4	10.0	PF08241.18|Methyltransf_11, PF08242.18|Methyltransf_12, PF13489.12|Methyltransf_23, PF13649.12|Methyltransf_25, PF13847.12|Methyltransf_31	PFAM:PF08241.18, PFAM:PF08242.18, PFAM:PF13489.12, PFAM:PF13649.12, PFAM:PF13847.12
SRR35809336_ctg8014_Candidatus_Viadribacter_manganicus_length=3616199_coverage=165.86_circular=yes	1553766	1554209	+	HNGIBB_01643	16.4	9.4		
SRR35809336_ctg8014_Candidatus_Viadribacter_manganicus_length=3616199_coverage=165.86_circular=yes	1554214	1554612	-	HNGIBB_01644	14.6	5.1		
SRR35809336_ctg8014_Candidatus_Viadribacter_manganicus_length=3616199_coverage=165.86_circular=yes	1554685	1555695	-	HNGIBB_01645	36.3	4.5		
SRR35809336_ctg8014_Candidatus_Viadribacter_manganicus_length=3616199_coverage=165.86_circular=yes	1555826	1556233	-	HNGIBB_01646	14.2	11.0	PF00216.26|Bac_DNA_binding, PF18291.6|HU-HIG	PFAM:PF00216.26, PFAM:PF18291.6
SRR35809336_ctg8014_Candidatus_Viadribacter_manganicus_length=3616199_coverage=165.86_circular=yes	1557413	1558687	-	HNGIBB_01648	47.7	5.4	PF13525.12|YfiO	PFAM:PF13525.12
SRR35809336_ctg8014_Candidatus_Viadribacter_manganicus_length=3616199_coverage=165.86_circular=yes	1558761	1559447	+	HNGIBB_01649	24.2	9.4		
SRR35809336_ctg8014_Candidatus_Viadribacter_manganicus_length=3616199_coverage=165.86_circular=yes	1559451	1559876	+	HNGIBB_01650	14.8	4.1		
SRR35809336_ctg8014_Candidatus_Viadribacter_manganicus_length=3616199_coverage=165.86_circular=yes	1567578	1567892	+	HNGIBB_01659	10.4	9.6	PF09864.15|MliC	PFAM:PF09864.15
SRR35809336_ctg8014_Candidatus_Viadribacter_manganicus_length=3616199_coverage=165.86_circular=yes	1567899	1568210	+	HNGIBB_01660	11.3	7.8		
SRR35809336_ctg8014_Candidatus_Viadribacter_manganicus_length=3616199_coverage=165.86_circular=yes	1568719	1568916	-	HNGIBB_01662	7.5	10.3		
SRR35809336_ctg8014_Candidatus_Viadribacter_manganicus_length=3616199_coverage=165.86_circular=yes	1569931	1570215	-	HNGIBB_01664	10.2	7.8		
SRR35809336_ctg8014_Candidatus_Viadribacter_manganicus_length=3616199_coverage=165.86_circular=yes	1571475	1571984	+	HNGIBB_01666	17.8	5.4	PF13302.13|Acetyltransf_3	PFAM:PF13302.13
SRR35809336_ctg8014_Candidatus_Viadribacter_manganicus_length=3616199_coverage=165.86_circular=yes	1571985	1573202	-	HNGIBB_01667	43.1	6.3	PF07719.23|TPR_2	PFAM:PF07719.23
SRR35809336_ctg8014_Candidatus_Viadribacter_manganicus_length=3616199_coverage=165.86_circular=yes	1573280	1574386	+	HNGIBB_01668	40.1	9.6		
SRR35809336_ctg8014_Candidatus_Viadribacter_manganicus_length=3616199_coverage=165.86_circular=yes	1575361	1575576	+	HNGIBB_01671	8.3	11.4		
SRR35809336_ctg8014_Candidatus_Viadribacter_manganicus_length=3616199_coverage=165.86_circular=yes	1579704	1580651	+	HNGIBB_01674	33.0	5.2	PF08238.18|Sel1	PFAM:PF08238.18
SRR35809336_ctg8014_Candidatus_Viadribacter_manganicus_length=3616199_coverage=165.86_circular=yes	1580744	1582126	-	HNGIBB_01675	49.6	5.9	PF00512.31|HisKA, PF02518.31|HATPase_c	PFAM:PF00512.31, PFAM:PF02518.31
SRR35809336_ctg8014_Candidatus_Viadribacter_manganicus_length=3616199_coverage=165.86_circular=yes	1583528	1583791	-	HNGIBB_01677	10.1	9.6		
SRR35809336_ctg8014_Candidatus_Viadribacter_manganicus_length=3616199_coverage=165.86_circular=yes	1583792	1584055	-	HNGIBB_01678	9.8	8.4		
SRR35809336_ctg8014_Candidatus_Viadribacter_manganicus_length=3616199_coverage=165.86_circular=yes	1584052	1584978	-	HNGIBB_01679	35.7	6.0		
SRR35809336_ctg8014_Candidatus_Viadribacter_manganicus_length=3616199_coverage=165.86_circular=yes	1591120	1592598	+	HNGIBB_01685	53.8	6.5		
SRR35809336_ctg8014_Candidatus_Viadribacter_manganicus_length=3616199_coverage=165.86_circular=yes	1592601	1593779	+	HNGIBB_01686	41.0	6.1		
SRR35809336_ctg8014_Candidatus_Viadribacter_manganicus_length=3616199_coverage=165.86_circular=yes	1600701	1601390	-	HNGIBB_01693	24.4	4.8		
SRR35809336_ctg8014_Candidatus_Viadribacter_manganicus_length=3616199_coverage=165.86_circular=yes	1607156	1607476	-	HNGIBB_01696	11.7	10.0		
SRR35809336_ctg8014_Candidatus_Viadribacter_manganicus_length=3616199_coverage=165.86_circular=yes	1610515	1611975	+	HNGIBB_01699	52.4	7.3		
SRR35809336_ctg8014_Candidatus_Viadribacter_manganicus_length=3616199_coverage=165.86_circular=yes	1612481	1612858	-	HNGIBB_01701	13.8	9.2		
SRR35809336_ctg8014_Candidatus_Viadribacter_manganicus_length=3616199_coverage=165.86_circular=yes	1612933	1613556	-	HNGIBB_01702	21.6	8.8		
SRR35809336_ctg8014_Candidatus_Viadribacter_manganicus_length=3616199_coverage=165.86_circular=yes	1613669	1613899	+	HNGIBB_01703	8.2	6.1		
SRR35809336_ctg8014_Candidatus_Viadribacter_manganicus_length=3616199_coverage=165.86_circular=yes	1622272	1622691	-	HNGIBB_01711	15.3	4.8		
SRR35809336_ctg8014_Candidatus_Viadribacter_manganicus_length=3616199_coverage=165.86_circular=yes	1630477	1631052	+	HNGIBB_01718	20.3	4.5		
SRR35809336_ctg8014_Candidatus_Viadribacter_manganicus_length=3616199_coverage=165.86_circular=yes	1632092	1633762	-	HNGIBB_01720	59.9	6.3	PF13761.12|DUF4166	PFAM:PF13761.12
SRR35809336_ctg8014_Candidatus_Viadribacter_manganicus_length=3616199_coverage=165.86_circular=yes	1633759	1634193	-	HNGIBB_01721	16.4	9.3		
SRR35809336_ctg8014_Candidatus_Viadribacter_manganicus_length=3616199_coverage=165.86_circular=yes	1641140	1641259	-	HNGIBB_01729	4.4	5.0		
SRR35809336_ctg8014_Candidatus_Viadribacter_manganicus_length=3616199_coverage=165.86_circular=yes	1641555	1642058	+	HNGIBB_01730	18.7	6.9	PF09339.16|HTH_IclR, PF13412.12|HTH_24	PFAM:PF09339.16, PFAM:PF13412.12
SRR35809336_ctg8014_Candidatus_Viadribacter_manganicus_length=3616199_coverage=165.86_circular=yes	1642188	1643246	+	HNGIBB_01731	39.1	6.0	PF00990.26|GGDEF	PFAM:PF00990.26
SRR35809336_ctg8014_Candidatus_Viadribacter_manganicus_length=3616199_coverage=165.86_circular=yes	1643345	1643548	+	HNGIBB_01732	7.4	4.3		
SRR35809336_ctg8014_Candidatus_Viadribacter_manganicus_length=3616199_coverage=165.86_circular=yes	1645040	1645546	+	HNGIBB_01734	18.5	7.8	PF24838.2|8xMP	PFAM:PF24838.2
SRR35809336_ctg8014_Candidatus_Viadribacter_manganicus_length=3616199_coverage=165.86_circular=yes	1646279	1646548	-	HNGIBB_01736	9.4	10.9		
SRR35809336_ctg8014_Candidatus_Viadribacter_manganicus_length=3616199_coverage=165.86_circular=yes	1647859	1648434	-	HNGIBB_01739	20.8	4.8		
SRR35809336_ctg8014_Candidatus_Viadribacter_manganicus_length=3616199_coverage=165.86_circular=yes	1651253	1652239	+	HNGIBB_01743	34.8	6.5	PF03781.22|FGE-sulfatase	PFAM:PF03781.22
SRR35809336_ctg8014_Candidatus_Viadribacter_manganicus_length=3616199_coverage=165.86_circular=yes	1652236	1652829	-	HNGIBB_01744	22.8	9.9	PF00440.29|TetR_N	PFAM:PF00440.29
SRR35809336_ctg8014_Candidatus_Viadribacter_manganicus_length=3616199_coverage=165.86_circular=yes	1656544	1657428	+	HNGIBB_01748	31.8	9.5		
SRR35809336_ctg8014_Candidatus_Viadribacter_manganicus_length=3616199_coverage=165.86_circular=yes	1657500	1658441	+	HNGIBB_01749	33.8	5.3	PF00515.34|TPR_1, PF07719.23|TPR_2, PF13181.12|TPR_8, PF13432.12|TPR_16	PFAM:PF00515.34, PFAM:PF07719.23, PFAM:PF13181.12, PFAM:PF13432.12
SRR35809336_ctg8014_Candidatus_Viadribacter_manganicus_length=3616199_coverage=165.86_circular=yes	1658509	1658994	+	HNGIBB_01750	17.6	8.8		
SRR35809336_ctg8014_Candidatus_Viadribacter_manganicus_length=3616199_coverage=165.86_circular=yes	1667077	1667361	+	HNGIBB_01759	10.7	4.9	PF01037.27|AsnC_trans_reg	PFAM:PF01037.27
SRR35809336_ctg8014_Candidatus_Viadribacter_manganicus_length=3616199_coverage=165.86_circular=yes	1668140	1668517	-	HNGIBB_01761	13.0	10.2		
SRR35809336_ctg8014_Candidatus_Viadribacter_manganicus_length=3616199_coverage=165.86_circular=yes	1670671	1671003	-	HNGIBB_01764	11.8	5.7		
SRR35809336_ctg8014_Candidatus_Viadribacter_manganicus_length=3616199_coverage=165.86_circular=yes	1674140	1674808	+	HNGIBB_01769	24.5	5.7		
SRR35809336_ctg8014_Candidatus_Viadribacter_manganicus_length=3616199_coverage=165.86_circular=yes	1675544	1675828	+	HNGIBB_01771	9.8	11.7		
SRR35809336_ctg8014_Candidatus_Viadribacter_manganicus_length=3616199_coverage=165.86_circular=yes	1680737	1682329	-	HNGIBB_01778	58.0	5.8	PF00515.34|TPR_1, PF00685.33|Sulfotransfer_1, PF07719.23|TPR_2, PF13174.12|TPR_6, PF13176.12|TPR_7, PF13181.12|TPR_8, PF13374.12|TPR_10, PF13414.12|TPR_11, PF13424.12|TPR_12, PF13428.12|TPR_14, PF13431.12|TPR_17, PF13432.12|TPR_16, PF13469.12|Sulfotransfer_3, PF14559.12|TPR_19	PFAM:PF00515.34, PFAM:PF00685.33, PFAM:PF07719.23, PFAM:PF13174.12, PFAM:PF13176.12, PFAM:PF13181.12, PFAM:PF13374.12, PFAM:PF13414.12, PFAM:PF13424.12, PFAM:PF13428.12, PFAM:PF13431.12, PFAM:PF13432.12, PFAM:PF13469.12, PFAM:PF14559.12
SRR35809336_ctg8014_Candidatus_Viadribacter_manganicus_length=3616199_coverage=165.86_circular=yes	1687660	1688238	-	HNGIBB_01783	19.9	6.0		
SRR35809336_ctg8014_Candidatus_Viadribacter_manganicus_length=3616199_coverage=165.86_circular=yes	1697805	1698308	-	HNGIBB_01791	17.1	5.7	PF04290.18|DctQ	PFAM:PF04290.18
SRR35809336_ctg8014_Candidatus_Viadribacter_manganicus_length=3616199_coverage=165.86_circular=yes	1698331	1699308	-	HNGIBB_01792	36.1	6.1		
SRR35809336_ctg8014_Candidatus_Viadribacter_manganicus_length=3616199_coverage=165.86_circular=yes	1699331	1700170	-	HNGIBB_01793	29.0	5.3		
SRR35809336_ctg8014_Candidatus_Viadribacter_manganicus_length=3616199_coverage=165.86_circular=yes	1716837	1717154	-	HNGIBB_01809	11.8	8.5		
SRR35809336_ctg8014_Candidatus_Viadribacter_manganicus_length=3616199_coverage=165.86_circular=yes	1721084	1722073	+	HNGIBB_01813	37.2	6.9		
SRR35809336_ctg8014_Candidatus_Viadribacter_manganicus_length=3616199_coverage=165.86_circular=yes	1722130	1722924	+	HNGIBB_01814	29.7	9.7		
SRR35809336_ctg8014_Candidatus_Viadribacter_manganicus_length=3616199_coverage=165.86_circular=yes	1725741	1726217	-	HNGIBB_01816	17.8	5.5		
SRR35809336_ctg8014_Candidatus_Viadribacter_manganicus_length=3616199_coverage=165.86_circular=yes	1726538	1726993	+	HNGIBB_01817	17.1	5.7	PF03428.19|RP-C, PF13412.12|HTH_24	PFAM:PF03428.19, PFAM:PF13412.12
SRR35809336_ctg8014_Candidatus_Viadribacter_manganicus_length=3616199_coverage=165.86_circular=yes	1727506	1728099	+	HNGIBB_01819	22.1	5.2		
SRR35809336_ctg8014_Candidatus_Viadribacter_manganicus_length=3616199_coverage=165.86_circular=yes	1728096	1729157	-	HNGIBB_01820	38.9	5.2	PF00990.26|GGDEF	PFAM:PF00990.26
SRR35809336_ctg8014_Candidatus_Viadribacter_manganicus_length=3616199_coverage=165.86_circular=yes	1729242	1729613	-	HNGIBB_01821	13.2	5.2		
SRR35809336_ctg8014_Candidatus_Viadribacter_manganicus_length=3616199_coverage=165.86_circular=yes	1731611	1732222	-	HNGIBB_01823	21.2	9.4		
SRR35809336_ctg8014_Candidatus_Viadribacter_manganicus_length=3616199_coverage=165.86_circular=yes	1732320	1732835	+	HNGIBB_01824	18.8	8.3		
SRR35809336_ctg8014_Candidatus_Viadribacter_manganicus_length=3616199_coverage=165.86_circular=yes	1734196	1734432	+	HNGIBB_01826	8.7	5.8		
SRR35809336_ctg8014_Candidatus_Viadribacter_manganicus_length=3616199_coverage=165.86_circular=yes	1738759	1738971	+	HNGIBB_01832	7.6	10.9		
SRR35809336_ctg8014_Candidatus_Viadribacter_manganicus_length=3616199_coverage=165.86_circular=yes	1739770	1739916	-	HNGIBB_01834	5.2	8.3		
SRR35809336_ctg8014_Candidatus_Viadribacter_manganicus_length=3616199_coverage=165.86_circular=yes	1743244	1743732	+	HNGIBB_01838	17.8	6.1	PF16747.10|Adhesin_E	PFAM:PF16747.10
SRR35809336_ctg8014_Candidatus_Viadribacter_manganicus_length=3616199_coverage=165.86_circular=yes	1751523	1751639	+	HNGIBB_01849	3.8	9.5		
SRR35809336_ctg8014_Candidatus_Viadribacter_manganicus_length=3616199_coverage=165.86_circular=yes	1751871	1751987	+	HNGIBB_01850	3.8	9.3		
SRR35809336_ctg8014_Candidatus_Viadribacter_manganicus_length=3616199_coverage=165.86_circular=yes	1757465	1759111	+	HNGIBB_01856	59.1	4.4		
SRR35809336_ctg8014_Candidatus_Viadribacter_manganicus_length=3616199_coverage=165.86_circular=yes	1761763	1764165	+	HNGIBB_01859	84.8	4.3	PF00593.30|TonB_dep_Rec_b-barrel, PF07715.20|Plug	PFAM:PF00593.30, PFAM:PF07715.20, SO:0001217, UniRef:UniRef50_A0A0C9NDH7
SRR35809336_ctg8014_Candidatus_Viadribacter_manganicus_length=3616199_coverage=165.86_circular=yes	1768961	1769230	+	HNGIBB_01863	9.9	7.9	PF13710.12|ACT_5	PFAM:PF13710.12
SRR35809336_ctg8014_Candidatus_Viadribacter_manganicus_length=3616199_coverage=165.86_circular=yes	1781078	1781200	+	HNGIBB_01876	4.6	11.8		
SRR35809336_ctg8014_Candidatus_Viadribacter_manganicus_length=3616199_coverage=165.86_circular=yes	1785572	1785823	-	HNGIBB_01884	8.7	10.8		
SRR35809336_ctg8014_Candidatus_Viadribacter_manganicus_length=3616199_coverage=165.86_circular=yes	1786697	1788034	-	HNGIBB_01886	48.3	7.3	PF00144.29|Beta-lactamase	PFAM:PF00144.29
SRR35809336_ctg8014_Candidatus_Viadribacter_manganicus_length=3616199_coverage=165.86_circular=yes	1788102	1788467	+	HNGIBB_01887	13.4	4.9	PF05239.21|PRC	PFAM:PF05239.21
SRR35809336_ctg8014_Candidatus_Viadribacter_manganicus_length=3616199_coverage=165.86_circular=yes	1788613	1788735	+	HNGIBB_01888	4.4	10.0		
SRR35809336_ctg8014_Candidatus_Viadribacter_manganicus_length=3616199_coverage=165.86_circular=yes	1788728	1788928	+	HNGIBB_01889	7.7	4.9	PF13619.11|KTSC	PFAM:PF13619.11
SRR35809336_ctg8014_Candidatus_Viadribacter_manganicus_length=3616199_coverage=165.86_circular=yes	1788992	1789576	+	HNGIBB_01890	22.0	5.3		
SRR35809336_ctg8014_Candidatus_Viadribacter_manganicus_length=3616199_coverage=165.86_circular=yes	1789648	1791150	+	HNGIBB_01891	55.4	5.8		
SRR35809336_ctg8014_Candidatus_Viadribacter_manganicus_length=3616199_coverage=165.86_circular=yes	1792459	1793433	-	HNGIBB_01893	35.3	5.2	PF13640.12|2OG-FeII_Oxy_3	PFAM:PF13640.12
SRR35809336_ctg8014_Candidatus_Viadribacter_manganicus_length=3616199_coverage=165.86_circular=yes	1793385	1794317	-	HNGIBB_01894	33.9	7.2	PF13640.12|2OG-FeII_Oxy_3	PFAM:PF13640.12
SRR35809336_ctg8014_Candidatus_Viadribacter_manganicus_length=3616199_coverage=165.86_circular=yes	1795235	1795402	-	HNGIBB_01896	5.4	10.9		
SRR35809336_ctg8014_Candidatus_Viadribacter_manganicus_length=3616199_coverage=165.86_circular=yes	1795412	1795735	-	HNGIBB_01897	11.8	6.5		
SRR35809336_ctg8014_Candidatus_Viadribacter_manganicus_length=3616199_coverage=165.86_circular=yes	1798399	1798587	-	HNGIBB_01900	6.8	4.7		
SRR35809336_ctg8014_Candidatus_Viadribacter_manganicus_length=3616199_coverage=165.86_circular=yes	1808973	1809524	+	HNGIBB_01907	20.2	10.8	PF01467.32|CTP_transf_like	PFAM:PF01467.32
SRR35809336_ctg8014_Candidatus_Viadribacter_manganicus_length=3616199_coverage=165.86_circular=yes	1810044	1810460	+	HNGIBB_01909	15.5	6.7		
SRR35809336_ctg8014_Candidatus_Viadribacter_manganicus_length=3616199_coverage=165.86_circular=yes	1817055	1817522	-	HNGIBB_01917	17.0	8.0		
SRR35809336_ctg8014_Candidatus_Viadribacter_manganicus_length=3616199_coverage=165.86_circular=yes	1817530	1817988	-	HNGIBB_01918	16.6	9.5		
SRR35809336_ctg8014_Candidatus_Viadribacter_manganicus_length=3616199_coverage=165.86_circular=yes	1825206	1826018	-	HNGIBB_01926	29.4	9.1		
SRR35809336_ctg8014_Candidatus_Viadribacter_manganicus_length=3616199_coverage=165.86_circular=yes	1827950	1828261	+	HNGIBB_01930	11.7	5.1	PF07045.17|DUF1330	PFAM:PF07045.17
SRR35809336_ctg8014_Candidatus_Viadribacter_manganicus_length=3616199_coverage=165.86_circular=yes	1828254	1829621	+	HNGIBB_01931	48.4	9.1		
SRR35809336_ctg8014_Candidatus_Viadribacter_manganicus_length=3616199_coverage=165.86_circular=yes	1829599	1830069	-	HNGIBB_01932	17.6	4.9	PF13474.12|SnoaL_3, PF13577.12|SnoaL_4, PF14534.12|DUF4440	PFAM:PF13474.12, PFAM:PF13577.12, PFAM:PF14534.12
SRR35809336_ctg8014_Candidatus_Viadribacter_manganicus_length=3616199_coverage=165.86_circular=yes	1830195	1830494	+	HNGIBB_01933	10.4	5.1		
SRR35809336_ctg8014_Candidatus_Viadribacter_manganicus_length=3616199_coverage=165.86_circular=yes	1830495	1831055	-	HNGIBB_01934	20.5	4.8		
SRR35809336_ctg8014_Candidatus_Viadribacter_manganicus_length=3616199_coverage=165.86_circular=yes	1834268	1835203	+	HNGIBB_01937	35.8	5.7		
SRR35809336_ctg8014_Candidatus_Viadribacter_manganicus_length=3616199_coverage=165.86_circular=yes	1836373	1836573	+	HNGIBB_01939	7.2	12.0		
SRR35809336_ctg8014_Candidatus_Viadribacter_manganicus_length=3616199_coverage=165.86_circular=yes	1839021	1839323	-	HNGIBB_01943	10.8	9.1		
SRR35809336_ctg8014_Candidatus_Viadribacter_manganicus_length=3616199_coverage=165.86_circular=yes	1840088	1841632	-	HNGIBB_01945	55.0	10.6		
SRR35809336_ctg8014_Candidatus_Viadribacter_manganicus_length=3616199_coverage=165.86_circular=yes	1843958	1845367	-	HNGIBB_01948	50.3	6.0	PF20154.4|LNT_N	PFAM:PF20154.4
SRR35809336_ctg8014_Candidatus_Viadribacter_manganicus_length=3616199_coverage=165.86_circular=yes	1845386	1845877	-	HNGIBB_01949	17.5	4.9		SO:0001217, UniRef:UniRef50_A0A6I6MZ50
SRR35809336_ctg8014_Candidatus_Viadribacter_manganicus_length=3616199_coverage=165.86_circular=yes	1846031	1846390	+	HNGIBB_01950	12.3	10.9		
SRR35809336_ctg8014_Candidatus_Viadribacter_manganicus_length=3616199_coverage=165.86_circular=yes	1846480	1846695	+	HNGIBB_01951	7.9	5.1		
SRR35809336_ctg8014_Candidatus_Viadribacter_manganicus_length=3616199_coverage=165.86_circular=yes	1846687	1847706	-	HNGIBB_01952	37.0	8.6		
SRR35809336_ctg8014_Candidatus_Viadribacter_manganicus_length=3616199_coverage=165.86_circular=yes	1847798	1849213	-	HNGIBB_01953	52.0	5.3		
SRR35809336_ctg8014_Candidatus_Viadribacter_manganicus_length=3616199_coverage=165.86_circular=yes	1854250	1854519	-	HNGIBB_01957	10.0	5.3		
SRR35809336_ctg8014_Candidatus_Viadribacter_manganicus_length=3616199_coverage=165.86_circular=yes	1854685	1854906	+	HNGIBB_01958	8.2	9.6		
SRR35809336_ctg8014_Candidatus_Viadribacter_manganicus_length=3616199_coverage=165.86_circular=yes	1856063	1856605	+	HNGIBB_01960	19.8	5.9	PF13899.12|Thioredoxin_7	PFAM:PF13899.12
SRR35809336_ctg8014_Candidatus_Viadribacter_manganicus_length=3616199_coverage=165.86_circular=yes	1856988	1857482	-	HNGIBB_01962	17.6	5.8		
SRR35809336_ctg8014_Candidatus_Viadribacter_manganicus_length=3616199_coverage=165.86_circular=yes	1861995	1862822	+	HNGIBB_01967	29.8	9.6	PF04397.21|LytTR	PFAM:PF04397.21
SRR35809336_ctg8014_Candidatus_Viadribacter_manganicus_length=3616199_coverage=165.86_circular=yes	1862819	1863196	-	HNGIBB_01968	13.0	9.1		
SRR35809336_ctg8014_Candidatus_Viadribacter_manganicus_length=3616199_coverage=165.86_circular=yes	1863225	1863710	-	HNGIBB_01969	18.3	5.3	PF19780.4|DUF6265	PFAM:PF19780.4
SRR35809336_ctg8014_Candidatus_Viadribacter_manganicus_length=3616199_coverage=165.86_circular=yes	1865895	1866452	-	HNGIBB_01972	19.8	7.8	PF00578.27|AhpC-TSA, PF08534.16|Redoxin	PFAM:PF00578.27, PFAM:PF08534.16
SRR35809336_ctg8014_Candidatus_Viadribacter_manganicus_length=3616199_coverage=165.86_circular=yes	1867579	1869102	-	HNGIBB_01974	55.5	5.3		
SRR35809336_ctg8014_Candidatus_Viadribacter_manganicus_length=3616199_coverage=165.86_circular=yes	1881025	1882626	-	HNGIBB_01989	56.2	10.2		
SRR35809336_ctg8014_Candidatus_Viadribacter_manganicus_length=3616199_coverage=165.86_circular=yes	1885639	1885983	+	HNGIBB_01991	12.6	6.1		
SRR35809336_ctg8014_Candidatus_Viadribacter_manganicus_length=3616199_coverage=165.86_circular=yes	1891248	1892978	-	HNGIBB_01994	61.0	8.3		
SRR35809336_ctg8014_Candidatus_Viadribacter_manganicus_length=3616199_coverage=165.86_circular=yes	1896507	1896758	+	HNGIBB_01997	9.5	8.0		
SRR35809336_ctg8014_Candidatus_Viadribacter_manganicus_length=3616199_coverage=165.86_circular=yes	1897015	1897416	-	HNGIBB_01999	14.6	5.4		
SRR35809336_ctg8014_Candidatus_Viadribacter_manganicus_length=3616199_coverage=165.86_circular=yes	1897837	1898391	-	HNGIBB_02000	20.4	4.8		
SRR35809336_ctg8014_Candidatus_Viadribacter_manganicus_length=3616199_coverage=165.86_circular=yes	1899505	1899825	-	HNGIBB_02002	11.8	5.0		
SRR35809336_ctg8014_Candidatus_Viadribacter_manganicus_length=3616199_coverage=165.86_circular=yes	1900513	1900707	+	HNGIBB_02004	6.9	4.6		
SRR35809336_ctg8014_Candidatus_Viadribacter_manganicus_length=3616199_coverage=165.86_circular=yes	1900740	1900898	+	HNGIBB_02005	5.7	6.7		
SRR35809336_ctg8014_Candidatus_Viadribacter_manganicus_length=3616199_coverage=165.86_circular=yes	1907243	1907710	-	HNGIBB_02014	17.1	4.1		
SRR35809336_ctg8014_Candidatus_Viadribacter_manganicus_length=3616199_coverage=165.86_circular=yes	1907707	1908078	-	HNGIBB_02015	13.4	7.8		
SRR35809336_ctg8014_Candidatus_Viadribacter_manganicus_length=3616199_coverage=165.86_circular=yes	1908078	1908422	-	HNGIBB_02016	11.7	4.3		
SRR35809336_ctg8014_Candidatus_Viadribacter_manganicus_length=3616199_coverage=165.86_circular=yes	1926655	1927056	-	HNGIBB_02033	13.5	9.1		
SRR35809336_ctg8014_Candidatus_Viadribacter_manganicus_length=3616199_coverage=165.86_circular=yes	1929499	1930671	-	HNGIBB_02036	40.3	8.7		
SRR35809336_ctg8014_Candidatus_Viadribacter_manganicus_length=3616199_coverage=165.86_circular=yes	1933494	1934012	-	HNGIBB_02039	19.1	10.9	PF01713.27|Smr	PFAM:PF01713.27
SRR35809336_ctg8014_Candidatus_Viadribacter_manganicus_length=3616199_coverage=165.86_circular=yes	1936578	1937393	-	HNGIBB_02044	28.8	6.6	PF08501.16|Shikimate_dh_N, PF18317.6|SDH_C	PFAM:PF08501.16, PFAM:PF18317.6
SRR35809336_ctg8014_Candidatus_Viadribacter_manganicus_length=3616199_coverage=165.86_circular=yes	1944969	1945874	-	HNGIBB_02053	32.2	4.5		
SRR35809336_ctg8014_Candidatus_Viadribacter_manganicus_length=3616199_coverage=165.86_circular=yes	1945871	1946560	-	HNGIBB_02054	24.9	5.4	PF01738.24|DLH	PFAM:PF01738.24
SRR35809336_ctg8014_Candidatus_Viadribacter_manganicus_length=3616199_coverage=165.86_circular=yes	1953996	1955087	-	HNGIBB_02063	40.3	6.1		
SRR35809336_ctg8014_Candidatus_Viadribacter_manganicus_length=3616199_coverage=165.86_circular=yes	1957688	1959367	-	HNGIBB_02066	60.7	6.0	PF00144.29|Beta-lactamase	PFAM:PF00144.29
SRR35809336_ctg8014_Candidatus_Viadribacter_manganicus_length=3616199_coverage=165.86_circular=yes	1959391	1960077	-	HNGIBB_02067	24.9	4.5		
SRR35809336_ctg8014_Candidatus_Viadribacter_manganicus_length=3616199_coverage=165.86_circular=yes	1965183	1965635	+	HNGIBB_02072	15.8	4.7		
SRR35809336_ctg8014_Candidatus_Viadribacter_manganicus_length=3616199_coverage=165.86_circular=yes	1968194	1968724	+	HNGIBB_02075	19.8	10.1		
SRR35809336_ctg8014_Candidatus_Viadribacter_manganicus_length=3616199_coverage=165.86_circular=yes	1970211	1970327	+	HNGIBB_02077	4.2	10.9		
SRR35809336_ctg8014_Candidatus_Viadribacter_manganicus_length=3616199_coverage=165.86_circular=yes	1970320	1970511	+	HNGIBB_02078	7.2	5.2		
SRR35809336_ctg8014_Candidatus_Viadribacter_manganicus_length=3616199_coverage=165.86_circular=yes	1970651	1972141	+	HNGIBB_02079	53.4	10.4		
SRR35809336_ctg8014_Candidatus_Viadribacter_manganicus_length=3616199_coverage=165.86_circular=yes	1972253	1973524	+	HNGIBB_02080	45.3	4.9	PF00512.31|HisKA, PF01590.32|GAF, PF02518.31|HATPase_c, PF13185.12|GAF_2	PFAM:PF00512.31, PFAM:PF01590.32, PFAM:PF02518.31, PFAM:PF13185.12
SRR35809336_ctg8014_Candidatus_Viadribacter_manganicus_length=3616199_coverage=165.86_circular=yes	1980858	1982702	-	HNGIBB_02087	65.3	4.8	PF06564.18|CBP_BcsQ, PF13614.12|AAA_31	PFAM:PF06564.18, PFAM:PF13614.12
SRR35809336_ctg8014_Candidatus_Viadribacter_manganicus_length=3616199_coverage=165.86_circular=yes	1983188	1983430	+	HNGIBB_02089	8.9	9.2		
SRR35809336_ctg8014_Candidatus_Viadribacter_manganicus_length=3616199_coverage=165.86_circular=yes	1983434	1984114	-	HNGIBB_02090	25.9	11.4		
SRR35809336_ctg8014_Candidatus_Viadribacter_manganicus_length=3616199_coverage=165.86_circular=yes	1984475	1985080	+	HNGIBB_02091	23.2	5.7		
SRR35809336_ctg8014_Candidatus_Viadribacter_manganicus_length=3616199_coverage=165.86_circular=yes	1985504	1985659	-	HNGIBB_02092	5.3	9.2		
SRR35809336_ctg8014_Candidatus_Viadribacter_manganicus_length=3616199_coverage=165.86_circular=yes	1991583	1993007	+	HNGIBB_02096	51.1	7.0		
SRR35809336_ctg8014_Candidatus_Viadribacter_manganicus_length=3616199_coverage=165.86_circular=yes	1993106	1993198	-	HNGIBB_02097	3.1	8.0		
SRR35809336_ctg8014_Candidatus_Viadribacter_manganicus_length=3616199_coverage=165.86_circular=yes	1993241	1993333	-	HNGIBB_02098	3.3	8.3		
SRR35809336_ctg8014_Candidatus_Viadribacter_manganicus_length=3616199_coverage=165.86_circular=yes	1993448	1993642	-	HNGIBB_02099	6.9	8.3		
SRR35809336_ctg8014_Candidatus_Viadribacter_manganicus_length=3616199_coverage=165.86_circular=yes	1997140	1998129	+	HNGIBB_02103	34.6	5.3	PF00512.31|HisKA, PF02518.31|HATPase_c, PF13493.11|DUF4118, PF13581.12|HATPase_c_2	PFAM:PF00512.31, PFAM:PF02518.31, PFAM:PF13493.11, PFAM:PF13581.12
SRR35809336_ctg8014_Candidatus_Viadribacter_manganicus_length=3616199_coverage=165.86_circular=yes	1998797	1999027	-	HNGIBB_02105	9.1	9.5		
SRR35809336_ctg8014_Candidatus_Viadribacter_manganicus_length=3616199_coverage=165.86_circular=yes	2003443	2003835	+	HNGIBB_02113	14.8	10.0		
SRR35809336_ctg8014_Candidatus_Viadribacter_manganicus_length=3616199_coverage=165.86_circular=yes	2005903	2007216	+	HNGIBB_02116	48.2	6.0	PF01420.25|Methylase_S	PFAM:PF01420.25
SRR35809336_ctg8014_Candidatus_Viadribacter_manganicus_length=3616199_coverage=165.86_circular=yes	2007213	2007884	+	HNGIBB_02117	24.6	6.1	PF13676.11|TIR_2	PFAM:PF13676.11
SRR35809336_ctg8014_Candidatus_Viadribacter_manganicus_length=3616199_coverage=165.86_circular=yes	2011470	2011763	+	HNGIBB_02119	10.8	7.9		
SRR35809336_ctg8014_Candidatus_Viadribacter_manganicus_length=3616199_coverage=165.86_circular=yes	2011770	2012126	-	HNGIBB_02120	13.5	9.8		
SRR35809336_ctg8014_Candidatus_Viadribacter_manganicus_length=3616199_coverage=165.86_circular=yes	2012132	2012593	-	HNGIBB_02121	17.2	7.7		
SRR35809336_ctg8014_Candidatus_Viadribacter_manganicus_length=3616199_coverage=165.86_circular=yes	2012593	2012844	-	HNGIBB_02122	8.7	6.5		
SRR35809336_ctg8014_Candidatus_Viadribacter_manganicus_length=3616199_coverage=165.86_circular=yes	2012848	2013267	-	HNGIBB_02123	15.3	6.1		
SRR35809336_ctg8014_Candidatus_Viadribacter_manganicus_length=3616199_coverage=165.86_circular=yes	2013793	2014680	-	HNGIBB_02125	31.6	5.3	PF01734.28|Patatin	PFAM:PF01734.28
SRR35809336_ctg8014_Candidatus_Viadribacter_manganicus_length=3616199_coverage=165.86_circular=yes	2014662	2015309	-	HNGIBB_02126	24.9	5.6		
SRR35809336_ctg8014_Candidatus_Viadribacter_manganicus_length=3616199_coverage=165.86_circular=yes	2015313	2016548	-	HNGIBB_02127	45.8	5.5	PF18144.7|SMODS, PF21654.3|DncV-like_NTFase	PFAM:PF18144.7, PFAM:PF21654.3
SRR35809336_ctg8014_Candidatus_Viadribacter_manganicus_length=3616199_coverage=165.86_circular=yes	2016735	2017547	+	HNGIBB_02128	30.5	5.5		
SRR35809336_ctg8014_Candidatus_Viadribacter_manganicus_length=3616199_coverage=165.86_circular=yes	2017549	2018289	+	HNGIBB_02129	27.7	9.4		
SRR35809336_ctg8014_Candidatus_Viadribacter_manganicus_length=3616199_coverage=165.86_circular=yes	2018306	2019127	+	HNGIBB_02130	30.6	5.1		
SRR35809336_ctg8014_Candidatus_Viadribacter_manganicus_length=3616199_coverage=165.86_circular=yes	2019211	2020041	+	HNGIBB_02131	30.6	7.7		
SRR35809336_ctg8014_Candidatus_Viadribacter_manganicus_length=3616199_coverage=165.86_circular=yes	2020138	2022126	-	HNGIBB_02132	74.5	8.7		
SRR35809336_ctg8014_Candidatus_Viadribacter_manganicus_length=3616199_coverage=165.86_circular=yes	2022389	2022769	+	HNGIBB_02133	13.9	9.7	PF12728.13|HTH_17	PFAM:PF12728.13
SRR35809336_ctg8014_Candidatus_Viadribacter_manganicus_length=3616199_coverage=165.86_circular=yes	2024578	2025828	+	HNGIBB_02135	42.7	6.3		
SRR35809336_ctg8014_Candidatus_Viadribacter_manganicus_length=3616199_coverage=165.86_circular=yes	2025854	2026624	-	HNGIBB_02136	27.2	6.3	PF01614.24|IclR_C, PF09339.16|HTH_IclR	PFAM:PF01614.24, PFAM:PF09339.16
SRR35809336_ctg8014_Candidatus_Viadribacter_manganicus_length=3616199_coverage=165.86_circular=yes	2029545	2030963	+	HNGIBB_02140	48.9	5.5	PF03972.19|MmgE_PrpD_N, PF19305.4|MmgE_PrpD_C	PFAM:PF03972.19, PFAM:PF19305.4
SRR35809336_ctg8014_Candidatus_Viadribacter_manganicus_length=3616199_coverage=165.86_circular=yes	2032132	2033445	+	HNGIBB_02142	46.2	8.7		
SRR35809336_ctg8014_Candidatus_Viadribacter_manganicus_length=3616199_coverage=165.86_circular=yes	2037871	2038545	-	HNGIBB_02146	24.8	6.5	PF00392.27|GntR, PF07729.17|FCD	PFAM:PF00392.27, PFAM:PF07729.17
SRR35809336_ctg8014_Candidatus_Viadribacter_manganicus_length=3616199_coverage=165.86_circular=yes	2040467	2041108	+	HNGIBB_02148	23.0	9.6	PF00392.27|GntR	PFAM:PF00392.27
SRR35809336_ctg8014_Candidatus_Viadribacter_manganicus_length=3616199_coverage=165.86_circular=yes	2041111	2042454	-	HNGIBB_02149	45.5	10.1		
SRR35809336_ctg8014_Candidatus_Viadribacter_manganicus_length=3616199_coverage=165.86_circular=yes	2042562	2043230	+	HNGIBB_02150	24.8	6.5	PF00392.27|GntR, PF07729.17|FCD	PFAM:PF00392.27, PFAM:PF07729.17
SRR35809336_ctg8014_Candidatus_Viadribacter_manganicus_length=3616199_coverage=165.86_circular=yes	2045057	2047486	+	HNGIBB_02153	87.7	4.4	PF00593.30|TonB_dep_Rec_b-barrel, PF07715.20|Plug	PFAM:PF00593.30, PFAM:PF07715.20
SRR35809336_ctg8014_Candidatus_Viadribacter_manganicus_length=3616199_coverage=165.86_circular=yes	2047575	2047913	+	HNGIBB_02154	11.8	4.7		
SRR35809336_ctg8014_Candidatus_Viadribacter_manganicus_length=3616199_coverage=165.86_circular=yes	2047910	2048014	+	HNGIBB_02155	3.8	4.9		
SRR35809336_ctg8014_Candidatus_Viadribacter_manganicus_length=3616199_coverage=165.86_circular=yes	2053867	2054787	-	HNGIBB_02159	33.6	7.1	PF00563.25|EAL	PFAM:PF00563.25
SRR35809336_ctg8014_Candidatus_Viadribacter_manganicus_length=3616199_coverage=165.86_circular=yes	2054750	2056099	-	HNGIBB_02160	49.9	6.0	PF00990.26|GGDEF, PF05228.19|CHASE4	PFAM:PF00990.26, PFAM:PF05228.19
SRR35809336_ctg8014_Candidatus_Viadribacter_manganicus_length=3616199_coverage=165.86_circular=yes	2056228	2056986	-	HNGIBB_02161	28.1	6.9	PF00027.35|cNMP_binding, PF00325.26|Crp, PF13545.12|HTH_Crp_2	PFAM:PF00027.35, PFAM:PF00325.26, PFAM:PF13545.12
SRR35809336_ctg8014_Candidatus_Viadribacter_manganicus_length=3616199_coverage=165.86_circular=yes	2057306	2058481	+	HNGIBB_02162	41.5	4.4		SO:0001217, UniRef:UniRef50_A0A1B1AJN6
SRR35809336_ctg8014_Candidatus_Viadribacter_manganicus_length=3616199_coverage=165.86_circular=yes	2058504	2061353	+	HNGIBB_02163	102.6	4.9	PF00989.32|PAS, PF08447.18|PAS_3, PF08448.16|PAS_4, PF13188.13|PAS_8, PF13426.13|PAS_9	PFAM:PF00989.32, PFAM:PF08447.18, PFAM:PF08448.16, PFAM:PF13188.13, PFAM:PF13426.13
SRR35809336_ctg8014_Candidatus_Viadribacter_manganicus_length=3616199_coverage=165.86_circular=yes	2067409	2067780	+	HNGIBB_02172	13.4	4.3		
SRR35809336_ctg8014_Candidatus_Viadribacter_manganicus_length=3616199_coverage=165.86_circular=yes	2068380	2068835	+	HNGIBB_02174	16.5	7.8		
SRR35809336_ctg8014_Candidatus_Viadribacter_manganicus_length=3616199_coverage=165.86_circular=yes	2068939	2069166	+	HNGIBB_02175	8.6	10.4		
SRR35809336_ctg8014_Candidatus_Viadribacter_manganicus_length=3616199_coverage=165.86_circular=yes	2070964	2071314	-	HNGIBB_02177	13.0	9.8		
SRR35809336_ctg8014_Candidatus_Viadribacter_manganicus_length=3616199_coverage=165.86_circular=yes	2072331	2072837	-	HNGIBB_02179	18.5	8.9	PF00565.23|SNase	PFAM:PF00565.23
SRR35809336_ctg8014_Candidatus_Viadribacter_manganicus_length=3616199_coverage=165.86_circular=yes	2072939	2073244	+	HNGIBB_02180	10.9	4.6		
SRR35809336_ctg8014_Candidatus_Viadribacter_manganicus_length=3616199_coverage=165.86_circular=yes	2073241	2075622	-	HNGIBB_02181	86.1	4.8		
SRR35809336_ctg8014_Candidatus_Viadribacter_manganicus_length=3616199_coverage=165.86_circular=yes	2080828	2081004	+	HNGIBB_02185	6.7	4.4		
SRR35809336_ctg8014_Candidatus_Viadribacter_manganicus_length=3616199_coverage=165.86_circular=yes	2082725	2083321	-	HNGIBB_02188	21.5	5.1		
SRR35809336_ctg8014_Candidatus_Viadribacter_manganicus_length=3616199_coverage=165.86_circular=yes	2084915	2085670	+	HNGIBB_02190	27.9	8.6	PF08241.18|Methyltransf_11, PF13649.12|Methyltransf_25	PFAM:PF08241.18, PFAM:PF13649.12
SRR35809336_ctg8014_Candidatus_Viadribacter_manganicus_length=3616199_coverage=165.86_circular=yes	2085667	2086110	+	HNGIBB_02191	15.5	10.3		
SRR35809336_ctg8014_Candidatus_Viadribacter_manganicus_length=3616199_coverage=165.86_circular=yes	2089147	2091735	+	HNGIBB_02195	92.9	6.6	PF00009.33|GTP_EFTU, PF00025.27|Arf, PF03144.31|GTP_EFTU_D2, PF04760.21|IF2_N, PF11987.13|IF-2, PF22042.2|EF-G_D2	PFAM:PF00009.33, PFAM:PF00025.27, PFAM:PF03144.31, PFAM:PF04760.21, PFAM:PF11987.13, PFAM:PF22042.2
SRR35809336_ctg8014_Candidatus_Viadribacter_manganicus_length=3616199_coverage=165.86_circular=yes	2096572	2096973	+	HNGIBB_02201	13.8	4.7		
SRR35809336_ctg8014_Candidatus_Viadribacter_manganicus_length=3616199_coverage=165.86_circular=yes	2097023	2097223	+	HNGIBB_02202	6.9	5.5		
SRR35809336_ctg8014_Candidatus_Viadribacter_manganicus_length=3616199_coverage=165.86_circular=yes	2097908	2098735	+	HNGIBB_02205	30.7	6.0		
SRR35809336_ctg8014_Candidatus_Viadribacter_manganicus_length=3616199_coverage=165.86_circular=yes	2099668	2099895	+	HNGIBB_02207	7.9	4.4		
SRR35809336_ctg8014_Candidatus_Viadribacter_manganicus_length=3616199_coverage=165.86_circular=yes	2100075	2100566	+	HNGIBB_02208	18.1	8.7	PF00293.34|NUDIX	PFAM:PF00293.34
SRR35809336_ctg8014_Candidatus_Viadribacter_manganicus_length=3616199_coverage=165.86_circular=yes	2102445	2102981	-	HNGIBB_02211	18.9	6.1	PF14534.12|DUF4440	PFAM:PF14534.12
SRR35809336_ctg8014_Candidatus_Viadribacter_manganicus_length=3616199_coverage=165.86_circular=yes	2104775	2105602	-	HNGIBB_02214	29.9	7.2	PF00326.27|Peptidase_S9, PF00561.26|Abhydrolase_1, PF12146.15|Hydrolase_4, PF12697.13|Abhydrolase_6	PFAM:PF00326.27, PFAM:PF00561.26, PFAM:PF12146.15, PFAM:PF12697.13
SRR35809336_ctg8014_Candidatus_Viadribacter_manganicus_length=3616199_coverage=165.86_circular=yes	2108167	2108817	+	HNGIBB_02216	24.8	12.0		
SRR35809336_ctg8014_Candidatus_Viadribacter_manganicus_length=3616199_coverage=165.86_circular=yes	2110347	2111267	+	HNGIBB_02218	32.7	6.3		
SRR35809336_ctg8014_Candidatus_Viadribacter_manganicus_length=3616199_coverage=165.86_circular=yes	2114105	2114701	-	HNGIBB_02221	21.6	4.8		
SRR35809336_ctg8014_Candidatus_Viadribacter_manganicus_length=3616199_coverage=165.86_circular=yes	2117636	2118010	-	HNGIBB_02227	14.3	9.9		
SRR35809336_ctg8014_Candidatus_Viadribacter_manganicus_length=3616199_coverage=165.86_circular=yes	2122821	2123150	-	HNGIBB_02232	12.0	9.7		
SRR35809336_ctg8014_Candidatus_Viadribacter_manganicus_length=3616199_coverage=165.86_circular=yes	2124107	2124481	+	HNGIBB_02234	13.4	4.6		
SRR35809336_ctg8014_Candidatus_Viadribacter_manganicus_length=3616199_coverage=165.86_circular=yes	2129861	2131417	-	HNGIBB_02240	55.4	5.9	PF00512.31|HisKA, PF02518.31|HATPase_c, PF03707.21|MHYT	PFAM:PF00512.31, PFAM:PF02518.31, PFAM:PF03707.21
SRR35809336_ctg8014_Candidatus_Viadribacter_manganicus_length=3616199_coverage=165.86_circular=yes	2132958	2133596	+	HNGIBB_02242	22.8	9.5		
SRR35809336_ctg8014_Candidatus_Viadribacter_manganicus_length=3616199_coverage=165.86_circular=yes	2136829	2137242	-	HNGIBB_02245	14.8	9.4		
SRR35809336_ctg8014_Candidatus_Viadribacter_manganicus_length=3616199_coverage=165.86_circular=yes	2137249	2138124	-	HNGIBB_02246	32.4	6.8	PF00165.29|HTH_AraC, PF06445.20|GyrI-like, PF12833.13|HTH_18	PFAM:PF00165.29, PFAM:PF06445.20, PFAM:PF12833.13
SRR35809336_ctg8014_Candidatus_Viadribacter_manganicus_length=3616199_coverage=165.86_circular=yes	2138176	2138700	-	HNGIBB_02247	18.9	7.8		
SRR35809336_ctg8014_Candidatus_Viadribacter_manganicus_length=3616199_coverage=165.86_circular=yes	2144189	2144815	+	HNGIBB_02256	21.7	9.2		
SRR35809336_ctg8014_Candidatus_Viadribacter_manganicus_length=3616199_coverage=165.86_circular=yes	2144816	2145259	-	HNGIBB_02257	15.0	11.1	PF07012.17|Curlin_rpt	PFAM:PF07012.17
SRR35809336_ctg8014_Candidatus_Viadribacter_manganicus_length=3616199_coverage=165.86_circular=yes	2145256	2145666	-	HNGIBB_02258	14.2	4.5	PF21112.3|CsgH	PFAM:PF21112.3
SRR35809336_ctg8014_Candidatus_Viadribacter_manganicus_length=3616199_coverage=165.86_circular=yes	2145727	2146230	-	HNGIBB_02259	17.3	10.4	PF07012.17|Curlin_rpt	PFAM:PF07012.17
SRR35809336_ctg8014_Candidatus_Viadribacter_manganicus_length=3616199_coverage=165.86_circular=yes	2152821	2154065	+	HNGIBB_02268	46.4	7.7		
SRR35809336_ctg8014_Candidatus_Viadribacter_manganicus_length=3616199_coverage=165.86_circular=yes	2162111	2162638	+	HNGIBB_02276	19.3	9.3	PF02559.22|CarD_TRCF_RID, PF21095.3|CarD_C	PFAM:PF02559.22, PFAM:PF21095.3
SRR35809336_ctg8014_Candidatus_Viadribacter_manganicus_length=3616199_coverage=165.86_circular=yes	2176367	2177299	+	HNGIBB_02288	33.8	4.8		
SRR35809336_ctg8014_Candidatus_Viadribacter_manganicus_length=3616199_coverage=165.86_circular=yes	2177308	2178465	+	HNGIBB_02289	41.0	9.5		
SRR35809336_ctg8014_Candidatus_Viadribacter_manganicus_length=3616199_coverage=165.86_circular=yes	2179282	2180607	+	HNGIBB_02291	49.1	5.8	PF04055.27|Radical_SAM, PF06969.22|HemN_C	PFAM:PF04055.27, PFAM:PF06969.22
SRR35809336_ctg8014_Candidatus_Viadribacter_manganicus_length=3616199_coverage=165.86_circular=yes	2182367	2182678	-	HNGIBB_02294	11.8	7.0		
SRR35809336_ctg8014_Candidatus_Viadribacter_manganicus_length=3616199_coverage=165.86_circular=yes	2189613	2191442	+	HNGIBB_02298	67.1	7.3	PF02254.24|TrkA_N	PFAM:PF02254.24
SRR35809336_ctg8014_Candidatus_Viadribacter_manganicus_length=3616199_coverage=165.86_circular=yes	2198928	2199134	+	HNGIBB_02305	8.0	4.5		
SRR35809336_ctg8014_Candidatus_Viadribacter_manganicus_length=3616199_coverage=165.86_circular=yes	2199140	2200060	-	HNGIBB_02306	34.2	5.4	PF00152.25|tRNA-synt_2	PFAM:PF00152.25
SRR35809336_ctg8014_Candidatus_Viadribacter_manganicus_length=3616199_coverage=165.86_circular=yes	2202147	2202449	+	HNGIBB_02310	11.5	4.1		
SRR35809336_ctg8014_Candidatus_Viadribacter_manganicus_length=3616199_coverage=165.86_circular=yes	2207550	2208317	-	HNGIBB_02316	28.4	5.0		
SRR35809336_ctg8014_Candidatus_Viadribacter_manganicus_length=3616199_coverage=165.86_circular=yes	2208375	2208932	+	HNGIBB_02317	20.5	8.1		
SRR35809336_ctg8014_Candidatus_Viadribacter_manganicus_length=3616199_coverage=165.86_circular=yes	2208929	2209459	-	HNGIBB_02318	18.3	4.3		
SRR35809336_ctg8014_Candidatus_Viadribacter_manganicus_length=3616199_coverage=165.86_circular=yes	2209571	2210182	+	HNGIBB_02319	21.6	5.7		
SRR35809336_ctg8014_Candidatus_Viadribacter_manganicus_length=3616199_coverage=165.86_circular=yes	2210745	2211464	-	HNGIBB_02321	27.3	11.3		
SRR35809336_ctg8014_Candidatus_Viadribacter_manganicus_length=3616199_coverage=165.86_circular=yes	2211522	2211794	-	HNGIBB_02322	10.5	6.8		
SRR35809336_ctg8014_Candidatus_Viadribacter_manganicus_length=3616199_coverage=165.86_circular=yes	2211850	2212068	-	HNGIBB_02323	7.8	10.0		
SRR35809336_ctg8014_Candidatus_Viadribacter_manganicus_length=3616199_coverage=165.86_circular=yes	2212183	2214036	+	HNGIBB_02324	70.0	6.0	PF13175.12|AAA_15, PF13304.12|AAA_21	PFAM:PF13175.12, PFAM:PF13304.12
SRR35809336_ctg8014_Candidatus_Viadribacter_manganicus_length=3616199_coverage=165.86_circular=yes	2216104	2217372	-	HNGIBB_02326	44.6	5.8		
SRR35809336_ctg8014_Candidatus_Viadribacter_manganicus_length=3616199_coverage=165.86_circular=yes	2217436	2218383	+	HNGIBB_02327	34.2	5.4	PF00034.26|Cytochrom_C, PF13442.11|Cytochrome_CBB3	PFAM:PF00034.26, PFAM:PF13442.11
SRR35809336_ctg8014_Candidatus_Viadribacter_manganicus_length=3616199_coverage=165.86_circular=yes	2218380	2218787	-	HNGIBB_02328	14.0	8.9		
SRR35809336_ctg8014_Candidatus_Viadribacter_manganicus_length=3616199_coverage=165.86_circular=yes	2218925	2219083	+	HNGIBB_02329	5.5	4.5		
SRR35809336_ctg8014_Candidatus_Viadribacter_manganicus_length=3616199_coverage=165.86_circular=yes	2219073	2219867	+	HNGIBB_02330	28.8	9.1	PF00165.29|HTH_AraC, PF12833.13|HTH_18, PF20240.3|DUF6597	PFAM:PF00165.29, PFAM:PF12833.13, PFAM:PF20240.3
SRR35809336_ctg8014_Candidatus_Viadribacter_manganicus_length=3616199_coverage=165.86_circular=yes	2219981	2220367	+	HNGIBB_02331	14.0	4.6	PF19780.4|DUF6265	PFAM:PF19780.4
SRR35809336_ctg8014_Candidatus_Viadribacter_manganicus_length=3616199_coverage=165.86_circular=yes	2220364	2221551	-	HNGIBB_02332	43.1	9.0	PF00924.24|MS_channel_2nd, PF21082.3|MS_channel_3rd, PF21088.2|MS_channel_1st	PFAM:PF00924.24, PFAM:PF21082.3, PFAM:PF21088.2
SRR35809336_ctg8014_Candidatus_Viadribacter_manganicus_length=3616199_coverage=165.86_circular=yes	2227603	2227830	-	HNGIBB_02339	8.4	4.6	PF18557.6|NepR	PFAM:PF18557.6
SRR35809336_ctg8014_Candidatus_Viadribacter_manganicus_length=3616199_coverage=165.86_circular=yes	2229707	2230414	+	HNGIBB_02342	25.8	6.3	PF00515.34|TPR_1, PF07719.23|TPR_2, PF13174.12|TPR_6, PF13181.12|TPR_8, PF13371.12|TPR_9, PF13374.12|TPR_10, PF13414.12|TPR_11, PF13424.12|TPR_12, PF13428.12|TPR_14, PF13431.12|TPR_17, PF13432.12|TPR_16, PF14559.12|TPR_19	PFAM:PF00515.34, PFAM:PF07719.23, PFAM:PF13174.12, PFAM:PF13181.12, PFAM:PF13371.12, PFAM:PF13374.12, PFAM:PF13414.12, PFAM:PF13424.12, PFAM:PF13428.12, PFAM:PF13431.12, PFAM:PF13432.12, PFAM:PF14559.12
SRR35809336_ctg8014_Candidatus_Viadribacter_manganicus_length=3616199_coverage=165.86_circular=yes	2230414	2231145	+	HNGIBB_02343	26.9	7.8	PF00515.34|TPR_1, PF07719.23|TPR_2, PF13174.12|TPR_6, PF13181.12|TPR_8, PF13371.12|TPR_9, PF13374.12|TPR_10, PF13414.12|TPR_11, PF13424.12|TPR_12, PF13428.12|TPR_14, PF13431.12|TPR_17, PF13432.12|TPR_16, PF14559.12|TPR_19	PFAM:PF00515.34, PFAM:PF07719.23, PFAM:PF13174.12, PFAM:PF13181.12, PFAM:PF13371.12, PFAM:PF13374.12, PFAM:PF13414.12, PFAM:PF13424.12, PFAM:PF13428.12, PFAM:PF13431.12, PFAM:PF13432.12, PFAM:PF14559.12
SRR35809336_ctg8014_Candidatus_Viadribacter_manganicus_length=3616199_coverage=165.86_circular=yes	2231931	2232245	-	HNGIBB_02346	11.0	10.2		
SRR35809336_ctg8014_Candidatus_Viadribacter_manganicus_length=3616199_coverage=165.86_circular=yes	2233796	2235244	-	HNGIBB_02348	51.8	6.5	PF00023.36|Ank, PF05569.17|Peptidase_M56, PF12796.13|Ank_2, PF13606.12|Ank_3, PF13637.12|Ank_4, PF13857.12|Ank_5	PFAM:PF00023.36, PFAM:PF05569.17, PFAM:PF12796.13, PFAM:PF13606.12, PFAM:PF13637.12, PFAM:PF13857.12
SRR35809336_ctg8014_Candidatus_Viadribacter_manganicus_length=3616199_coverage=165.86_circular=yes	2235241	2235603	-	HNGIBB_02349	13.5	5.1		
SRR35809336_ctg8014_Candidatus_Viadribacter_manganicus_length=3616199_coverage=165.86_circular=yes	2237272	2237790	+	HNGIBB_02352	19.4	4.5		
SRR35809336_ctg8014_Candidatus_Viadribacter_manganicus_length=3616199_coverage=165.86_circular=yes	2238635	2238895	-	HNGIBB_02354	9.7	10.8	PF01541.30|GIY-YIG	PFAM:PF01541.30
SRR35809336_ctg8014_Candidatus_Viadribacter_manganicus_length=3616199_coverage=165.86_circular=yes	2238892	2239503	-	HNGIBB_02355	23.1	5.0		
SRR35809336_ctg8014_Candidatus_Viadribacter_manganicus_length=3616199_coverage=165.86_circular=yes	2241950	2242129	+	HNGIBB_02358	6.3	5.3		
SRR35809336_ctg8014_Candidatus_Viadribacter_manganicus_length=3616199_coverage=165.86_circular=yes	2246063	2246311	-	HNGIBB_02361	8.2	4.1		
SRR35809336_ctg8014_Candidatus_Viadribacter_manganicus_length=3616199_coverage=165.86_circular=yes	2248087	2250012	-	HNGIBB_02364	68.6	4.1	PF00353.25|HemolysinCabind, PF08548.17|Peptidase_M10_C	PFAM:PF00353.25, PFAM:PF08548.17
SRR35809336_ctg8014_Candidatus_Viadribacter_manganicus_length=3616199_coverage=165.86_circular=yes	2251072	2251284	+	HNGIBB_02366	7.9	5.9		
SRR35809336_ctg8014_Candidatus_Viadribacter_manganicus_length=3616199_coverage=165.86_circular=yes	2251222	2251515	-	HNGIBB_02367	10.9	10.8		
SRR35809336_ctg8014_Candidatus_Viadribacter_manganicus_length=3616199_coverage=165.86_circular=yes	2254979	2255221	-	HNGIBB_02371	7.7	4.1		
SRR35809336_ctg8014_Candidatus_Viadribacter_manganicus_length=3616199_coverage=165.86_circular=yes	2256916	2257194	+	HNGIBB_02374	10.3	4.4		
SRR35809336_ctg8014_Candidatus_Viadribacter_manganicus_length=3616199_coverage=165.86_circular=yes	2257191	2257580	+	HNGIBB_02375	14.0	4.5		
SRR35809336_ctg8014_Candidatus_Viadribacter_manganicus_length=3616199_coverage=165.86_circular=yes	2267091	2267660	-	HNGIBB_02385	20.7	6.9	PF00440.29|TetR_N, PF14246.11|TetR_C_7, PF16859.10|TetR_C_11	PFAM:PF00440.29, PFAM:PF14246.11, PFAM:PF16859.10
SRR35809336_ctg8014_Candidatus_Viadribacter_manganicus_length=3616199_coverage=165.86_circular=yes	2277913	2278128	+	HNGIBB_02393	8.3	10.4		
SRR35809336_ctg8014_Candidatus_Viadribacter_manganicus_length=3616199_coverage=165.86_circular=yes	2278131	2279312	-	HNGIBB_02394	44.7	5.8		
SRR35809336_ctg8014_Candidatus_Viadribacter_manganicus_length=3616199_coverage=165.86_circular=yes	2281375	2281848	+	HNGIBB_02397	16.8	5.7		
SRR35809336_ctg8014_Candidatus_Viadribacter_manganicus_length=3616199_coverage=165.86_circular=yes	2282620	2286285	-	HNGIBB_02399	129.1	9.2		
SRR35809336_ctg8014_Candidatus_Viadribacter_manganicus_length=3616199_coverage=165.86_circular=yes	2295491	2295784	+	HNGIBB_02406	10.4	4.1		SO:0001217, UniRef:UniRef50_A0A6I6MFW6
SRR35809336_ctg8014_Candidatus_Viadribacter_manganicus_length=3616199_coverage=165.86_circular=yes	2295807	2296013	+	HNGIBB_02407	7.4	8.7		
SRR35809336_ctg8014_Candidatus_Viadribacter_manganicus_length=3616199_coverage=165.86_circular=yes	2296010	2296315	+	HNGIBB_02408	10.7	4.3		
SRR35809336_ctg8014_Candidatus_Viadribacter_manganicus_length=3616199_coverage=165.86_circular=yes	2309285	2310022	-	HNGIBB_02420	27.7	8.9		
SRR35809336_ctg8014_Candidatus_Viadribacter_manganicus_length=3616199_coverage=165.86_circular=yes	2319921	2320190	-	HNGIBB_02429	10.0	5.1		
SRR35809336_ctg8014_Candidatus_Viadribacter_manganicus_length=3616199_coverage=165.86_circular=yes	2323066	2323536	-	HNGIBB_02432	16.6	8.0	PF00359.27|PTS_EIIA_2	PFAM:PF00359.27
SRR35809336_ctg8014_Candidatus_Viadribacter_manganicus_length=3616199_coverage=165.86_circular=yes	2326234	2328279	-	HNGIBB_02436	76.2	5.5	PF09423.15|PhoD, PF16655.11|PhoD_N	PFAM:PF09423.15, PFAM:PF16655.11
SRR35809336_ctg8014_Candidatus_Viadribacter_manganicus_length=3616199_coverage=165.86_circular=yes	2328623	2329090	+	HNGIBB_02437	17.8	9.3	PF15956.11|DUF4760	PFAM:PF15956.11
SRR35809336_ctg8014_Candidatus_Viadribacter_manganicus_length=3616199_coverage=165.86_circular=yes	2332666	2333418	-	HNGIBB_02442	26.4	5.1		
SRR35809336_ctg8014_Candidatus_Viadribacter_manganicus_length=3616199_coverage=165.86_circular=yes	2333425	2334135	-	HNGIBB_02443	25.2	5.8	PF13676.11|TIR_2	PFAM:PF13676.11
SRR35809336_ctg8014_Candidatus_Viadribacter_manganicus_length=3616199_coverage=165.86_circular=yes	2337000	2338211	+	HNGIBB_02447	42.5	9.3	PF01041.23|DegT_DnrJ_EryC1	PFAM:PF01041.23
SRR35809336_ctg8014_Candidatus_Viadribacter_manganicus_length=3616199_coverage=165.86_circular=yes	2343753	2343956	-	HNGIBB_02455	7.3	6.0		
SRR35809336_ctg8014_Candidatus_Viadribacter_manganicus_length=3616199_coverage=165.86_circular=yes	2343962	2344258	-	HNGIBB_02456	11.0	9.8		
SRR35809336_ctg8014_Candidatus_Viadribacter_manganicus_length=3616199_coverage=165.86_circular=yes	2349065	2349439	+	HNGIBB_02461	13.3	5.5	PF08797.16|HIRAN	PFAM:PF08797.16
SRR35809336_ctg8014_Candidatus_Viadribacter_manganicus_length=3616199_coverage=165.86_circular=yes	2349506	2351116	-	HNGIBB_02462	58.3	5.6		
SRR35809336_ctg8014_Candidatus_Viadribacter_manganicus_length=3616199_coverage=165.86_circular=yes	2351165	2351752	+	HNGIBB_02463	21.1	10.7		
SRR35809336_ctg8014_Candidatus_Viadribacter_manganicus_length=3616199_coverage=165.86_circular=yes	2353624	2354241	+	HNGIBB_02465	23.5	9.5		
SRR35809336_ctg8014_Candidatus_Viadribacter_manganicus_length=3616199_coverage=165.86_circular=yes	2355542	2355991	-	HNGIBB_02468	17.0	5.4		
SRR35809336_ctg8014_Candidatus_Viadribacter_manganicus_length=3616199_coverage=165.86_circular=yes	2359020	2359685	+	HNGIBB_02471	23.1	4.4		
SRR35809336_ctg8014_Candidatus_Viadribacter_manganicus_length=3616199_coverage=165.86_circular=yes	2359692	2360657	-	HNGIBB_02472	34.5	5.2	PF08241.18|Methyltransf_11, PF08242.18|Methyltransf_12, PF13489.12|Methyltransf_23, PF13649.12|Methyltransf_25, PF13847.12|Methyltransf_31	PFAM:PF08241.18, PFAM:PF08242.18, PFAM:PF13489.12, PFAM:PF13649.12, PFAM:PF13847.12
SRR35809336_ctg8014_Candidatus_Viadribacter_manganicus_length=3616199_coverage=165.86_circular=yes	2366142	2366234	-	HNGIBB_02479	3.3	6.5		
SRR35809336_ctg8014_Candidatus_Viadribacter_manganicus_length=3616199_coverage=165.86_circular=yes	2367726	2367989	-	HNGIBB_02482	9.2	8.7		
SRR35809336_ctg8014_Candidatus_Viadribacter_manganicus_length=3616199_coverage=165.86_circular=yes	2370516	2370686	+	HNGIBB_02485	6.3	4.7		
SRR35809336_ctg8014_Candidatus_Viadribacter_manganicus_length=3616199_coverage=165.86_circular=yes	2373125	2373625	+	HNGIBB_02488	18.0	5.7		
SRR35809336_ctg8014_Candidatus_Viadribacter_manganicus_length=3616199_coverage=165.86_circular=yes	2376073	2376459	+	HNGIBB_02491	14.6	5.6		
SRR35809336_ctg8014_Candidatus_Viadribacter_manganicus_length=3616199_coverage=165.86_circular=yes	2376924	2377376	-	HNGIBB_02493	17.0	5.7		
SRR35809336_ctg8014_Candidatus_Viadribacter_manganicus_length=3616199_coverage=165.86_circular=yes	2379916	2380452	+	HNGIBB_02497	19.7	5.4		
SRR35809336_ctg8014_Candidatus_Viadribacter_manganicus_length=3616199_coverage=165.86_circular=yes	2380547	2381386	+	HNGIBB_02498	30.1	5.9	PF00582.32|Usp	PFAM:PF00582.32
SRR35809336_ctg8014_Candidatus_Viadribacter_manganicus_length=3616199_coverage=165.86_circular=yes	2381432	2382079	-	HNGIBB_02499	23.4	5.5	PF00027.35|cNMP_binding, PF00325.26|Crp, PF13545.12|HTH_Crp_2	PFAM:PF00027.35, PFAM:PF00325.26, PFAM:PF13545.12
SRR35809336_ctg8014_Candidatus_Viadribacter_manganicus_length=3616199_coverage=165.86_circular=yes	2382327	2383835	+	HNGIBB_02500	54.2	6.5	PF00512.31|HisKA, PF00989.32|PAS, PF02518.31|HATPase_c, PF08448.16|PAS_4, PF13188.13|PAS_8, PF13426.13|PAS_9	PFAM:PF00512.31, PFAM:PF00989.32, PFAM:PF02518.31, PFAM:PF08448.16, PFAM:PF13188.13, PFAM:PF13426.13
SRR35809336_ctg8014_Candidatus_Viadribacter_manganicus_length=3616199_coverage=165.86_circular=yes	2384484	2384852	+	HNGIBB_02502	13.2	5.9	PF00072.30|Response_reg	PFAM:PF00072.30
SRR35809336_ctg8014_Candidatus_Viadribacter_manganicus_length=3616199_coverage=165.86_circular=yes	2384925	2385842	+	HNGIBB_02503	33.3	6.0	PF00149.33|Metallophos	PFAM:PF00149.33
SRR35809336_ctg8014_Candidatus_Viadribacter_manganicus_length=3616199_coverage=165.86_circular=yes	2385846	2386610	-	HNGIBB_02504	28.1	4.5		
SRR35809336_ctg8014_Candidatus_Viadribacter_manganicus_length=3616199_coverage=165.86_circular=yes	2390882	2392612	-	HNGIBB_02507	60.6	10.7		
SRR35809336_ctg8014_Candidatus_Viadribacter_manganicus_length=3616199_coverage=165.86_circular=yes	2392851	2395007	+	HNGIBB_02508	78.3	5.7		
SRR35809336_ctg8014_Candidatus_Viadribacter_manganicus_length=3616199_coverage=165.86_circular=yes	2398058	2399074	-	HNGIBB_02510	34.3	5.3	PF16576.10|HlyD_D23	PFAM:PF16576.10
SRR35809336_ctg8014_Candidatus_Viadribacter_manganicus_length=3616199_coverage=165.86_circular=yes	2400987	2401274	+	HNGIBB_02513	9.7	4.8		SO:0001217, UniRef:UniRef50_A0A1B1AJQ1
SRR35809336_ctg8014_Candidatus_Viadribacter_manganicus_length=3616199_coverage=165.86_circular=yes	2404034	2404216	-	HNGIBB_02516	7.1	4.9		
SRR35809336_ctg8014_Candidatus_Viadribacter_manganicus_length=3616199_coverage=165.86_circular=yes	2404337	2404864	-	HNGIBB_02517	19.4	12.0		
SRR35809336_ctg8014_Candidatus_Viadribacter_manganicus_length=3616199_coverage=165.86_circular=yes	2406311	2407192	+	HNGIBB_02520	32.0	6.6		
SRR35809336_ctg8014_Candidatus_Viadribacter_manganicus_length=3616199_coverage=165.86_circular=yes	2407203	2407379	+	HNGIBB_02521	5.9	10.7		
SRR35809336_ctg8014_Candidatus_Viadribacter_manganicus_length=3616199_coverage=165.86_circular=yes	2410743	2411921	-	HNGIBB_02525	41.2	9.2		
SRR35809336_ctg8014_Candidatus_Viadribacter_manganicus_length=3616199_coverage=165.86_circular=yes	2412782	2413600	+	HNGIBB_02527	28.7	8.9	PF00535.33|Glycos_transf_2, PF13632.12|Glyco_trans_2_3, PF13641.12|Glyco_tranf_2_3	PFAM:PF00535.33, PFAM:PF13632.12, PFAM:PF13641.12
SRR35809336_ctg8014_Candidatus_Viadribacter_manganicus_length=3616199_coverage=165.86_circular=yes	2413597	2414586	-	HNGIBB_02528	34.8	9.1	PF00535.33|Glycos_transf_2, PF13641.12|Glyco_tranf_2_3	PFAM:PF00535.33, PFAM:PF13641.12
SRR35809336_ctg8014_Candidatus_Viadribacter_manganicus_length=3616199_coverage=165.86_circular=yes	2414640	2415302	+	HNGIBB_02529	24.7	5.8		
SRR35809336_ctg8014_Candidatus_Viadribacter_manganicus_length=3616199_coverage=165.86_circular=yes	2415304	2416224	-	HNGIBB_02530	33.7	5.9		
SRR35809336_ctg8014_Candidatus_Viadribacter_manganicus_length=3616199_coverage=165.86_circular=yes	2416262	2417269	-	HNGIBB_02531	35.3	6.3		
SRR35809336_ctg8014_Candidatus_Viadribacter_manganicus_length=3616199_coverage=165.86_circular=yes	2417555	2418346	+	HNGIBB_02532	29.2	9.8	PF01061.29|ABC2_membrane	PFAM:PF01061.29
SRR35809336_ctg8014_Candidatus_Viadribacter_manganicus_length=3616199_coverage=165.86_circular=yes	2418351	2419121	+	HNGIBB_02533	27.7	6.5	PF00005.33|ABC_tran	PFAM:PF00005.33
SRR35809336_ctg8014_Candidatus_Viadribacter_manganicus_length=3616199_coverage=165.86_circular=yes	2422563	2425631	+	HNGIBB_02538	111.4	6.4		
SRR35809336_ctg8014_Candidatus_Viadribacter_manganicus_length=3616199_coverage=165.86_circular=yes	2426672	2427745	+	HNGIBB_02540	39.7	5.2		
SRR35809336_ctg8014_Candidatus_Viadribacter_manganicus_length=3616199_coverage=165.86_circular=yes	2428402	2431620	-	HNGIBB_02542	112.3	4.1	PF00353.25|HemolysinCabind, PF00413.30|Peptidase_M10, PF07995.17|GSDH, PF08548.17|Peptidase_M10_C	PFAM:PF00353.25, PFAM:PF00413.30, PFAM:PF07995.17, PFAM:PF08548.17
SRR35809336_ctg8014_Candidatus_Viadribacter_manganicus_length=3616199_coverage=165.86_circular=yes	2431770	2434451	-	HNGIBB_02543	93.9	4.1	PF00353.25|HemolysinCabind, PF04151.21|PPC, PF08548.17|Peptidase_M10_C	PFAM:PF00353.25, PFAM:PF04151.21, PFAM:PF08548.17
SRR35809336_ctg8014_Candidatus_Viadribacter_manganicus_length=3616199_coverage=165.86_circular=yes	2436650	2437951	-	HNGIBB_02546	46.1	5.2		
SRR35809336_ctg8014_Candidatus_Viadribacter_manganicus_length=3616199_coverage=165.86_circular=yes	2439201	2440961	-	HNGIBB_02548	62.3	8.7	PF00005.33|ABC_tran	PFAM:PF00005.33
SRR35809336_ctg8014_Candidatus_Viadribacter_manganicus_length=3616199_coverage=165.86_circular=yes	2447732	2448322	-	HNGIBB_02554	20.2	9.3		
SRR35809336_ctg8014_Candidatus_Viadribacter_manganicus_length=3616199_coverage=165.86_circular=yes	2451085	2451630	+	HNGIBB_02557	19.2	6.1		
SRR35809336_ctg8014_Candidatus_Viadribacter_manganicus_length=3616199_coverage=165.86_circular=yes	2451652	2452068	-	HNGIBB_02558	15.1	6.6		
SRR35809336_ctg8014_Candidatus_Viadribacter_manganicus_length=3616199_coverage=165.86_circular=yes	2452078	2452347	-	HNGIBB_02559	10.7	5.1		
SRR35809336_ctg8014_Candidatus_Viadribacter_manganicus_length=3616199_coverage=165.86_circular=yes	2453862	2455385	-	HNGIBB_02561	55.0	5.9	PF00408.26|PGM_PMM_IV, PF02878.22|PGM_PMM_I, PF02879.22|PGM_PMM_II, PF02880.22|PGM_PMM_III	PFAM:PF00408.26, PFAM:PF02878.22, PFAM:PF02879.22, PFAM:PF02880.22
SRR35809336_ctg8014_Candidatus_Viadribacter_manganicus_length=3616199_coverage=165.86_circular=yes	2456856	2457290	+	HNGIBB_02564	14.9	5.3	PF00383.29|dCMP_cyt_deam_1	PFAM:PF00383.29
SRR35809336_ctg8014_Candidatus_Viadribacter_manganicus_length=3616199_coverage=165.86_circular=yes	2461340	2461480	+	HNGIBB_02569	4.6	8.4		
SRR35809336_ctg8014_Candidatus_Viadribacter_manganicus_length=3616199_coverage=165.86_circular=yes	2461563	2461907	-	HNGIBB_02570	12.9	4.6		
SRR35809336_ctg8014_Candidatus_Viadribacter_manganicus_length=3616199_coverage=165.86_circular=yes	2464753	2464959	+	HNGIBB_02573	7.2	4.6		
SRR35809336_ctg8014_Candidatus_Viadribacter_manganicus_length=3616199_coverage=165.86_circular=yes	2466004	2466921	+	HNGIBB_02575	34.2	4.9		
SRR35809336_ctg8014_Candidatus_Viadribacter_manganicus_length=3616199_coverage=165.86_circular=yes	2466992	2467879	-	HNGIBB_02576	32.2	4.7		
SRR35809336_ctg8014_Candidatus_Viadribacter_manganicus_length=3616199_coverage=165.86_circular=yes	2469370	2470119	+	HNGIBB_02578	27.6	6.8	PF00515.34|TPR_1, PF07719.23|TPR_2, PF13181.12|TPR_8, PF13414.12|TPR_11, PF13428.12|TPR_14, PF13431.12|TPR_17, PF13432.12|TPR_16, PF14559.12|TPR_19	PFAM:PF00515.34, PFAM:PF07719.23, PFAM:PF13181.12, PFAM:PF13414.12, PFAM:PF13428.12, PFAM:PF13431.12, PFAM:PF13432.12, PFAM:PF14559.12
SRR35809336_ctg8014_Candidatus_Viadribacter_manganicus_length=3616199_coverage=165.86_circular=yes	2471687	2473699	-	HNGIBB_02581	72.9	5.6	PF00211.25|Guanylate_cyc, PF13431.12|TPR_17	PFAM:PF00211.25, PFAM:PF13431.12
SRR35809336_ctg8014_Candidatus_Viadribacter_manganicus_length=3616199_coverage=165.86_circular=yes	2473835	2475382	+	HNGIBB_02582	52.5	4.1	PF00353.25|HemolysinCabind	PFAM:PF00353.25
SRR35809336_ctg8014_Candidatus_Viadribacter_manganicus_length=3616199_coverage=165.86_circular=yes	2479570	2479920	+	HNGIBB_02588	12.7	4.9	PF03795.20|YCII	PFAM:PF03795.20
SRR35809336_ctg8014_Candidatus_Viadribacter_manganicus_length=3616199_coverage=165.86_circular=yes	2482443	2483084	+	HNGIBB_02592	23.7	5.1		
SRR35809336_ctg8014_Candidatus_Viadribacter_manganicus_length=3616199_coverage=165.86_circular=yes	2485020	2485895	-	HNGIBB_02596	32.1	5.3	PF00515.34|TPR_1, PF07719.23|TPR_2, PF13181.12|TPR_8, PF13371.12|TPR_9, PF13414.12|TPR_11, PF13428.12|TPR_14, PF13431.12|TPR_17, PF13432.12|TPR_16, PF14559.12|TPR_19	PFAM:PF00515.34, PFAM:PF07719.23, PFAM:PF13181.12, PFAM:PF13371.12, PFAM:PF13414.12, PFAM:PF13428.12, PFAM:PF13431.12, PFAM:PF13432.12, PFAM:PF14559.12
SRR35809336_ctg8014_Candidatus_Viadribacter_manganicus_length=3616199_coverage=165.86_circular=yes	2490861	2491679	+	HNGIBB_02601	29.0	9.7		
SRR35809336_ctg8014_Candidatus_Viadribacter_manganicus_length=3616199_coverage=165.86_circular=yes	2502487	2502909	-	HNGIBB_02609	15.0	6.9	PF03061.28|4HBT	PFAM:PF03061.28
SRR35809336_ctg8014_Candidatus_Viadribacter_manganicus_length=3616199_coverage=165.86_circular=yes	2502992	2503444	+	HNGIBB_02610	16.3	11.8		SO:0001217, UniRef:UniRef50_A0A1B1AJZ4
SRR35809336_ctg8014_Candidatus_Viadribacter_manganicus_length=3616199_coverage=165.86_circular=yes	2503441	2503755	-	HNGIBB_02611	11.1	5.0		SO:0001217, UniRef:UniRef50_A0A1V1PNY3
SRR35809336_ctg8014_Candidatus_Viadribacter_manganicus_length=3616199_coverage=165.86_circular=yes	2505294	2505650	-	HNGIBB_02614	13.4	10.3		
SRR35809336_ctg8014_Candidatus_Viadribacter_manganicus_length=3616199_coverage=165.86_circular=yes	2505771	2506271	-	HNGIBB_02615	18.9	6.4	PF13302.13|Acetyltransf_3	PFAM:PF13302.13
SRR35809336_ctg8014_Candidatus_Viadribacter_manganicus_length=3616199_coverage=165.86_circular=yes	2508137	2508697	+	HNGIBB_02618	21.6	8.7	PF14279.12|HNH_5	PFAM:PF14279.12
SRR35809336_ctg8014_Candidatus_Viadribacter_manganicus_length=3616199_coverage=165.86_circular=yes	2508694	2510070	-	HNGIBB_02619	48.7	5.1	PF00595.29|PDZ, PF11918.13|Peptidase_S41_N, PF13180.12|PDZ_2, PF17820.7|PDZ_6	PFAM:PF00595.29, PFAM:PF11918.13, PFAM:PF13180.12, PFAM:PF17820.7
SRR35809336_ctg8014_Candidatus_Viadribacter_manganicus_length=3616199_coverage=165.86_circular=yes	2511502	2513562	-	HNGIBB_02623	74.6	7.1		
SRR35809336_ctg8014_Candidatus_Viadribacter_manganicus_length=3616199_coverage=165.86_circular=yes	2513870	2514187	-	HNGIBB_02624	11.4	4.6		
SRR35809336_ctg8014_Candidatus_Viadribacter_manganicus_length=3616199_coverage=165.86_circular=yes	2519651	2521066	-	HNGIBB_02628	51.8	5.4	PF13365.12|Trypsin_2	PFAM:PF13365.12
SRR35809336_ctg8014_Candidatus_Viadribacter_manganicus_length=3616199_coverage=165.86_circular=yes	2521223	2522107	-	HNGIBB_02629	31.5	9.9		
SRR35809336_ctg8014_Candidatus_Viadribacter_manganicus_length=3616199_coverage=165.86_circular=yes	2523710	2525008	+	HNGIBB_02631	45.7	9.8		
SRR35809336_ctg8014_Candidatus_Viadribacter_manganicus_length=3616199_coverage=165.86_circular=yes	2525581	2527512	+	HNGIBB_02633	68.9	5.0	PF00072.30|Response_reg, PF00512.31|HisKA, PF00989.32|PAS, PF02518.31|HATPase_c, PF08448.16|PAS_4, PF13188.13|PAS_8, PF13426.13|PAS_9	PFAM:PF00072.30, PFAM:PF00512.31, PFAM:PF00989.32, PFAM:PF02518.31, PFAM:PF08448.16, PFAM:PF13188.13, PFAM:PF13426.13
SRR35809336_ctg8014_Candidatus_Viadribacter_manganicus_length=3616199_coverage=165.86_circular=yes	2530859	2531272	-	HNGIBB_02636	13.7	10.0		
SRR35809336_ctg8014_Candidatus_Viadribacter_manganicus_length=3616199_coverage=165.86_circular=yes	2532637	2533239	+	HNGIBB_02639	21.5	9.6		
SRR35809336_ctg8014_Candidatus_Viadribacter_manganicus_length=3616199_coverage=165.86_circular=yes	2538893	2539840	+	HNGIBB_02645	33.9	5.2		
SRR35809336_ctg8014_Candidatus_Viadribacter_manganicus_length=3616199_coverage=165.86_circular=yes	2539843	2540220	-	HNGIBB_02646	14.3	9.5		
SRR35809336_ctg8014_Candidatus_Viadribacter_manganicus_length=3616199_coverage=165.86_circular=yes	2540256	2540393	-	HNGIBB_02647	4.9	10.3		
SRR35809336_ctg8014_Candidatus_Viadribacter_manganicus_length=3616199_coverage=165.86_circular=yes	2540511	2541305	+	HNGIBB_02648	28.2	5.7	PF13622.12|4HBT_3, PF20789.3|4HBT_3C	PFAM:PF13622.12, PFAM:PF20789.3
SRR35809336_ctg8014_Candidatus_Viadribacter_manganicus_length=3616199_coverage=165.86_circular=yes	2542058	2542486	-	HNGIBB_02650	16.5	6.4		
SRR35809336_ctg8014_Candidatus_Viadribacter_manganicus_length=3616199_coverage=165.86_circular=yes	2542941	2543423	-	HNGIBB_02652	17.9	4.8		
SRR35809336_ctg8014_Candidatus_Viadribacter_manganicus_length=3616199_coverage=165.86_circular=yes	2549691	2550569	+	HNGIBB_02661	31.4	5.3	PF13432.12|TPR_16, PF13525.12|YfiO	PFAM:PF13432.12, PFAM:PF13525.12
SRR35809336_ctg8014_Candidatus_Viadribacter_manganicus_length=3616199_coverage=165.86_circular=yes	2550579	2551814	+	HNGIBB_02662	45.3	8.8		
SRR35809336_ctg8014_Candidatus_Viadribacter_manganicus_length=3616199_coverage=165.86_circular=yes	2557884	2558942	+	HNGIBB_02668	38.9	5.0		
SRR35809336_ctg8014_Candidatus_Viadribacter_manganicus_length=3616199_coverage=165.86_circular=yes	2559029	2559796	-	HNGIBB_02669	23.3	9.1	PF00313.28|CSD	PFAM:PF00313.28
SRR35809336_ctg8014_Candidatus_Viadribacter_manganicus_length=3616199_coverage=165.86_circular=yes	2560008	2560634	-	HNGIBB_02670	22.6	6.7		
SRR35809336_ctg8014_Candidatus_Viadribacter_manganicus_length=3616199_coverage=165.86_circular=yes	2560889	2560981	+	HNGIBB_02671	3.2	8.0		
SRR35809336_ctg8014_Candidatus_Viadribacter_manganicus_length=3616199_coverage=165.86_circular=yes	2565612	2566754	-	HNGIBB_02678	41.6	5.0	PF01551.29|Peptidase_M23	PFAM:PF01551.29
SRR35809336_ctg8014_Candidatus_Viadribacter_manganicus_length=3616199_coverage=165.86_circular=yes	2567604	2569040	-	HNGIBB_02680	50.5	6.3		
SRR35809336_ctg8014_Candidatus_Viadribacter_manganicus_length=3616199_coverage=165.86_circular=yes	2570902	2571360	+	HNGIBB_02683	17.3	5.8		
SRR35809336_ctg8014_Candidatus_Viadribacter_manganicus_length=3616199_coverage=165.86_circular=yes	2573377	2575338	+	HNGIBB_02685	70.9	6.3	PF00515.34|TPR_1, PF00685.33|Sulfotransfer_1, PF03704.23|BTAD, PF07719.23|TPR_2, PF13174.12|TPR_6, PF13181.12|TPR_8, PF13414.12|TPR_11, PF13424.12|TPR_12, PF13428.12|TPR_14, PF13429.12|TPR_15, PF13431.12|TPR_17, PF13432.12|TPR_16, PF13469.12|Sulfotransfer_3, PF14559.12|TPR_19, PF14561.12|TPR_20, PF23914.1|TPR_CcmH_CycH	PFAM:PF00515.34, PFAM:PF00685.33, PFAM:PF03704.23, PFAM:PF07719.23, PFAM:PF13174.12, PFAM:PF13181.12, PFAM:PF13414.12, PFAM:PF13424.12, PFAM:PF13428.12, PFAM:PF13429.12, PFAM:PF13431.12, PFAM:PF13432.12, PFAM:PF13469.12, PFAM:PF14559.12, PFAM:PF14561.12, PFAM:PF23914.1
SRR35809336_ctg8014_Candidatus_Viadribacter_manganicus_length=3616199_coverage=165.86_circular=yes	2577002	2577202	+	HNGIBB_02687	7.2	8.0		
SRR35809336_ctg8014_Candidatus_Viadribacter_manganicus_length=3616199_coverage=165.86_circular=yes	2577202	2577462	+	HNGIBB_02688	9.7	5.5		
SRR35809336_ctg8014_Candidatus_Viadribacter_manganicus_length=3616199_coverage=165.86_circular=yes	2577459	2578244	-	HNGIBB_02689	29.8	11.1		
SRR35809336_ctg8014_Candidatus_Viadribacter_manganicus_length=3616199_coverage=165.86_circular=yes	2578534	2578683	-	HNGIBB_02690	4.9	5.9		
SRR35809336_ctg8014_Candidatus_Viadribacter_manganicus_length=3616199_coverage=165.86_circular=yes	2582823	2583314	-	HNGIBB_02693	17.6	5.6		
SRR35809336_ctg8014_Candidatus_Viadribacter_manganicus_length=3616199_coverage=165.86_circular=yes	2592205	2592432	+	HNGIBB_02700	8.5	9.4		
SRR35809336_ctg8014_Candidatus_Viadribacter_manganicus_length=3616199_coverage=165.86_circular=yes	2592450	2593796	+	HNGIBB_02701	49.8	6.4	PF00685.33|Sulfotransfer_1, PF13428.12|TPR_14, PF13469.12|Sulfotransfer_3	PFAM:PF00685.33, PFAM:PF13428.12, PFAM:PF13469.12
SRR35809336_ctg8014_Candidatus_Viadribacter_manganicus_length=3616199_coverage=165.86_circular=yes	2593860	2594879	+	HNGIBB_02702	33.6	6.6	PF10988.14|DUF2807	PFAM:PF10988.14
SRR35809336_ctg8014_Candidatus_Viadribacter_manganicus_length=3616199_coverage=165.86_circular=yes	2594959	2595720	-	HNGIBB_02703	26.3	4.1		
SRR35809336_ctg8014_Candidatus_Viadribacter_manganicus_length=3616199_coverage=165.86_circular=yes	2595983	2596708	-	HNGIBB_02704	25.0	4.1	PF13609.12|Porin_4	PFAM:PF13609.12
SRR35809336_ctg8014_Candidatus_Viadribacter_manganicus_length=3616199_coverage=165.86_circular=yes	2596959	2597891	+	HNGIBB_02705	31.9	6.0	PF10988.14|DUF2807	PFAM:PF10988.14
SRR35809336_ctg8014_Candidatus_Viadribacter_manganicus_length=3616199_coverage=165.86_circular=yes	2598505	2599425	+	HNGIBB_02707	32.4	5.5		
SRR35809336_ctg8014_Candidatus_Viadribacter_manganicus_length=3616199_coverage=165.86_circular=yes	2604015	2606699	+	HNGIBB_02714	96.0	4.4	PF00593.30|TonB_dep_Rec_b-barrel, PF07715.20|Plug	PFAM:PF00593.30, PFAM:PF07715.20
SRR35809336_ctg8014_Candidatus_Viadribacter_manganicus_length=3616199_coverage=165.86_circular=yes	2606818	2608482	+	HNGIBB_02715	59.2	8.8	PF13480.13|Acetyltransf_6	PFAM:PF13480.13
SRR35809336_ctg8014_Candidatus_Viadribacter_manganicus_length=3616199_coverage=165.86_circular=yes	2608687	2610132	+	HNGIBB_02716	52.1	6.7		
SRR35809336_ctg8014_Candidatus_Viadribacter_manganicus_length=3616199_coverage=165.86_circular=yes	2612493	2613209	+	HNGIBB_02720	25.7	7.8		
SRR35809336_ctg8014_Candidatus_Viadribacter_manganicus_length=3616199_coverage=165.86_circular=yes	2613272	2613988	+	HNGIBB_02721	27.1	8.1	PF08241.18|Methyltransf_11, PF13489.12|Methyltransf_23, PF13649.12|Methyltransf_25, PF13847.12|Methyltransf_31	PFAM:PF08241.18, PFAM:PF13489.12, PFAM:PF13649.12, PFAM:PF13847.12
SRR35809336_ctg8014_Candidatus_Viadribacter_manganicus_length=3616199_coverage=165.86_circular=yes	2615090	2615572	-	HNGIBB_02724	17.6	8.9		
SRR35809336_ctg8014_Candidatus_Viadribacter_manganicus_length=3616199_coverage=165.86_circular=yes	2617532	2617948	-	HNGIBB_02728	15.0	5.7		
SRR35809336_ctg8014_Candidatus_Viadribacter_manganicus_length=3616199_coverage=165.86_circular=yes	2618096	2619355	+	HNGIBB_02729	45.9	9.8	PF01757.29|Acyl_transf_3	PFAM:PF01757.29
SRR35809336_ctg8014_Candidatus_Viadribacter_manganicus_length=3616199_coverage=165.86_circular=yes	2634448	2635005	+	HNGIBB_02739	20.0	9.1	PF00515.34|TPR_1, PF07719.23|TPR_2, PF13181.12|TPR_8, PF13371.12|TPR_9, PF13428.12|TPR_14, PF13432.12|TPR_16	PFAM:PF00515.34, PFAM:PF07719.23, PFAM:PF13181.12, PFAM:PF13371.12, PFAM:PF13428.12, PFAM:PF13432.12
SRR35809336_ctg8014_Candidatus_Viadribacter_manganicus_length=3616199_coverage=165.86_circular=yes	2637165	2637908	-	HNGIBB_02742	25.9	5.8	PF00106.31|adh_short, PF13561.12|adh_short_C2	PFAM:PF00106.31, PFAM:PF13561.12
SRR35809336_ctg8014_Candidatus_Viadribacter_manganicus_length=3616199_coverage=165.86_circular=yes	2637905	2638288	-	HNGIBB_02743	14.4	5.3	PF02152.23|FolB	PFAM:PF02152.23
SRR35809336_ctg8014_Candidatus_Viadribacter_manganicus_length=3616199_coverage=165.86_circular=yes	2638399	2638491	+	HNGIBB_02744	3.2	8.0		
SRR35809336_ctg8014_Candidatus_Viadribacter_manganicus_length=3616199_coverage=165.86_circular=yes	2643460	2645253	+	HNGIBB_02750	66.3	5.7	PF00144.29|Beta-lactamase	PFAM:PF00144.29
SRR35809336_ctg8014_Candidatus_Viadribacter_manganicus_length=3616199_coverage=165.86_circular=yes	2646769	2647209	-	HNGIBB_02752	15.4	4.6		
SRR35809336_ctg8014_Candidatus_Viadribacter_manganicus_length=3616199_coverage=165.86_circular=yes	2656884	2658710	+	HNGIBB_02763	64.1	6.0	PF00092.34|VWA, PF13400.11|Tad, PF16190.11|E1_FCCH	PFAM:PF00092.34, PFAM:PF13400.11, PFAM:PF16190.11
SRR35809336_ctg8014_Candidatus_Viadribacter_manganicus_length=3616199_coverage=165.86_circular=yes	2658910	2660667	+	HNGIBB_02764	62.4	4.7	PF00092.34|VWA, PF13400.11|Tad, PF13519.12|VWA_2	PFAM:PF00092.34, PFAM:PF13400.11, PFAM:PF13519.12
SRR35809336_ctg8014_Candidatus_Viadribacter_manganicus_length=3616199_coverage=165.86_circular=yes	2664732	2666003	+	HNGIBB_02769	46.0	6.7	PF00515.34|TPR_1, PF07719.23|TPR_2, PF10516.15|SHNi-TPR, PF13181.12|TPR_8, PF13371.12|TPR_9, PF13414.12|TPR_11, PF13424.12|TPR_12, PF13428.12|TPR_14, PF13431.12|TPR_17, PF13432.12|TPR_16, PF14559.12|TPR_19	PFAM:PF00515.34, PFAM:PF07719.23, PFAM:PF10516.15, PFAM:PF13181.12, PFAM:PF13371.12, PFAM:PF13414.12, PFAM:PF13424.12, PFAM:PF13428.12, PFAM:PF13431.12, PFAM:PF13432.12, PFAM:PF14559.12
SRR35809336_ctg8014_Candidatus_Viadribacter_manganicus_length=3616199_coverage=165.86_circular=yes	2666188	2666493	+	HNGIBB_02770	11.5	11.2		
SRR35809336_ctg8014_Candidatus_Viadribacter_manganicus_length=3616199_coverage=165.86_circular=yes	2666558	2667055	+	HNGIBB_02771	17.4	5.2		
SRR35809336_ctg8014_Candidatus_Viadribacter_manganicus_length=3616199_coverage=165.86_circular=yes	2670060	2671622	-	HNGIBB_02775	58.4	5.3		
SRR35809336_ctg8014_Candidatus_Viadribacter_manganicus_length=3616199_coverage=165.86_circular=yes	2672056	2672541	+	HNGIBB_02776	18.4	8.3		
SRR35809336_ctg8014_Candidatus_Viadribacter_manganicus_length=3616199_coverage=165.86_circular=yes	2674367	2674822	-	HNGIBB_02780	16.4	6.3		
SRR35809336_ctg8014_Candidatus_Viadribacter_manganicus_length=3616199_coverage=165.86_circular=yes	2675044	2675325	-	HNGIBB_02781	11.0	11.7	PF05016.21|ParE_toxin	PFAM:PF05016.21
SRR35809336_ctg8014_Candidatus_Viadribacter_manganicus_length=3616199_coverage=165.86_circular=yes	2675322	2675585	-	HNGIBB_02782	9.7	4.3		
SRR35809336_ctg8014_Candidatus_Viadribacter_manganicus_length=3616199_coverage=165.86_circular=yes	2675664	2676017	-	HNGIBB_02783	13.0	9.2	PF01337.24|Barstar	PFAM:PF01337.24
SRR35809336_ctg8014_Candidatus_Viadribacter_manganicus_length=3616199_coverage=165.86_circular=yes	2680145	2680318	-	HNGIBB_02786	6.4	9.0		SO:0001217, UniRef:UniRef50_A0A9D6KSN3
SRR35809336_ctg8014_Candidatus_Viadribacter_manganicus_length=3616199_coverage=165.86_circular=yes	2681272	2681520	-	HNGIBB_02788	8.4	4.1		
SRR35809336_ctg8014_Candidatus_Viadribacter_manganicus_length=3616199_coverage=165.86_circular=yes	2682558	2683457	+	HNGIBB_02790	33.4	8.8		
SRR35809336_ctg8014_Candidatus_Viadribacter_manganicus_length=3616199_coverage=165.86_circular=yes	2688574	2688867	-	HNGIBB_02795	10.7	10.7		
SRR35809336_ctg8014_Candidatus_Viadribacter_manganicus_length=3616199_coverage=165.86_circular=yes	2689025	2690602	-	HNGIBB_02797	56.1	5.2	PF13676.11|TIR_2	PFAM:PF13676.11
SRR35809336_ctg8014_Candidatus_Viadribacter_manganicus_length=3616199_coverage=165.86_circular=yes	2690724	2691041	+	HNGIBB_02798	11.3	5.4	PF09864.15|MliC	PFAM:PF09864.15
SRR35809336_ctg8014_Candidatus_Viadribacter_manganicus_length=3616199_coverage=165.86_circular=yes	2691054	2691557	-	HNGIBB_02799	19.1	5.9	PF01814.28|Hemerythrin	PFAM:PF01814.28
SRR35809336_ctg8014_Candidatus_Viadribacter_manganicus_length=3616199_coverage=165.86_circular=yes	2691614	2691943	-	HNGIBB_02800	13.4	6.9		
SRR35809336_ctg8014_Candidatus_Viadribacter_manganicus_length=3616199_coverage=165.86_circular=yes	2693511	2694227	-	HNGIBB_02802	26.1	5.2		
SRR35809336_ctg8014_Candidatus_Viadribacter_manganicus_length=3616199_coverage=165.86_circular=yes	2696096	2697016	+	HNGIBB_02804	33.8	5.3		
SRR35809336_ctg8014_Candidatus_Viadribacter_manganicus_length=3616199_coverage=165.86_circular=yes	2699064	2699795	-	HNGIBB_02806	25.4	5.3	PF03544.19|TonB_C	PFAM:PF03544.19
SRR35809336_ctg8014_Candidatus_Viadribacter_manganicus_length=3616199_coverage=165.86_circular=yes	2702212	2702388	+	HNGIBB_02810	6.7	8.7		
SRR35809336_ctg8014_Candidatus_Viadribacter_manganicus_length=3616199_coverage=165.86_circular=yes	2702394	2702942	+	HNGIBB_02811	18.8	4.1		
SRR35809336_ctg8014_Candidatus_Viadribacter_manganicus_length=3616199_coverage=165.86_circular=yes	2704974	2705243	-	HNGIBB_02813	9.6	9.8		
SRR35809336_ctg8014_Candidatus_Viadribacter_manganicus_length=3616199_coverage=165.86_circular=yes	2706281	2706691	-	HNGIBB_02815	15.4	9.3	PF01878.24|EVE	PFAM:PF01878.24
SRR35809336_ctg8014_Candidatus_Viadribacter_manganicus_length=3616199_coverage=165.86_circular=yes	2706691	2707278	-	HNGIBB_02816	20.5	5.4	PF04264.18|YceI	PFAM:PF04264.18
SRR35809336_ctg8014_Candidatus_Viadribacter_manganicus_length=3616199_coverage=165.86_circular=yes	2708447	2708851	-	HNGIBB_02818	13.8	10.0		
SRR35809336_ctg8014_Candidatus_Viadribacter_manganicus_length=3616199_coverage=165.86_circular=yes	2711445	2712569	+	HNGIBB_02821	40.2	6.9	PF02786.22|CPSase_L_D2	PFAM:PF02786.22
SRR35809336_ctg8014_Candidatus_Viadribacter_manganicus_length=3616199_coverage=165.86_circular=yes	2713005	2713436	+	HNGIBB_02823	15.6	10.8	PF01047.28|MarR	PFAM:PF01047.28
SRR35809336_ctg8014_Candidatus_Viadribacter_manganicus_length=3616199_coverage=165.86_circular=yes	2717762	2718418	+	HNGIBB_02830	23.5	5.6	PF00990.26|GGDEF	PFAM:PF00990.26
SRR35809336_ctg8014_Candidatus_Viadribacter_manganicus_length=3616199_coverage=165.86_circular=yes	2720904	2722151	+	HNGIBB_02834	46.7	6.8		
SRR35809336_ctg8014_Candidatus_Viadribacter_manganicus_length=3616199_coverage=165.86_circular=yes	2722958	2723410	+	HNGIBB_02836	17.0	9.3	PF01625.27|PMSR	PFAM:PF01625.27
SRR35809336_ctg8014_Candidatus_Viadribacter_manganicus_length=3616199_coverage=165.86_circular=yes	2724357	2725583	+	HNGIBB_02838	42.5	4.8	PF13400.11|Tad	PFAM:PF13400.11
SRR35809336_ctg8014_Candidatus_Viadribacter_manganicus_length=3616199_coverage=165.86_circular=yes	2725580	2726008	+	HNGIBB_02839	15.1	5.7		
SRR35809336_ctg8014_Candidatus_Viadribacter_manganicus_length=3616199_coverage=165.86_circular=yes	2725989	2726396	+	HNGIBB_02840	14.5	4.4		
SRR35809336_ctg8014_Candidatus_Viadribacter_manganicus_length=3616199_coverage=165.86_circular=yes	2726509	2727111	+	HNGIBB_02841	22.2	9.2		SO:0001217, UniRef:UniRef50_D5VP41
SRR35809336_ctg8014_Candidatus_Viadribacter_manganicus_length=3616199_coverage=165.86_circular=yes	2727160	2727342	+	HNGIBB_02842	6.2	6.2		
SRR35809336_ctg8014_Candidatus_Viadribacter_manganicus_length=3616199_coverage=165.86_circular=yes	2727339	2727791	-	HNGIBB_02843	15.6	4.1	PF00353.25|HemolysinCabind, PF08548.17|Peptidase_M10_C	PFAM:PF00353.25, PFAM:PF08548.17
SRR35809336_ctg8014_Candidatus_Viadribacter_manganicus_length=3616199_coverage=165.86_circular=yes	2728902	2729102	+	HNGIBB_02845	7.3	5.0		
SRR35809336_ctg8014_Candidatus_Viadribacter_manganicus_length=3616199_coverage=165.86_circular=yes	2729737	2730186	+	HNGIBB_02847	15.7	4.5		
SRR35809336_ctg8014_Candidatus_Viadribacter_manganicus_length=3616199_coverage=165.86_circular=yes	2730572	2730751	+	HNGIBB_02849	6.4	9.8		
SRR35809336_ctg8014_Candidatus_Viadribacter_manganicus_length=3616199_coverage=165.86_circular=yes	2732511	2733014	+	HNGIBB_02852	17.3	5.1		
SRR35809336_ctg8014_Candidatus_Viadribacter_manganicus_length=3616199_coverage=165.86_circular=yes	2733004	2733465	-	HNGIBB_02853	17.0	5.8	PF13474.12|SnoaL_3, PF14534.12|DUF4440	PFAM:PF13474.12, PFAM:PF14534.12
SRR35809336_ctg8014_Candidatus_Viadribacter_manganicus_length=3616199_coverage=165.86_circular=yes	2736473	2736919	-	HNGIBB_02856	15.9	6.8		
SRR35809336_ctg8014_Candidatus_Viadribacter_manganicus_length=3616199_coverage=165.86_circular=yes	2737053	2737826	+	HNGIBB_02857	27.1	6.0		
SRR35809336_ctg8014_Candidatus_Viadribacter_manganicus_length=3616199_coverage=165.86_circular=yes	2737823	2738269	-	HNGIBB_02858	16.0	8.8		
SRR35809336_ctg8014_Candidatus_Viadribacter_manganicus_length=3616199_coverage=165.86_circular=yes	2740059	2740643	-	HNGIBB_02862	21.3	4.6	PF00515.34|TPR_1, PF07719.23|TPR_2, PF13181.12|TPR_8, PF13424.12|TPR_12, PF13428.12|TPR_14, PF13431.12|TPR_17, PF13432.12|TPR_16, PF14559.12|TPR_19	PFAM:PF00515.34, PFAM:PF07719.23, PFAM:PF13181.12, PFAM:PF13424.12, PFAM:PF13428.12, PFAM:PF13431.12, PFAM:PF13432.12, PFAM:PF14559.12, SO:0001217, UniRef:UniRef50_A0A1B1AKQ1
SRR35809336_ctg8014_Candidatus_Viadribacter_manganicus_length=3616199_coverage=165.86_circular=yes	2745897	2746676	+	HNGIBB_02868	28.6	11.7		
SRR35809336_ctg8014_Candidatus_Viadribacter_manganicus_length=3616199_coverage=165.86_circular=yes	2747804	2748019	+	HNGIBB_02870	6.7	4.1		
SRR35809336_ctg8014_Candidatus_Viadribacter_manganicus_length=3616199_coverage=165.86_circular=yes	2753043	2753327	-	HNGIBB_02875	10.3	6.6		
SRR35809336_ctg8014_Candidatus_Viadribacter_manganicus_length=3616199_coverage=165.86_circular=yes	2760800	2761588	-	HNGIBB_02884	28.2	5.3	PF14243.11|R2K_3, PF18299.6|R2K_2	PFAM:PF14243.11, PFAM:PF18299.6
SRR35809336_ctg8014_Candidatus_Viadribacter_manganicus_length=3616199_coverage=165.86_circular=yes	2762448	2762786	+	HNGIBB_02886	13.1	10.7		
SRR35809336_ctg8014_Candidatus_Viadribacter_manganicus_length=3616199_coverage=165.86_circular=yes	2770561	2771604	-	HNGIBB_02895	38.0	4.7		
SRR35809336_ctg8014_Candidatus_Viadribacter_manganicus_length=3616199_coverage=165.86_circular=yes	2772732	2772986	+	HNGIBB_02897	9.1	4.9		
SRR35809336_ctg8014_Candidatus_Viadribacter_manganicus_length=3616199_coverage=165.86_circular=yes	2775530	2776450	-	HNGIBB_02901	33.0	5.1	PF05175.20|MTS	PFAM:PF05175.20
SRR35809336_ctg8014_Candidatus_Viadribacter_manganicus_length=3616199_coverage=165.86_circular=yes	2778541	2778753	+	HNGIBB_02905	7.9	8.2		SO:0001217, UniRef:UniRef50_A0A1B1AKP2
SRR35809336_ctg8014_Candidatus_Viadribacter_manganicus_length=3616199_coverage=165.86_circular=yes	2778812	2780080	+	HNGIBB_02906	46.0	6.8		
SRR35809336_ctg8014_Candidatus_Viadribacter_manganicus_length=3616199_coverage=165.86_circular=yes	2784514	2785266	-	HNGIBB_02911	27.6	6.2	PF04055.27|Radical_SAM, PF13353.11|Fer4_12	PFAM:PF04055.27, PFAM:PF13353.11
SRR35809336_ctg8014_Candidatus_Viadribacter_manganicus_length=3616199_coverage=165.86_circular=yes	2790688	2790984	-	HNGIBB_02917	10.8	7.8		
SRR35809336_ctg8014_Candidatus_Viadribacter_manganicus_length=3616199_coverage=165.86_circular=yes	2795079	2795480	-	HNGIBB_02923	14.4	9.3		
SRR35809336_ctg8014_Candidatus_Viadribacter_manganicus_length=3616199_coverage=165.86_circular=yes	2796510	2796938	-	HNGIBB_02925	15.8	5.5	PF07366.18|SnoaL, PF12680.13|SnoaL_2	PFAM:PF07366.18, PFAM:PF12680.13
SRR35809336_ctg8014_Candidatus_Viadribacter_manganicus_length=3616199_coverage=165.86_circular=yes	2796935	2797624	-	HNGIBB_02926	25.8	6.2		
SRR35809336_ctg8014_Candidatus_Viadribacter_manganicus_length=3616199_coverage=165.86_circular=yes	2797621	2798292	-	HNGIBB_02927	24.6	9.0		
SRR35809336_ctg8014_Candidatus_Viadribacter_manganicus_length=3616199_coverage=165.86_circular=yes	2818814	2820910	+	HNGIBB_02942	75.9	5.2	PF00072.30|Response_reg, PF00512.31|HisKA, PF02518.31|HATPase_c, PF08448.16|PAS_4	PFAM:PF00072.30, PFAM:PF00512.31, PFAM:PF02518.31, PFAM:PF08448.16
SRR35809336_ctg8014_Candidatus_Viadribacter_manganicus_length=3616199_coverage=165.86_circular=yes	2820911	2821465	-	HNGIBB_02943	20.5	9.1	PF00440.29|TetR_N	PFAM:PF00440.29
SRR35809336_ctg8014_Candidatus_Viadribacter_manganicus_length=3616199_coverage=165.86_circular=yes	2821697	2821945	+	HNGIBB_02944	8.7	5.2	PF03795.20|YCII	PFAM:PF03795.20
SRR35809336_ctg8014_Candidatus_Viadribacter_manganicus_length=3616199_coverage=165.86_circular=yes	2821998	2822606	+	HNGIBB_02945	21.6	10.5		
SRR35809336_ctg8014_Candidatus_Viadribacter_manganicus_length=3616199_coverage=165.86_circular=yes	2822616	2823455	+	HNGIBB_02946	29.7	5.0	PF05175.20|MTS, PF08241.18|Methyltransf_11, PF08242.18|Methyltransf_12, PF13489.12|Methyltransf_23, PF13649.12|Methyltransf_25, PF13847.12|Methyltransf_31	PFAM:PF05175.20, PFAM:PF08241.18, PFAM:PF08242.18, PFAM:PF13489.12, PFAM:PF13649.12, PFAM:PF13847.12
SRR35809336_ctg8014_Candidatus_Viadribacter_manganicus_length=3616199_coverage=165.86_circular=yes	2825144	2825785	+	HNGIBB_02948	24.8	12.0		
SRR35809336_ctg8014_Candidatus_Viadribacter_manganicus_length=3616199_coverage=165.86_circular=yes	2825842	2826576	+	HNGIBB_02949	28.6	10.5		
SRR35809336_ctg8014_Candidatus_Viadribacter_manganicus_length=3616199_coverage=165.86_circular=yes	2827412	2827900	-	HNGIBB_02951	17.9	5.6		
SRR35809336_ctg8014_Candidatus_Viadribacter_manganicus_length=3616199_coverage=165.86_circular=yes	2829145	2831172	-	HNGIBB_02953	72.7	5.5	PF00211.25|Guanylate_cyc	PFAM:PF00211.25
SRR35809336_ctg8014_Candidatus_Viadribacter_manganicus_length=3616199_coverage=165.86_circular=yes	2831233	2831613	-	HNGIBB_02954	13.5	6.8	PF05901.16|Excalibur	PFAM:PF05901.16
SRR35809336_ctg8014_Candidatus_Viadribacter_manganicus_length=3616199_coverage=165.86_circular=yes	2833278	2833835	-	HNGIBB_02957	20.2	7.9	PF13420.13|Acetyltransf_4	PFAM:PF13420.13
SRR35809336_ctg8014_Candidatus_Viadribacter_manganicus_length=3616199_coverage=165.86_circular=yes	2835444	2835707	-	HNGIBB_02960	9.4	6.6		
SRR35809336_ctg8014_Candidatus_Viadribacter_manganicus_length=3616199_coverage=165.86_circular=yes	2835996	2836172	+	HNGIBB_02961	6.6	11.2		
SRR35809336_ctg8014_Candidatus_Viadribacter_manganicus_length=3616199_coverage=165.86_circular=yes	2838589	2838858	+	HNGIBB_02965	9.1	11.3		
SRR35809336_ctg8014_Candidatus_Viadribacter_manganicus_length=3616199_coverage=165.86_circular=yes	2839647	2840048	+	HNGIBB_02967	14.4	6.5	PF04828.22|GFA	PFAM:PF04828.22
SRR35809336_ctg8014_Candidatus_Viadribacter_manganicus_length=3616199_coverage=165.86_circular=yes	2840125	2840640	+	HNGIBB_02968	18.6	6.0	PF16694.10|Cytochrome_P460	PFAM:PF16694.10
SRR35809336_ctg8014_Candidatus_Viadribacter_manganicus_length=3616199_coverage=165.86_circular=yes	2842144	2842494	+	HNGIBB_02971	13.3	5.5		
SRR35809336_ctg8014_Candidatus_Viadribacter_manganicus_length=3616199_coverage=165.86_circular=yes	2842491	2843231	-	HNGIBB_02972	26.1	5.1		
SRR35809336_ctg8014_Candidatus_Viadribacter_manganicus_length=3616199_coverage=165.86_circular=yes	2844596	2846236	+	HNGIBB_02975	58.0	8.9	PF00905.27|Transpeptidase, PF03717.20|PBP_dimer	PFAM:PF00905.27, PFAM:PF03717.20
SRR35809336_ctg8014_Candidatus_Viadribacter_manganicus_length=3616199_coverage=165.86_circular=yes	2854048	2854191	+	HNGIBB_02982	5.8	6.5		
SRR35809336_ctg8014_Candidatus_Viadribacter_manganicus_length=3616199_coverage=165.86_circular=yes	2854191	2854580	+	HNGIBB_02983	14.9	9.5		
SRR35809336_ctg8014_Candidatus_Viadribacter_manganicus_length=3616199_coverage=165.86_circular=yes	2855128	2855457	+	HNGIBB_02985	12.0	11.4		
SRR35809336_ctg8014_Candidatus_Viadribacter_manganicus_length=3616199_coverage=165.86_circular=yes	2855469	2855675	+	HNGIBB_02986	7.4	9.0		
SRR35809336_ctg8014_Candidatus_Viadribacter_manganicus_length=3616199_coverage=165.86_circular=yes	2857153	2858028	+	HNGIBB_02988	29.9	9.6		
SRR35809336_ctg8014_Candidatus_Viadribacter_manganicus_length=3616199_coverage=165.86_circular=yes	2858033	2858512	+	HNGIBB_02989	16.7	5.1		
SRR35809336_ctg8014_Candidatus_Viadribacter_manganicus_length=3616199_coverage=165.86_circular=yes	2859620	2859988	-	HNGIBB_02991	13.1	6.8		
SRR35809336_ctg8014_Candidatus_Viadribacter_manganicus_length=3616199_coverage=165.86_circular=yes	2864059	2864565	-	HNGIBB_02996	18.1	4.3		
SRR35809336_ctg8014_Candidatus_Viadribacter_manganicus_length=3616199_coverage=165.86_circular=yes	2864705	2864884	-	HNGIBB_02997	5.9	6.5		
SRR35809336_ctg8014_Candidatus_Viadribacter_manganicus_length=3616199_coverage=165.86_circular=yes	2864961	2865203	+	HNGIBB_02998	8.4	12.0		
SRR35809336_ctg8014_Candidatus_Viadribacter_manganicus_length=3616199_coverage=165.86_circular=yes	2868925	2869260	+	HNGIBB_03002	11.3	4.3		
SRR35809336_ctg8014_Candidatus_Viadribacter_manganicus_length=3616199_coverage=165.86_circular=yes	2878909	2879310	+	HNGIBB_03010	14.4	4.9		
SRR35809336_ctg8014_Candidatus_Viadribacter_manganicus_length=3616199_coverage=165.86_circular=yes	2881236	2881682	+	HNGIBB_03012	15.8	4.7		
SRR35809336_ctg8014_Candidatus_Viadribacter_manganicus_length=3616199_coverage=165.86_circular=yes	2885330	2885803	+	HNGIBB_03016	17.8	5.0		
SRR35809336_ctg8014_Candidatus_Viadribacter_manganicus_length=3616199_coverage=165.86_circular=yes	2886992	2887180	+	HNGIBB_03019	6.6	4.6		
SRR35809336_ctg8014_Candidatus_Viadribacter_manganicus_length=3616199_coverage=165.86_circular=yes	2889280	2889516	-	HNGIBB_03022	8.7	10.7	PF13467.12|RHH_4	PFAM:PF13467.12
SRR35809336_ctg8014_Candidatus_Viadribacter_manganicus_length=3616199_coverage=165.86_circular=yes	2891709	2892668	+	HNGIBB_03025	35.1	5.4	PF04493.20|Endonuclease_5	PFAM:PF04493.20
SRR35809336_ctg8014_Candidatus_Viadribacter_manganicus_length=3616199_coverage=165.86_circular=yes	2892681	2893406	+	HNGIBB_03026	26.9	6.0		
SRR35809336_ctg8014_Candidatus_Viadribacter_manganicus_length=3616199_coverage=165.86_circular=yes	2896271	2896648	+	HNGIBB_03031	13.0	6.3		
SRR35809336_ctg8014_Candidatus_Viadribacter_manganicus_length=3616199_coverage=165.86_circular=yes	2897492	2897878	-	HNGIBB_03033	14.1	6.3		
SRR35809336_ctg8014_Candidatus_Viadribacter_manganicus_length=3616199_coverage=165.86_circular=yes	2901368	2901901	+	HNGIBB_03038	18.7	6.6		
SRR35809336_ctg8014_Candidatus_Viadribacter_manganicus_length=3616199_coverage=165.86_circular=yes	2903621	2904613	-	HNGIBB_03041	35.9	5.4	PF00326.27|Peptidase_S9, PF01738.24|DLH, PF07859.19|Abhydrolase_3, PF20434.5|BD-FAE	PFAM:PF00326.27, PFAM:PF01738.24, PFAM:PF07859.19, PFAM:PF20434.5
SRR35809336_ctg8014_Candidatus_Viadribacter_manganicus_length=3616199_coverage=165.86_circular=yes	2904850	2905590	+	HNGIBB_03042	27.9	7.9	PF00027.35|cNMP_binding, PF00325.26|Crp, PF13412.12|HTH_24, PF13545.12|HTH_Crp_2	PFAM:PF00027.35, PFAM:PF00325.26, PFAM:PF13412.12, PFAM:PF13545.12
SRR35809336_ctg8014_Candidatus_Viadribacter_manganicus_length=3616199_coverage=165.86_circular=yes	2905580	2905819	+	HNGIBB_03043	8.5	4.4		
SRR35809336_ctg8014_Candidatus_Viadribacter_manganicus_length=3616199_coverage=165.86_circular=yes	2905819	2905965	+	HNGIBB_03044	5.3	11.7		
SRR35809336_ctg8014_Candidatus_Viadribacter_manganicus_length=3616199_coverage=165.86_circular=yes	2906672	2906905	+	HNGIBB_03046	8.0	10.0		
SRR35809336_ctg8014_Candidatus_Viadribacter_manganicus_length=3616199_coverage=165.86_circular=yes	2908172	2908900	+	HNGIBB_03049	26.1	6.1	PF01292.26|Ni_hydr_CYTB	PFAM:PF01292.26
SRR35809336_ctg8014_Candidatus_Viadribacter_manganicus_length=3616199_coverage=165.86_circular=yes	2913844	2914587	+	HNGIBB_03054	27.1	5.1		
SRR35809336_ctg8014_Candidatus_Viadribacter_manganicus_length=3616199_coverage=165.86_circular=yes	2915713	2917530	-	HNGIBB_03056	65.8	6.1	PF01435.24|Peptidase_M48	PFAM:PF01435.24
SRR35809336_ctg8014_Candidatus_Viadribacter_manganicus_length=3616199_coverage=165.86_circular=yes	2924850	2925131	+	HNGIBB_03063	10.7	9.6		
SRR35809336_ctg8014_Candidatus_Viadribacter_manganicus_length=3616199_coverage=165.86_circular=yes	2925773	2926570	-	HNGIBB_03065	27.7	4.3		
SRR35809336_ctg8014_Candidatus_Viadribacter_manganicus_length=3616199_coverage=165.86_circular=yes	2929306	2930247	-	HNGIBB_03069	33.1	5.0	PF00515.34|TPR_1, PF07719.23|TPR_2, PF13174.12|TPR_6, PF13176.12|TPR_7, PF13181.12|TPR_8, PF13414.12|TPR_11, PF13424.12|TPR_12, PF13428.12|TPR_14, PF13431.12|TPR_17, PF13432.12|TPR_16, PF14559.12|TPR_19	PFAM:PF00515.34, PFAM:PF07719.23, PFAM:PF13174.12, PFAM:PF13176.12, PFAM:PF13181.12, PFAM:PF13414.12, PFAM:PF13424.12, PFAM:PF13428.12, PFAM:PF13431.12, PFAM:PF13432.12, PFAM:PF14559.12
SRR35809336_ctg8014_Candidatus_Viadribacter_manganicus_length=3616199_coverage=165.86_circular=yes	2934975	2935340	+	HNGIBB_03075	14.0	10.4		
SRR35809336_ctg8014_Candidatus_Viadribacter_manganicus_length=3616199_coverage=165.86_circular=yes	2935455	2935904	+	HNGIBB_03076	16.9	4.8	PF00989.32|PAS, PF08448.16|PAS_4, PF13426.13|PAS_9	PFAM:PF00989.32, PFAM:PF08448.16, PFAM:PF13426.13
SRR35809336_ctg8014_Candidatus_Viadribacter_manganicus_length=3616199_coverage=165.86_circular=yes	2937095	2937493	+	HNGIBB_03078	14.8	5.1	PF00989.32|PAS, PF08448.16|PAS_4	PFAM:PF00989.32, PFAM:PF08448.16
SRR35809336_ctg8014_Candidatus_Viadribacter_manganicus_length=3616199_coverage=165.86_circular=yes	2937538	2938545	+	HNGIBB_03079	36.9	9.4	PF00144.29|Beta-lactamase	PFAM:PF00144.29
SRR35809336_ctg8014_Candidatus_Viadribacter_manganicus_length=3616199_coverage=165.86_circular=yes	2938670	2940289	+	HNGIBB_03080	57.9	5.6	PF00512.31|HisKA, PF02518.31|HATPase_c, PF05228.19|CHASE4	PFAM:PF00512.31, PFAM:PF02518.31, PFAM:PF05228.19
SRR35809336_ctg8014_Candidatus_Viadribacter_manganicus_length=3616199_coverage=165.86_circular=yes	2941326	2941760	+	HNGIBB_03082	16.8	10.5		
SRR35809336_ctg8014_Candidatus_Viadribacter_manganicus_length=3616199_coverage=165.86_circular=yes	2941802	2942575	+	HNGIBB_03083	27.5	7.9	PF09335.16|VTT_dom	PFAM:PF09335.16
SRR35809336_ctg8014_Candidatus_Viadribacter_manganicus_length=3616199_coverage=165.86_circular=yes	2956224	2957072	+	HNGIBB_03095	30.3	4.5	PF02470.25|MlaD	PFAM:PF02470.25
SRR35809336_ctg8014_Candidatus_Viadribacter_manganicus_length=3616199_coverage=165.86_circular=yes	2960460	2961254	+	HNGIBB_03098	29.0	9.2	PF09992.14|NAGPA	PFAM:PF09992.14
SRR35809336_ctg8014_Candidatus_Viadribacter_manganicus_length=3616199_coverage=165.86_circular=yes	2961330	2961674	+	HNGIBB_03099	11.9	11.3	PF07012.17|Curlin_rpt	PFAM:PF07012.17
SRR35809336_ctg8014_Candidatus_Viadribacter_manganicus_length=3616199_coverage=165.86_circular=yes	2963470	2963604	-	HNGIBB_03101	4.8	4.5		
SRR35809336_ctg8014_Candidatus_Viadribacter_manganicus_length=3616199_coverage=165.86_circular=yes	2963821	2964117	+	HNGIBB_03102	10.3	7.1		
SRR35809336_ctg8014_Candidatus_Viadribacter_manganicus_length=3616199_coverage=165.86_circular=yes	2969381	2970127	-	HNGIBB_03106	27.7	6.2		
SRR35809336_ctg8014_Candidatus_Viadribacter_manganicus_length=3616199_coverage=165.86_circular=yes	2970436	2971920	+	HNGIBB_03107	54.5	5.7	PF00990.26|GGDEF, PF05228.19|CHASE4	PFAM:PF00990.26, PFAM:PF05228.19
SRR35809336_ctg8014_Candidatus_Viadribacter_manganicus_length=3616199_coverage=165.86_circular=yes	2971886	2972737	+	HNGIBB_03108	31.6	5.2	PF00563.25|EAL	PFAM:PF00563.25
SRR35809336_ctg8014_Candidatus_Viadribacter_manganicus_length=3616199_coverage=165.86_circular=yes	2973015	2976236	+	HNGIBB_03109	108.9	4.1	PF03797.25|Autotransporter	PFAM:PF03797.25
SRR35809336_ctg8014_Candidatus_Viadribacter_manganicus_length=3616199_coverage=165.86_circular=yes	2978426	2984740	-	HNGIBB_03111	210.4	4.1	PF20080.4|ALTTAQ_rpt, PF23952.1|LRR_EndoS	PFAM:PF20080.4, PFAM:PF23952.1
SRR35809336_ctg8014_Candidatus_Viadribacter_manganicus_length=3616199_coverage=165.86_circular=yes	2984986	2987268	+	HNGIBB_03112	83.2	5.1	PF00072.30|Response_reg, PF00512.31|HisKA, PF00989.32|PAS, PF02518.31|HATPase_c, PF08447.18|PAS_3, PF08448.16|PAS_4, PF13188.13|PAS_8, PF13426.13|PAS_9	PFAM:PF00072.30, PFAM:PF00512.31, PFAM:PF00989.32, PFAM:PF02518.31, PFAM:PF08447.18, PFAM:PF08448.16, PFAM:PF13188.13, PFAM:PF13426.13
SRR35809336_ctg8014_Candidatus_Viadribacter_manganicus_length=3616199_coverage=165.86_circular=yes	2987605	2988909	+	HNGIBB_03113	47.3	10.6	PF13356.12|Arm-DNA-bind_3	PFAM:PF13356.12
SRR35809336_ctg8014_Candidatus_Viadribacter_manganicus_length=3616199_coverage=165.86_circular=yes	2989007	2989909	+	HNGIBB_03114	33.4	6.0		
SRR35809336_ctg8014_Candidatus_Viadribacter_manganicus_length=3616199_coverage=165.86_circular=yes	2990043	2990267	+	HNGIBB_03115	8.4	10.0		
SRR35809336_ctg8014_Candidatus_Viadribacter_manganicus_length=3616199_coverage=165.86_circular=yes	2990270	2990605	+	HNGIBB_03116	12.2	9.7		
SRR35809336_ctg8014_Candidatus_Viadribacter_manganicus_length=3616199_coverage=165.86_circular=yes	2991792	2992115	+	HNGIBB_03118	11.7	7.8		
SRR35809336_ctg8014_Candidatus_Viadribacter_manganicus_length=3616199_coverage=165.86_circular=yes	2992112	2992789	+	HNGIBB_03119	23.6	6.9		
SRR35809336_ctg8014_Candidatus_Viadribacter_manganicus_length=3616199_coverage=165.86_circular=yes	2993764	2994402	+	HNGIBB_03121	23.1	5.4		
SRR35809336_ctg8014_Candidatus_Viadribacter_manganicus_length=3616199_coverage=165.86_circular=yes	2994640	2995197	-	HNGIBB_03122	19.5	6.2	PF00132.30|Hexapep	PFAM:PF00132.30
SRR35809336_ctg8014_Candidatus_Viadribacter_manganicus_length=3616199_coverage=165.86_circular=yes	2995194	2995859	-	HNGIBB_03123	25.3	5.8	PF00685.33|Sulfotransfer_1, PF13469.12|Sulfotransfer_3	PFAM:PF00685.33, PFAM:PF13469.12
SRR35809336_ctg8014_Candidatus_Viadribacter_manganicus_length=3616199_coverage=165.86_circular=yes	2995852	2997387	-	HNGIBB_03124	56.2	5.4	PF13524.12|Glyco_trans_1_2, PF13692.12|Glyco_trans_1_4	PFAM:PF13524.12, PFAM:PF13692.12
SRR35809336_ctg8014_Candidatus_Viadribacter_manganicus_length=3616199_coverage=165.86_circular=yes	2997459	2998256	+	HNGIBB_03125	28.8	5.0	PF13578.12|Methyltransf_24	PFAM:PF13578.12
SRR35809336_ctg8014_Candidatus_Viadribacter_manganicus_length=3616199_coverage=165.86_circular=yes	2998343	2998864	+	HNGIBB_03126	19.7	7.8		SO:0001217, UniRef:UniRef50_A0A6I6MFQ4
SRR35809336_ctg8014_Candidatus_Viadribacter_manganicus_length=3616199_coverage=165.86_circular=yes	2999122	2999355	+	HNGIBB_03127	7.6	4.1		
SRR35809336_ctg8014_Candidatus_Viadribacter_manganicus_length=3616199_coverage=165.86_circular=yes	3000748	3001596	+	HNGIBB_03129	29.6	5.2		
SRR35809336_ctg8014_Candidatus_Viadribacter_manganicus_length=3616199_coverage=165.86_circular=yes	3001568	3001969	+	HNGIBB_03130	14.5	6.3		
SRR35809336_ctg8014_Candidatus_Viadribacter_manganicus_length=3616199_coverage=165.86_circular=yes	3002532	3003158	+	HNGIBB_03132	22.5	5.4	PF00293.34|NUDIX	PFAM:PF00293.34
SRR35809336_ctg8014_Candidatus_Viadribacter_manganicus_length=3616199_coverage=165.86_circular=yes	3003189	3003383	-	HNGIBB_03133	6.7	10.8		
SRR35809336_ctg8014_Candidatus_Viadribacter_manganicus_length=3616199_coverage=165.86_circular=yes	3003529	3005541	+	HNGIBB_03134	72.2	8.4	PF05231.19|MASE1, PF07536.20|HWE_HK, PF08448.16|PAS_4, PF13596.12|PAS_10	PFAM:PF05231.19, PFAM:PF07536.20, PFAM:PF08448.16, PFAM:PF13596.12
SRR35809336_ctg8014_Candidatus_Viadribacter_manganicus_length=3616199_coverage=165.86_circular=yes	3005746	3006216	+	HNGIBB_03135	17.1	10.1	PF00515.34|TPR_1, PF07719.23|TPR_2, PF13414.12|TPR_11	PFAM:PF00515.34, PFAM:PF07719.23, PFAM:PF13414.12
SRR35809336_ctg8014_Candidatus_Viadribacter_manganicus_length=3616199_coverage=165.86_circular=yes	3006374	3007936	+	HNGIBB_03136	58.5	5.9		
SRR35809336_ctg8014_Candidatus_Viadribacter_manganicus_length=3616199_coverage=165.86_circular=yes	3007933	3008028	+	HNGIBB_03137	3.7	5.0		
SRR35809336_ctg8014_Candidatus_Viadribacter_manganicus_length=3616199_coverage=165.86_circular=yes	3008304	3008564	-	HNGIBB_03138	9.9	11.3		SO:0001217, UniRef:UniRef50_A0A0Q7E1S0
SRR35809336_ctg8014_Candidatus_Viadribacter_manganicus_length=3616199_coverage=165.86_circular=yes	3008825	3009199	-	HNGIBB_03140	13.7	7.9		
SRR35809336_ctg8014_Candidatus_Viadribacter_manganicus_length=3616199_coverage=165.86_circular=yes	3017542	3019665	+	HNGIBB_03143	77.3	5.9	PF00117.34|GATase, PF02786.22|CPSase_L_D2, PF07722.19|Peptidase_C26, PF15632.11|ATPgrasp_Ter	PFAM:PF00117.34, PFAM:PF02786.22, PFAM:PF07722.19, PFAM:PF15632.11
SRR35809336_ctg8014_Candidatus_Viadribacter_manganicus_length=3616199_coverage=165.86_circular=yes	3019694	3020077	+	HNGIBB_03144	14.0	4.6	PF00072.30|Response_reg	PFAM:PF00072.30
SRR35809336_ctg8014_Candidatus_Viadribacter_manganicus_length=3616199_coverage=165.86_circular=yes	3020226	3020792	+	HNGIBB_03145	19.8	4.8		
SRR35809336_ctg8014_Candidatus_Viadribacter_manganicus_length=3616199_coverage=165.86_circular=yes	3021075	3021527	+	HNGIBB_03146	15.6	6.6		
SRR35809336_ctg8014_Candidatus_Viadribacter_manganicus_length=3616199_coverage=165.86_circular=yes	3021805	3021999	-	HNGIBB_03147	7.0	10.0		
SRR35809336_ctg8014_Candidatus_Viadribacter_manganicus_length=3616199_coverage=165.86_circular=yes	3022155	3022418	+	HNGIBB_03148	9.5	9.0		
SRR35809336_ctg8014_Candidatus_Viadribacter_manganicus_length=3616199_coverage=165.86_circular=yes	3022451	3022645	+	HNGIBB_03149	6.9	4.4		
SRR35809336_ctg8014_Candidatus_Viadribacter_manganicus_length=3616199_coverage=165.86_circular=yes	3022698	3022841	+	HNGIBB_03150	5.0	6.7		
SRR35809336_ctg8014_Candidatus_Viadribacter_manganicus_length=3616199_coverage=165.86_circular=yes	3023999	3024307	+	HNGIBB_03153	10.5	4.7		
SRR35809336_ctg8014_Candidatus_Viadribacter_manganicus_length=3616199_coverage=165.86_circular=yes	3025117	3025902	-	HNGIBB_03156	27.2	4.7	PF00106.31|adh_short, PF13561.12|adh_short_C2	PFAM:PF00106.31, PFAM:PF13561.12
SRR35809336_ctg8014_Candidatus_Viadribacter_manganicus_length=3616199_coverage=165.86_circular=yes	3026439	3027200	-	HNGIBB_03158	27.7	5.1		
SRR35809336_ctg8014_Candidatus_Viadribacter_manganicus_length=3616199_coverage=165.86_circular=yes	3027494	3027799	+	HNGIBB_03159	9.8	6.5		
SRR35809336_ctg8014_Candidatus_Viadribacter_manganicus_length=3616199_coverage=165.86_circular=yes	3028875	3029402	+	HNGIBB_03161	20.0	5.1	PF08212.18|Lipocalin_2	PFAM:PF08212.18
SRR35809336_ctg8014_Candidatus_Viadribacter_manganicus_length=3616199_coverage=165.86_circular=yes	3030581	3031252	-	HNGIBB_03163	23.7	6.2		
SRR35809336_ctg8014_Candidatus_Viadribacter_manganicus_length=3616199_coverage=165.86_circular=yes	3031394	3032158	+	HNGIBB_03164	28.0	4.6		
SRR35809336_ctg8014_Candidatus_Viadribacter_manganicus_length=3616199_coverage=165.86_circular=yes	3032162	3032836	-	HNGIBB_03165	23.9	5.8		
SRR35809336_ctg8014_Candidatus_Viadribacter_manganicus_length=3616199_coverage=165.86_circular=yes	3032908	3034023	-	HNGIBB_03166	39.6	5.1		
SRR35809336_ctg8014_Candidatus_Viadribacter_manganicus_length=3616199_coverage=165.86_circular=yes	3034094	3034696	-	HNGIBB_03167	22.0	5.4		
SRR35809336_ctg8014_Candidatus_Viadribacter_manganicus_length=3616199_coverage=165.86_circular=yes	3035571	3036494	-	HNGIBB_03169	33.8	10.7		
SRR35809336_ctg8014_Candidatus_Viadribacter_manganicus_length=3616199_coverage=165.86_circular=yes	3041637	3042080	-	HNGIBB_03176	15.9	5.5		
SRR35809336_ctg8014_Candidatus_Viadribacter_manganicus_length=3616199_coverage=165.86_circular=yes	3042064	3042423	-	HNGIBB_03177	12.6	4.3		
SRR35809336_ctg8014_Candidatus_Viadribacter_manganicus_length=3616199_coverage=165.86_circular=yes	3043650	3044066	+	HNGIBB_03179	14.4	8.1		
SRR35809336_ctg8014_Candidatus_Viadribacter_manganicus_length=3616199_coverage=165.86_circular=yes	3044655	3044987	+	HNGIBB_03181	11.9	5.1		
SRR35809336_ctg8014_Candidatus_Viadribacter_manganicus_length=3616199_coverage=165.86_circular=yes	3047356	3048429	+	HNGIBB_03184	39.8	6.7	PF08241.18|Methyltransf_11, PF08242.18|Methyltransf_12, PF13489.12|Methyltransf_23, PF13649.12|Methyltransf_25, PF13847.12|Methyltransf_31	PFAM:PF08241.18, PFAM:PF08242.18, PFAM:PF13489.12, PFAM:PF13649.12, PFAM:PF13847.12
SRR35809336_ctg8014_Candidatus_Viadribacter_manganicus_length=3616199_coverage=165.86_circular=yes	3051489	3052136	+	HNGIBB_03189	22.5	5.3		
SRR35809336_ctg8014_Candidatus_Viadribacter_manganicus_length=3616199_coverage=165.86_circular=yes	3057550	3058215	+	HNGIBB_03194	24.3	9.4	PF00535.33|Glycos_transf_2	PFAM:PF00535.33
SRR35809336_ctg8014_Candidatus_Viadribacter_manganicus_length=3616199_coverage=165.86_circular=yes	3059815	3060669	-	HNGIBB_03196	30.5	9.1	PF03167.24|UDG	PFAM:PF03167.24
SRR35809336_ctg8014_Candidatus_Viadribacter_manganicus_length=3616199_coverage=165.86_circular=yes	3064427	3066079	+	HNGIBB_03199	59.5	5.6	PF00515.34|TPR_1, PF07719.23|TPR_2, PF13174.12|TPR_6, PF13176.12|TPR_7, PF13181.12|TPR_8, PF13371.12|TPR_9, PF13374.12|TPR_10, PF13414.12|TPR_11, PF13424.12|TPR_12, PF13428.12|TPR_14, PF13429.12|TPR_15, PF13431.12|TPR_17, PF13432.12|TPR_16, PF14559.12|TPR_19	PFAM:PF00515.34, PFAM:PF07719.23, PFAM:PF13174.12, PFAM:PF13176.12, PFAM:PF13181.12, PFAM:PF13371.12, PFAM:PF13374.12, PFAM:PF13414.12, PFAM:PF13424.12, PFAM:PF13428.12, PFAM:PF13429.12, PFAM:PF13431.12, PFAM:PF13432.12, PFAM:PF14559.12
SRR35809336_ctg8014_Candidatus_Viadribacter_manganicus_length=3616199_coverage=165.86_circular=yes	3066979	3068034	+	HNGIBB_03201	37.0	6.7		
SRR35809336_ctg8014_Candidatus_Viadribacter_manganicus_length=3616199_coverage=165.86_circular=yes	3069577	3070338	+	HNGIBB_03205	27.5	9.9	PF08818.16|DUF1801, PF18899.5|DUF5655	PFAM:PF08818.16, PFAM:PF18899.5
SRR35809336_ctg8014_Candidatus_Viadribacter_manganicus_length=3616199_coverage=165.86_circular=yes	3071072	3071437	+	HNGIBB_03207	12.9	5.6	PF00903.31|Glyoxalase	PFAM:PF00903.31
SRR35809336_ctg8014_Candidatus_Viadribacter_manganicus_length=3616199_coverage=165.86_circular=yes	3078156	3083423	+	HNGIBB_03214	177.0	4.1	PF00353.25|HemolysinCabind	PFAM:PF00353.25
SRR35809336_ctg8014_Candidatus_Viadribacter_manganicus_length=3616199_coverage=165.86_circular=yes	3085184	3085783	-	HNGIBB_03218	20.4	5.7	PF00430.23|ATP-synt_B	PFAM:PF00430.23
SRR35809336_ctg8014_Candidatus_Viadribacter_manganicus_length=3616199_coverage=165.86_circular=yes	3086828	3087163	-	HNGIBB_03221	11.7	5.2		
SRR35809336_ctg8014_Candidatus_Viadribacter_manganicus_length=3616199_coverage=165.86_circular=yes	3089695	3089805	-	HNGIBB_03223	3.8	10.5		
SRR35809336_ctg8014_Candidatus_Viadribacter_manganicus_length=3616199_coverage=165.86_circular=yes	3089869	3090090	-	HNGIBB_03224	7.9	4.6		
SRR35809336_ctg8014_Candidatus_Viadribacter_manganicus_length=3616199_coverage=165.86_circular=yes	3096044	3096220	+	HNGIBB_03230	6.3	8.5		
SRR35809336_ctg8014_Candidatus_Viadribacter_manganicus_length=3616199_coverage=165.86_circular=yes	3097785	3098078	+	HNGIBB_03233	10.4	5.5		
SRR35809336_ctg8014_Candidatus_Viadribacter_manganicus_length=3616199_coverage=165.86_circular=yes	3104486	3104920	-	HNGIBB_03240	15.3	4.5		
SRR35809336_ctg8014_Candidatus_Viadribacter_manganicus_length=3616199_coverage=165.86_circular=yes	3107554	3107793	+	HNGIBB_03243	9.0	5.6		
SRR35809336_ctg8014_Candidatus_Viadribacter_manganicus_length=3616199_coverage=165.86_circular=yes	3107897	3108694	+	HNGIBB_03244	28.1	6.2	PF01551.29|Peptidase_M23	PFAM:PF01551.29
SRR35809336_ctg8014_Candidatus_Viadribacter_manganicus_length=3616199_coverage=165.86_circular=yes	3108691	3109137	-	HNGIBB_03245	15.7	4.2	PF12680.13|SnoaL_2, PF14534.12|DUF4440	PFAM:PF12680.13, PFAM:PF14534.12
SRR35809336_ctg8014_Candidatus_Viadribacter_manganicus_length=3616199_coverage=165.86_circular=yes	3110666	3111187	-	HNGIBB_03248	19.0	6.1	PF00102.32|Y_phosphatase	PFAM:PF00102.32
SRR35809336_ctg8014_Candidatus_Viadribacter_manganicus_length=3616199_coverage=165.86_circular=yes	3115491	3115622	+	HNGIBB_03253	4.7	5.2		
SRR35809336_ctg8014_Candidatus_Viadribacter_manganicus_length=3616199_coverage=165.86_circular=yes	3120537	3121274	-	HNGIBB_03257	25.4	9.5		
SRR35809336_ctg8014_Candidatus_Viadribacter_manganicus_length=3616199_coverage=165.86_circular=yes	3121551	3123149	+	HNGIBB_03258	59.2	5.9	PF00486.34|Trans_reg_C, PF07719.23|TPR_2, PF13174.12|TPR_6, PF13181.12|TPR_8, PF13428.12|TPR_14	PFAM:PF00486.34, PFAM:PF07719.23, PFAM:PF13174.12, PFAM:PF13181.12, PFAM:PF13428.12
SRR35809336_ctg8014_Candidatus_Viadribacter_manganicus_length=3616199_coverage=165.86_circular=yes	3123171	3123857	-	HNGIBB_03259	25.8	10.0	PF13409.12|GST_N_2, PF13417.12|GST_N_3	PFAM:PF13409.12, PFAM:PF13417.12
SRR35809336_ctg8014_Candidatus_Viadribacter_manganicus_length=3616199_coverage=165.86_circular=yes	3124106	3124783	+	HNGIBB_03260	23.4	4.5	PF13505.12|OMP_b-brl	PFAM:PF13505.12
SRR35809336_ctg8014_Candidatus_Viadribacter_manganicus_length=3616199_coverage=165.86_circular=yes	3129121	3129534	-	HNGIBB_03265	15.1	5.1		
SRR35809336_ctg8014_Candidatus_Viadribacter_manganicus_length=3616199_coverage=165.86_circular=yes	3133771	3134319	-	HNGIBB_03272	19.8	5.4		
SRR35809336_ctg8014_Candidatus_Viadribacter_manganicus_length=3616199_coverage=165.86_circular=yes	3136255	3136929	-	HNGIBB_03275	23.2	5.0		
SRR35809336_ctg8014_Candidatus_Viadribacter_manganicus_length=3616199_coverage=165.86_circular=yes	3136994	3137254	-	HNGIBB_03276	9.4	7.9		
SRR35809336_ctg8014_Candidatus_Viadribacter_manganicus_length=3616199_coverage=165.86_circular=yes	3139243	3139743	-	HNGIBB_03279	17.9	4.1		
SRR35809336_ctg8014_Candidatus_Viadribacter_manganicus_length=3616199_coverage=165.86_circular=yes	3139814	3140266	-	HNGIBB_03280	15.9	4.6		
SRR35809336_ctg8014_Candidatus_Viadribacter_manganicus_length=3616199_coverage=165.86_circular=yes	3140372	3140575	+	HNGIBB_03281	7.4	5.2		
SRR35809336_ctg8014_Candidatus_Viadribacter_manganicus_length=3616199_coverage=165.86_circular=yes	3140642	3142045	+	HNGIBB_03282	50.9	7.8		
SRR35809336_ctg8014_Candidatus_Viadribacter_manganicus_length=3616199_coverage=165.86_circular=yes	3146191	3146421	+	HNGIBB_03287	8.5	5.2		
SRR35809336_ctg8014_Candidatus_Viadribacter_manganicus_length=3616199_coverage=165.86_circular=yes	3146485	3146613	+	HNGIBB_03288	4.4	11.7		
SRR35809336_ctg8014_Candidatus_Viadribacter_manganicus_length=3616199_coverage=165.86_circular=yes	3151054	3151614	-	HNGIBB_03294	20.0	7.8		
SRR35809336_ctg8014_Candidatus_Viadribacter_manganicus_length=3616199_coverage=165.86_circular=yes	3159387	3159809	+	HNGIBB_03300	15.4	5.2		
SRR35809336_ctg8014_Candidatus_Viadribacter_manganicus_length=3616199_coverage=165.86_circular=yes	3161233	3161781	-	HNGIBB_03302	22.2	10.0		
SRR35809336_ctg8014_Candidatus_Viadribacter_manganicus_length=3616199_coverage=165.86_circular=yes	3162868	3163383	+	HNGIBB_03304	18.4	5.7		SO:0001217, UniRef:UniRef50_A0A1B1ALI4
SRR35809336_ctg8014_Candidatus_Viadribacter_manganicus_length=3616199_coverage=165.86_circular=yes	3167775	3168575	+	HNGIBB_03308	29.9	6.5	PF01381.28|HTH_3, PF13560.12|HTH_31, PF17765.7|MLTR_LBD	PFAM:PF01381.28, PFAM:PF13560.12, PFAM:PF17765.7
SRR35809336_ctg8014_Candidatus_Viadribacter_manganicus_length=3616199_coverage=165.86_circular=yes	3168572	3168859	+	HNGIBB_03309	10.6	5.3		
SRR35809336_ctg8014_Candidatus_Viadribacter_manganicus_length=3616199_coverage=165.86_circular=yes	3168856	3169194	-	HNGIBB_03310	11.6	5.8		
SRR35809336_ctg8014_Candidatus_Viadribacter_manganicus_length=3616199_coverage=165.86_circular=yes	3169377	3170357	+	HNGIBB_03311	35.6	6.7		
SRR35809336_ctg8014_Candidatus_Viadribacter_manganicus_length=3616199_coverage=165.86_circular=yes	3170409	3171302	+	HNGIBB_03312	32.0	5.7	PF00326.27|Peptidase_S9, PF01738.24|DLH, PF05448.18|AXE1, PF07859.19|Abhydrolase_3, PF12697.13|Abhydrolase_6, PF20434.5|BD-FAE	PFAM:PF00326.27, PFAM:PF01738.24, PFAM:PF05448.18, PFAM:PF07859.19, PFAM:PF12697.13, PFAM:PF20434.5
SRR35809336_ctg8014_Candidatus_Viadribacter_manganicus_length=3616199_coverage=165.86_circular=yes	3171309	3172460	-	HNGIBB_03313	42.4	5.4		
SRR35809336_ctg8014_Candidatus_Viadribacter_manganicus_length=3616199_coverage=165.86_circular=yes	3175282	3176607	-	HNGIBB_03316	47.2	6.0	PF00512.31|HisKA, PF02518.31|HATPase_c	PFAM:PF00512.31, PFAM:PF02518.31
SRR35809336_ctg8014_Candidatus_Viadribacter_manganicus_length=3616199_coverage=165.86_circular=yes	3176743	3176895	-	HNGIBB_03317	5.8	10.8		
SRR35809336_ctg8014_Candidatus_Viadribacter_manganicus_length=3616199_coverage=165.86_circular=yes	3178033	3178554	+	HNGIBB_03320	17.8	4.1		
SRR35809336_ctg8014_Candidatus_Viadribacter_manganicus_length=3616199_coverage=165.86_circular=yes	3182016	3182393	+	HNGIBB_03325	14.7	4.8	PF20554.3|DUF6766	PFAM:PF20554.3, SO:0001217, UniRef:UniRef50_A0A0Q6TXM1
SRR35809336_ctg8014_Candidatus_Viadribacter_manganicus_length=3616199_coverage=165.86_circular=yes	3183047	3183442	-	HNGIBB_03327	14.7	9.8		
SRR35809336_ctg8014_Candidatus_Viadribacter_manganicus_length=3616199_coverage=165.86_circular=yes	3184157	3185569	-	HNGIBB_03329	51.5	4.9		
SRR35809336_ctg8014_Candidatus_Viadribacter_manganicus_length=3616199_coverage=165.86_circular=yes	3187932	3189299	+	HNGIBB_03332	48.4	5.4		
SRR35809336_ctg8014_Candidatus_Viadribacter_manganicus_length=3616199_coverage=165.86_circular=yes	3191174	3191524	+	HNGIBB_03334	12.5	11.1		
SRR35809336_ctg8014_Candidatus_Viadribacter_manganicus_length=3616199_coverage=165.86_circular=yes	3192031	3192294	+	HNGIBB_03335	9.6	4.2	PF07007.17|LprI	PFAM:PF07007.17
SRR35809336_ctg8014_Candidatus_Viadribacter_manganicus_length=3616199_coverage=165.86_circular=yes	3198436	3198816	+	HNGIBB_03343	14.0	10.0		SO:0001217, UniRef:UniRef50_A0A6I6MMU1
SRR35809336_ctg8014_Candidatus_Viadribacter_manganicus_length=3616199_coverage=165.86_circular=yes	3200108	3200530	+	HNGIBB_03345	14.8	5.5		SO:0001217, UniRef:UniRef50_A0A1B1ALK3
SRR35809336_ctg8014_Candidatus_Viadribacter_manganicus_length=3616199_coverage=165.86_circular=yes	3202779	3203951	-	HNGIBB_03349	43.0	6.4	PF22580.2|KYNU_C	PFAM:PF22580.2
SRR35809336_ctg8014_Candidatus_Viadribacter_manganicus_length=3616199_coverage=165.86_circular=yes	3204911	3205984	+	HNGIBB_03351	37.0	4.4		SO:0001217, UniRef:UniRef50_A0A6I6MP96
SRR35809336_ctg8014_Candidatus_Viadribacter_manganicus_length=3616199_coverage=165.86_circular=yes	3206128	3206808	+	HNGIBB_03352	24.1	5.8		
SRR35809336_ctg8014_Candidatus_Viadribacter_manganicus_length=3616199_coverage=165.86_circular=yes	3206750	3207109	+	HNGIBB_03353	13.1	5.2		
SRR35809336_ctg8014_Candidatus_Viadribacter_manganicus_length=3616199_coverage=165.86_circular=yes	3218502	3219140	+	HNGIBB_03363	23.1	5.5		
SRR35809336_ctg8014_Candidatus_Viadribacter_manganicus_length=3616199_coverage=165.86_circular=yes	3219155	3219364	+	HNGIBB_03364	7.6	8.4	PF20097.4|DUF6487	PFAM:PF20097.4
SRR35809336_ctg8014_Candidatus_Viadribacter_manganicus_length=3616199_coverage=165.86_circular=yes	3219910	3221256	+	HNGIBB_03366	49.1	6.7		
SRR35809336_ctg8014_Candidatus_Viadribacter_manganicus_length=3616199_coverage=165.86_circular=yes	3225491	3226153	-	HNGIBB_03374	24.1	5.9		
SRR35809336_ctg8014_Candidatus_Viadribacter_manganicus_length=3616199_coverage=165.86_circular=yes	3228062	3228304	-	HNGIBB_03378	8.7	8.5		
SRR35809336_ctg8014_Candidatus_Viadribacter_manganicus_length=3616199_coverage=165.86_circular=yes	3231463	3232197	-	HNGIBB_03383	25.7	4.1		
SRR35809336_ctg8014_Candidatus_Viadribacter_manganicus_length=3616199_coverage=165.86_circular=yes	3232902	3234344	-	HNGIBB_03385	52.0	9.7		
SRR35809336_ctg8014_Candidatus_Viadribacter_manganicus_length=3616199_coverage=165.86_circular=yes	3234390	3234488	+	HNGIBB_03386	4.0	8.8		
SRR35809336_ctg8014_Candidatus_Viadribacter_manganicus_length=3616199_coverage=165.86_circular=yes	3234481	3235539	+	HNGIBB_03387	39.4	10.8		
SRR35809336_ctg8014_Candidatus_Viadribacter_manganicus_length=3616199_coverage=165.86_circular=yes	3238845	3239834	-	HNGIBB_03392	35.2	5.1		
SRR35809336_ctg8014_Candidatus_Viadribacter_manganicus_length=3616199_coverage=165.86_circular=yes	3239834	3240193	-	HNGIBB_03393	12.3	4.1		
SRR35809336_ctg8014_Candidatus_Viadribacter_manganicus_length=3616199_coverage=165.86_circular=yes	3248622	3249419	+	HNGIBB_03403	29.5	6.2	PF05050.19|Methyltransf_21	PFAM:PF05050.19
SRR35809336_ctg8014_Candidatus_Viadribacter_manganicus_length=3616199_coverage=165.86_circular=yes	3249435	3250289	-	HNGIBB_03404	31.1	9.9		
SRR35809336_ctg8014_Candidatus_Viadribacter_manganicus_length=3616199_coverage=165.86_circular=yes	3250286	3251110	-	HNGIBB_03405	31.1	8.8		
SRR35809336_ctg8014_Candidatus_Viadribacter_manganicus_length=3616199_coverage=165.86_circular=yes	3251121	3252131	-	HNGIBB_03406	37.5	5.9	PF05175.20|MTS, PF08241.18|Methyltransf_11, PF08242.18|Methyltransf_12, PF13489.12|Methyltransf_23, PF13649.12|Methyltransf_25, PF13847.12|Methyltransf_31	PFAM:PF05175.20, PFAM:PF08241.18, PFAM:PF08242.18, PFAM:PF13489.12, PFAM:PF13649.12, PFAM:PF13847.12
SRR35809336_ctg8014_Candidatus_Viadribacter_manganicus_length=3616199_coverage=165.86_circular=yes	3261372	3261554	-	HNGIBB_03415	6.7	8.5		
SRR35809336_ctg8014_Candidatus_Viadribacter_manganicus_length=3616199_coverage=165.86_circular=yes	3261775	3262128	+	HNGIBB_03416	12.0	4.4		
SRR35809336_ctg8014_Candidatus_Viadribacter_manganicus_length=3616199_coverage=165.86_circular=yes	3262184	3262465	+	HNGIBB_03417	10.0	9.5		
SRR35809336_ctg8014_Candidatus_Viadribacter_manganicus_length=3616199_coverage=165.86_circular=yes	3264959	3265372	+	HNGIBB_03420	14.2	4.2		
SRR35809336_ctg8014_Candidatus_Viadribacter_manganicus_length=3616199_coverage=165.86_circular=yes	3269794	3270129	+	HNGIBB_03425	12.1	6.6	PF03992.22|ABM	PFAM:PF03992.22
SRR35809336_ctg8014_Candidatus_Viadribacter_manganicus_length=3616199_coverage=165.86_circular=yes	3270111	3272099	-	HNGIBB_03426	68.0	10.8		
SRR35809336_ctg8014_Candidatus_Viadribacter_manganicus_length=3616199_coverage=165.86_circular=yes	3272204	3273106	-	HNGIBB_03427	31.1	5.4	PF00106.31|adh_short, PF13561.12|adh_short_C2	PFAM:PF00106.31, PFAM:PF13561.12
SRR35809336_ctg8014_Candidatus_Viadribacter_manganicus_length=3616199_coverage=165.86_circular=yes	3277692	3278135	+	HNGIBB_03433	15.9	7.9		
SRR35809336_ctg8014_Candidatus_Viadribacter_manganicus_length=3616199_coverage=165.86_circular=yes	3278132	3278608	-	HNGIBB_03434	16.5	5.5	PF00999.27|Na_H_Exchanger	PFAM:PF00999.27
SRR35809336_ctg8014_Candidatus_Viadribacter_manganicus_length=3616199_coverage=165.86_circular=yes	3281306	3282319	-	HNGIBB_03438	35.1	6.2	PF00005.33|ABC_tran, PF13304.12|AAA_21	PFAM:PF00005.33, PFAM:PF13304.12
SRR35809336_ctg8014_Candidatus_Viadribacter_manganicus_length=3616199_coverage=165.86_circular=yes	3290674	3292038	+	HNGIBB_03449	47.8	6.4	PF00132.30|Hexapep, PF12804.13|NTP_transf_3	PFAM:PF00132.30, PFAM:PF12804.13
SRR35809336_ctg8014_Candidatus_Viadribacter_manganicus_length=3616199_coverage=165.86_circular=yes	3292035	3292571	+	HNGIBB_03450	19.8	10.1	PF14317.12|YcxB	PFAM:PF14317.12
SRR35809336_ctg8014_Candidatus_Viadribacter_manganicus_length=3616199_coverage=165.86_circular=yes	3293266	3294123	-	HNGIBB_03452	30.8	6.0	PF00023.36|Ank, PF13606.12|Ank_3, PF13637.12|Ank_4	PFAM:PF00023.36, PFAM:PF13606.12, PFAM:PF13637.12
SRR35809336_ctg8014_Candidatus_Viadribacter_manganicus_length=3616199_coverage=165.86_circular=yes	3298987	3299538	-	HNGIBB_03459	20.0	9.2		
SRR35809336_ctg8014_Candidatus_Viadribacter_manganicus_length=3616199_coverage=165.86_circular=yes	3303737	3303958	+	HNGIBB_03464	7.4	4.4		
SRR35809336_ctg8014_Candidatus_Viadribacter_manganicus_length=3616199_coverage=165.86_circular=yes	3305251	3306072	-	HNGIBB_03466	30.3	5.7	PF00756.26|Esterase	PFAM:PF00756.26
SRR35809336_ctg8014_Candidatus_Viadribacter_manganicus_length=3616199_coverage=165.86_circular=yes	3306147	3306404	-	HNGIBB_03467	9.7	10.1		
SRR35809336_ctg8014_Candidatus_Viadribacter_manganicus_length=3616199_coverage=165.86_circular=yes	3308079	3308270	-	HNGIBB_03471	7.2	4.4		
SRR35809336_ctg8014_Candidatus_Viadribacter_manganicus_length=3616199_coverage=165.86_circular=yes	3308416	3309024	+	HNGIBB_03472	21.5	9.5		
SRR35809336_ctg8014_Candidatus_Viadribacter_manganicus_length=3616199_coverage=165.86_circular=yes	3310367	3311722	-	HNGIBB_03474	47.6	9.1		
SRR35809336_ctg8014_Candidatus_Viadribacter_manganicus_length=3616199_coverage=165.86_circular=yes	3311807	3312208	-	HNGIBB_03475	14.6	5.0	PF13508.13|Acetyltransf_7	PFAM:PF13508.13
SRR35809336_ctg8014_Candidatus_Viadribacter_manganicus_length=3616199_coverage=165.86_circular=yes	3312386	3313369	+	HNGIBB_03476	35.1	5.6		
SRR35809336_ctg8014_Candidatus_Viadribacter_manganicus_length=3616199_coverage=165.86_circular=yes	3315099	3315620	-	HNGIBB_03479	19.3	5.7	PF07617.17|DUF1579	PFAM:PF07617.17
SRR35809336_ctg8014_Candidatus_Viadribacter_manganicus_length=3616199_coverage=165.86_circular=yes	3319775	3320149	+	HNGIBB_03484	14.2	9.4		
SRR35809336_ctg8014_Candidatus_Viadribacter_manganicus_length=3616199_coverage=165.86_circular=yes	3320176	3320520	+	HNGIBB_03485	12.6	10.5		
SRR35809336_ctg8014_Candidatus_Viadribacter_manganicus_length=3616199_coverage=165.86_circular=yes	3323533	3323844	-	HNGIBB_03489	11.1	4.8		
SRR35809336_ctg8014_Candidatus_Viadribacter_manganicus_length=3616199_coverage=165.86_circular=yes	3329259	3329429	+	HNGIBB_03492	5.6	4.1		
SRR35809336_ctg8014_Candidatus_Viadribacter_manganicus_length=3616199_coverage=165.86_circular=yes	3329483	3329659	+	HNGIBB_03493	6.5	4.9		
SRR35809336_ctg8014_Candidatus_Viadribacter_manganicus_length=3616199_coverage=165.86_circular=yes	3331571	3332125	-	HNGIBB_03496	20.3	5.1	PF14235.11|DUF4337	PFAM:PF14235.11
SRR35809336_ctg8014_Candidatus_Viadribacter_manganicus_length=3616199_coverage=165.86_circular=yes	3332138	3332464	-	HNGIBB_03497	12.2	9.7		
SRR35809336_ctg8014_Candidatus_Viadribacter_manganicus_length=3616199_coverage=165.86_circular=yes	3334120	3334269	-	HNGIBB_03500	5.7	6.5		
SRR35809336_ctg8014_Candidatus_Viadribacter_manganicus_length=3616199_coverage=165.86_circular=yes	3335421	3335669	+	HNGIBB_03502	8.5	5.5		
SRR35809336_ctg8014_Candidatus_Viadribacter_manganicus_length=3616199_coverage=165.86_circular=yes	3338166	3338609	+	HNGIBB_03506	15.2	4.7		
SRR35809336_ctg8014_Candidatus_Viadribacter_manganicus_length=3616199_coverage=165.86_circular=yes	3338622	3338915	+	HNGIBB_03507	10.2	8.0		
SRR35809336_ctg8014_Candidatus_Viadribacter_manganicus_length=3616199_coverage=165.86_circular=yes	3338926	3339519	+	HNGIBB_03508	20.2	7.8		
SRR35809336_ctg8014_Candidatus_Viadribacter_manganicus_length=3616199_coverage=165.86_circular=yes	3339847	3340155	+	HNGIBB_03510	10.5	10.7		
SRR35809336_ctg8014_Candidatus_Viadribacter_manganicus_length=3616199_coverage=165.86_circular=yes	3342172	3342561	+	HNGIBB_03513	14.7	5.4		
SRR35809336_ctg8014_Candidatus_Viadribacter_manganicus_length=3616199_coverage=165.86_circular=yes	3343386	3343811	-	HNGIBB_03516	15.0	5.3		
SRR35809336_ctg8014_Candidatus_Viadribacter_manganicus_length=3616199_coverage=165.86_circular=yes	3347477	3348082	+	HNGIBB_03521	21.8	5.8	PF01551.29|Peptidase_M23	PFAM:PF01551.29
SRR35809336_ctg8014_Candidatus_Viadribacter_manganicus_length=3616199_coverage=165.86_circular=yes	3355305	3355697	-	HNGIBB_03528	14.4	10.1		
SRR35809336_ctg8014_Candidatus_Viadribacter_manganicus_length=3616199_coverage=165.86_circular=yes	3355853	3356380	+	HNGIBB_03529	19.9	8.2		
SRR35809336_ctg8014_Candidatus_Viadribacter_manganicus_length=3616199_coverage=165.86_circular=yes	3356377	3356829	-	HNGIBB_03530	16.0	10.3		
SRR35809336_ctg8014_Candidatus_Viadribacter_manganicus_length=3616199_coverage=165.86_circular=yes	3356998	3357414	+	HNGIBB_03531	14.6	4.6	PF00072.30|Response_reg	PFAM:PF00072.30
SRR35809336_ctg8014_Candidatus_Viadribacter_manganicus_length=3616199_coverage=165.86_circular=yes	3358111	3358917	+	HNGIBB_03533	28.5	8.3		
SRR35809336_ctg8014_Candidatus_Viadribacter_manganicus_length=3616199_coverage=165.86_circular=yes	3359031	3359462	-	HNGIBB_03534	16.1	4.8		
SRR35809336_ctg8014_Candidatus_Viadribacter_manganicus_length=3616199_coverage=165.86_circular=yes	3360401	3360586	+	HNGIBB_03535	7.0	11.2		
SRR35809336_ctg8014_Candidatus_Viadribacter_manganicus_length=3616199_coverage=165.86_circular=yes	3360602	3362209	+	HNGIBB_03536	57.6	5.3	PF00512.31|HisKA, PF02518.31|HATPase_c, PF05228.19|CHASE4	PFAM:PF00512.31, PFAM:PF02518.31, PFAM:PF05228.19
SRR35809336_ctg8014_Candidatus_Viadribacter_manganicus_length=3616199_coverage=165.86_circular=yes	3363865	3364407	+	HNGIBB_03538	20.3	5.1		
SRR35809336_ctg8014_Candidatus_Viadribacter_manganicus_length=3616199_coverage=165.86_circular=yes	3364482	3364667	-	HNGIBB_03539	6.8	8.4		SO:0001217, UniRef:UniRef50_A0A6I6MPR1
SRR35809336_ctg8014_Candidatus_Viadribacter_manganicus_length=3616199_coverage=165.86_circular=yes	3364794	3365306	-	HNGIBB_03540	20.8	10.0		
SRR35809336_ctg8014_Candidatus_Viadribacter_manganicus_length=3616199_coverage=165.86_circular=yes	3366535	3366804	+	HNGIBB_03542	10.3	6.2		
SRR35809336_ctg8014_Candidatus_Viadribacter_manganicus_length=3616199_coverage=165.86_circular=yes	3366811	3368133	-	HNGIBB_03543	46.9	6.0	PF00595.29|PDZ, PF12146.15|Hydrolase_4, PF12697.13|Abhydrolase_6, PF13180.12|PDZ_2, PF17820.7|PDZ_6	PFAM:PF00595.29, PFAM:PF12146.15, PFAM:PF12697.13, PFAM:PF13180.12, PFAM:PF17820.7
SRR35809336_ctg8014_Candidatus_Viadribacter_manganicus_length=3616199_coverage=165.86_circular=yes	3368960	3369895	-	HNGIBB_03545	35.2	5.4		
SRR35809336_ctg8014_Candidatus_Viadribacter_manganicus_length=3616199_coverage=165.86_circular=yes	3371460	3371924	-	HNGIBB_03547	17.0	4.7		
SRR35809336_ctg8014_Candidatus_Viadribacter_manganicus_length=3616199_coverage=165.86_circular=yes	3372018	3372722	-	HNGIBB_03548	25.5	5.4	PF10531.15|SLBB, PF22461.2|SLBB_2	PFAM:PF10531.15, PFAM:PF22461.2, SO:0001217, UniRef:UniRef50_A0A1B1AM74
SRR35809336_ctg8014_Candidatus_Viadribacter_manganicus_length=3616199_coverage=165.86_circular=yes	3374374	3375045	+	HNGIBB_03550	23.0	6.8		
SRR35809336_ctg8014_Candidatus_Viadribacter_manganicus_length=3616199_coverage=165.86_circular=yes	3377612	3379072	-	HNGIBB_03554	49.6	9.5		
SRR35809336_ctg8014_Candidatus_Viadribacter_manganicus_length=3616199_coverage=165.86_circular=yes	3380982	3381656	-	HNGIBB_03557	23.6	7.0		
SRR35809336_ctg8014_Candidatus_Viadribacter_manganicus_length=3616199_coverage=165.86_circular=yes	3381634	3382515	-	HNGIBB_03558	31.2	5.0		
SRR35809336_ctg8014_Candidatus_Viadribacter_manganicus_length=3616199_coverage=165.86_circular=yes	3382651	3384444	-	HNGIBB_03559	64.3	5.9	PF00326.27|Peptidase_S9, PF00561.26|Abhydrolase_1, PF00756.26|Esterase, PF02230.22|Abhydrolase_2, PF07859.19|Abhydrolase_3	PFAM:PF00326.27, PFAM:PF00561.26, PFAM:PF00756.26, PFAM:PF02230.22, PFAM:PF07859.19
SRR35809336_ctg8014_Candidatus_Viadribacter_manganicus_length=3616199_coverage=165.86_circular=yes	3388735	3389577	-	HNGIBB_03564	29.7	4.8	PF01436.27|NHL, PF06977.17|SdiA-regulated	PFAM:PF01436.27, PFAM:PF06977.17
SRR35809336_ctg8014_Candidatus_Viadribacter_manganicus_length=3616199_coverage=165.86_circular=yes	3394262	3396178	+	HNGIBB_03568	69.0	4.1	PF00353.25|HemolysinCabind, PF08548.17|Peptidase_M10_C, PF13583.11|Reprolysin_4	PFAM:PF00353.25, PFAM:PF08548.17, PFAM:PF13583.11
SRR35809336_ctg8014_Candidatus_Viadribacter_manganicus_length=3616199_coverage=165.86_circular=yes	3402511	3403350	-	HNGIBB_03573	30.9	6.0	PF08007.18|JmjC_2, PF13621.12|Cupin_8	PFAM:PF08007.18, PFAM:PF13621.12
SRR35809336_ctg8014_Candidatus_Viadribacter_manganicus_length=3616199_coverage=165.86_circular=yes	3403626	3405617	+	HNGIBB_03574	72.2	4.4	PF00593.30|TonB_dep_Rec_b-barrel, PF07715.20|Plug	PFAM:PF00593.30, PFAM:PF07715.20
SRR35809336_ctg8014_Candidatus_Viadribacter_manganicus_length=3616199_coverage=165.86_circular=yes	3407859	3410228	+	HNGIBB_03576	87.4	4.1	PF00593.30|TonB_dep_Rec_b-barrel, PF07715.20|Plug	PFAM:PF00593.30, PFAM:PF07715.20
SRR35809336_ctg8014_Candidatus_Viadribacter_manganicus_length=3616199_coverage=165.86_circular=yes	3413459	3415384	+	HNGIBB_03580	70.4	6.0	PF00294.29|PfkB	PFAM:PF00294.29
SRR35809336_ctg8014_Candidatus_Viadribacter_manganicus_length=3616199_coverage=165.86_circular=yes	3421119	3422537	+	HNGIBB_03586	52.7	5.8	PF09423.15|PhoD, PF16655.11|PhoD_N	PFAM:PF09423.15, PFAM:PF16655.11
SRR35809336_ctg8014_Candidatus_Viadribacter_manganicus_length=3616199_coverage=165.86_circular=yes	3430487	3430666	+	HNGIBB_03597	6.6	4.8	PF03884.20|YacG	PFAM:PF03884.20
SRR35809336_ctg8014_Candidatus_Viadribacter_manganicus_length=3616199_coverage=165.86_circular=yes	3430719	3431375	-	HNGIBB_03598	22.9	4.1	PF13505.12|OMP_b-brl	PFAM:PF13505.12
SRR35809336_ctg8014_Candidatus_Viadribacter_manganicus_length=3616199_coverage=165.86_circular=yes	3432036	3433085	-	HNGIBB_03600	38.2	5.0		
SRR35809336_ctg8014_Candidatus_Viadribacter_manganicus_length=3616199_coverage=165.86_circular=yes	3434015	3434167	-	HNGIBB_03602	5.3	5.6		
SRR35809336_ctg8014_Candidatus_Viadribacter_manganicus_length=3616199_coverage=165.86_circular=yes	3436139	3436390	+	HNGIBB_03605	8.6	11.6		
SRR35809336_ctg8014_Candidatus_Viadribacter_manganicus_length=3616199_coverage=165.86_circular=yes	3446484	3447017	-	HNGIBB_03619	19.5	4.9		
SRR35809336_ctg8014_Candidatus_Viadribacter_manganicus_length=3616199_coverage=165.86_circular=yes	3449764	3449976	-	HNGIBB_03622	7.2	4.8		
SRR35809336_ctg8014_Candidatus_Viadribacter_manganicus_length=3616199_coverage=165.86_circular=yes	3450052	3450519	-	HNGIBB_03623	16.2	4.1		
SRR35809336_ctg8014_Candidatus_Viadribacter_manganicus_length=3616199_coverage=165.86_circular=yes	3454103	3454372	+	HNGIBB_03629	9.6	4.5		
SRR35809336_ctg8014_Candidatus_Viadribacter_manganicus_length=3616199_coverage=165.86_circular=yes	3454383	3454961	-	HNGIBB_03630	21.7	4.8		
SRR35809336_ctg8014_Candidatus_Viadribacter_manganicus_length=3616199_coverage=165.86_circular=yes	3456478	3457347	+	HNGIBB_03632	30.9	9.2		
SRR35809336_ctg8014_Candidatus_Viadribacter_manganicus_length=3616199_coverage=165.86_circular=yes	3462273	3462515	+	HNGIBB_03637	8.9	5.5		
SRR35809336_ctg8014_Candidatus_Viadribacter_manganicus_length=3616199_coverage=165.86_circular=yes	3462718	3463305	-	HNGIBB_03638	21.4	8.9		
SRR35809336_ctg8014_Candidatus_Viadribacter_manganicus_length=3616199_coverage=165.86_circular=yes	3463859	3464542	-	HNGIBB_03640	25.1	8.0		
SRR35809336_ctg8014_Candidatus_Viadribacter_manganicus_length=3616199_coverage=165.86_circular=yes	3467870	3468064	+	HNGIBB_03643	7.1	8.7		
SRR35809336_ctg8014_Candidatus_Viadribacter_manganicus_length=3616199_coverage=165.86_circular=yes	3470994	3472490	+	HNGIBB_03646	53.2	6.3	PF00070.33|Pyr_redox, PF01266.30|DAO, PF01593.30|Amino_oxidase, PF07992.20|Pyr_redox_2, PF13450.12|NAD_binding_8	PFAM:PF00070.33, PFAM:PF01266.30, PFAM:PF01593.30, PFAM:PF07992.20, PFAM:PF13450.12
SRR35809336_ctg8014_Candidatus_Viadribacter_manganicus_length=3616199_coverage=165.86_circular=yes	3473729	3475174	+	HNGIBB_03649	53.2	5.2	PF00512.31|HisKA, PF02518.31|HATPase_c, PF13581.12|HATPase_c_2	PFAM:PF00512.31, PFAM:PF02518.31, PFAM:PF13581.12
SRR35809336_ctg8014_Candidatus_Viadribacter_manganicus_length=3616199_coverage=165.86_circular=yes	3475437	3475586	+	HNGIBB_03650	5.7	9.5		
SRR35809336_ctg8014_Candidatus_Viadribacter_manganicus_length=3616199_coverage=165.86_circular=yes	3475857	3482435	+	HNGIBB_03651	225.1	4.1	PF00353.25|HemolysinCabind, PF03098.20|An_peroxidase	PFAM:PF00353.25, PFAM:PF03098.20
SRR35809336_ctg8014_Candidatus_Viadribacter_manganicus_length=3616199_coverage=165.86_circular=yes	3482584	3484482	+	HNGIBB_03652	66.8	9.8	PF00004.35|AAA, PF00005.33|ABC_tran	PFAM:PF00004.35, PFAM:PF00005.33
SRR35809336_ctg8014_Candidatus_Viadribacter_manganicus_length=3616199_coverage=165.86_circular=yes	3484484	3485833	+	HNGIBB_03653	49.5	5.1	PF00364.28|Biotin_lipoyl, PF13533.12|Biotin_lipoyl_2, PF16576.10|HlyD_D23	PFAM:PF00364.28, PFAM:PF13533.12, PFAM:PF16576.10
SRR35809336_ctg8014_Candidatus_Viadribacter_manganicus_length=3616199_coverage=165.86_circular=yes	3485837	3487213	+	HNGIBB_03654	50.0	5.4		
SRR35809336_ctg8014_Candidatus_Viadribacter_manganicus_length=3616199_coverage=165.86_circular=yes	3487200	3487790	+	HNGIBB_03655	21.1	4.9		
SRR35809336_ctg8014_Candidatus_Viadribacter_manganicus_length=3616199_coverage=165.86_circular=yes	3487780	3488016	-	HNGIBB_03656	8.4	11.5		
SRR35809336_ctg8014_Candidatus_Viadribacter_manganicus_length=3616199_coverage=165.86_circular=yes	3488038	3488448	-	HNGIBB_03657	14.6	8.4		
SRR35809336_ctg8014_Candidatus_Viadribacter_manganicus_length=3616199_coverage=165.86_circular=yes	3488445	3489032	-	HNGIBB_03658	19.4	9.1		
SRR35809336_ctg8014_Candidatus_Viadribacter_manganicus_length=3616199_coverage=165.86_circular=yes	3489037	3490239	-	HNGIBB_03659	42.5	10.0	PF00482.28|T2SSF	PFAM:PF00482.28
SRR35809336_ctg8014_Candidatus_Viadribacter_manganicus_length=3616199_coverage=165.86_circular=yes	3492522	3493076	+	HNGIBB_03662	19.6	10.2		
SRR35809336_ctg8014_Candidatus_Viadribacter_manganicus_length=3616199_coverage=165.86_circular=yes	3493073	3494056	+	HNGIBB_03663	34.6	4.8	PF03934.19|T2SSK, PF21687.3|T2SSK_1st	PFAM:PF03934.19, PFAM:PF21687.3
SRR35809336_ctg8014_Candidatus_Viadribacter_manganicus_length=3616199_coverage=165.86_circular=yes	3494010	3495080	+	HNGIBB_03664	38.2	6.5		
SRR35809336_ctg8014_Candidatus_Viadribacter_manganicus_length=3616199_coverage=165.86_circular=yes	3495077	3495649	+	HNGIBB_03665	20.1	4.6		
SRR35809336_ctg8014_Candidatus_Viadribacter_manganicus_length=3616199_coverage=165.86_circular=yes	3495646	3496092	+	HNGIBB_03666	15.9	6.7		
SRR35809336_ctg8014_Candidatus_Viadribacter_manganicus_length=3616199_coverage=165.86_circular=yes	3496122	3498341	+	HNGIBB_03667	79.9	5.0	PF03958.22|Secretin_N	PFAM:PF03958.22
SRR35809336_ctg8014_Candidatus_Viadribacter_manganicus_length=3616199_coverage=165.86_circular=yes	3498338	3499813	-	HNGIBB_03668	50.9	4.4	PF00082.27|Peptidase_S8	PFAM:PF00082.27
SRR35809336_ctg8014_Candidatus_Viadribacter_manganicus_length=3616199_coverage=165.86_circular=yes	3500432	3501112	+	HNGIBB_03670	24.4	4.9	PF13490.11|zf-HC2	PFAM:PF13490.11
SRR35809336_ctg8014_Candidatus_Viadribacter_manganicus_length=3616199_coverage=165.86_circular=yes	3501273	3503558	+	HNGIBB_03671	85.8	6.1	PF07731.20|Cu-oxidase_2	PFAM:PF07731.20
SRR35809336_ctg8014_Candidatus_Viadribacter_manganicus_length=3616199_coverage=165.86_circular=yes	3503555	3504508	+	HNGIBB_03672	35.7	9.2	PF00034.26|Cytochrom_C, PF13442.11|Cytochrome_CBB3	PFAM:PF00034.26, PFAM:PF13442.11
SRR35809336_ctg8014_Candidatus_Viadribacter_manganicus_length=3616199_coverage=165.86_circular=yes	3504563	3505360	-	HNGIBB_03673	28.0	4.7		
SRR35809336_ctg8014_Candidatus_Viadribacter_manganicus_length=3616199_coverage=165.86_circular=yes	3505612	3506259	+	HNGIBB_03674	23.0	5.1		
SRR35809336_ctg8014_Candidatus_Viadribacter_manganicus_length=3616199_coverage=165.86_circular=yes	3507605	3508321	+	HNGIBB_03678	25.9	6.4		
SRR35809336_ctg8014_Candidatus_Viadribacter_manganicus_length=3616199_coverage=165.86_circular=yes	3519302	3520261	+	HNGIBB_03688	34.2	4.7		
SRR35809336_ctg8014_Candidatus_Viadribacter_manganicus_length=3616199_coverage=165.86_circular=yes	3525008	3525646	+	HNGIBB_03695	23.4	10.3		SO:0001217, UniRef:UniRef50_A0A1B1AMI3
SRR35809336_ctg8014_Candidatus_Viadribacter_manganicus_length=3616199_coverage=165.86_circular=yes	3528037	3529419	+	HNGIBB_03698	50.3	5.5	PF00989.32|PAS, PF07536.20|HWE_HK, PF07568.18|HisKA_2, PF08447.18|PAS_3, PF08448.16|PAS_4, PF13188.13|PAS_8, PF13426.13|PAS_9	PFAM:PF00989.32, PFAM:PF07536.20, PFAM:PF07568.18, PFAM:PF08447.18, PFAM:PF08448.16, PFAM:PF13188.13, PFAM:PF13426.13
SRR35809336_ctg8014_Candidatus_Viadribacter_manganicus_length=3616199_coverage=165.86_circular=yes	3530949	3532376	-	HNGIBB_03701	51.9	5.7		
SRR35809336_ctg8014_Candidatus_Viadribacter_manganicus_length=3616199_coverage=165.86_circular=yes	3538361	3538708	+	HNGIBB_03708	12.3	4.9		
SRR35809336_ctg8014_Candidatus_Viadribacter_manganicus_length=3616199_coverage=165.86_circular=yes	3538709	3539074	+	HNGIBB_03709	12.8	4.8		
SRR35809336_ctg8014_Candidatus_Viadribacter_manganicus_length=3616199_coverage=165.86_circular=yes	3539148	3540332	+	HNGIBB_03710	41.0	6.1	PF13533.12|Biotin_lipoyl_2, PF16576.10|HlyD_D23	PFAM:PF13533.12, PFAM:PF16576.10
SRR35809336_ctg8014_Candidatus_Viadribacter_manganicus_length=3616199_coverage=165.86_circular=yes	3543492	3543929	-	HNGIBB_03712	15.5	5.1	PF00034.26|Cytochrom_C	PFAM:PF00034.26
SRR35809336_ctg8014_Candidatus_Viadribacter_manganicus_length=3616199_coverage=165.86_circular=yes	3544210	3544557	+	HNGIBB_03714	11.3	8.7		
SRR35809336_ctg8014_Candidatus_Viadribacter_manganicus_length=3616199_coverage=165.86_circular=yes	3544628	3545788	+	HNGIBB_03715	41.3	5.6		
SRR35809336_ctg8014_Candidatus_Viadribacter_manganicus_length=3616199_coverage=165.86_circular=yes	3547549	3548037	+	HNGIBB_03717	17.6	6.1	PF13508.13|Acetyltransf_7, PF13527.13|Acetyltransf_9, PF13673.13|Acetyltransf_10	PFAM:PF13508.13, PFAM:PF13527.13, PFAM:PF13673.13
SRR35809336_ctg8014_Candidatus_Viadribacter_manganicus_length=3616199_coverage=165.86_circular=yes	3549711	3550514	+	HNGIBB_03722	29.1	6.6		
SRR35809336_ctg8014_Candidatus_Viadribacter_manganicus_length=3616199_coverage=165.86_circular=yes	3550559	3552505	-	HNGIBB_03723	69.3	4.4	PF00593.30|TonB_dep_Rec_b-barrel, PF07715.20|Plug	PFAM:PF00593.30, PFAM:PF07715.20
SRR35809336_ctg8014_Candidatus_Viadribacter_manganicus_length=3616199_coverage=165.86_circular=yes	3555510	3556250	+	HNGIBB_03726	27.1	6.0		
SRR35809336_ctg8014_Candidatus_Viadribacter_manganicus_length=3616199_coverage=165.86_circular=yes	3565650	3565862	+	HNGIBB_03746	7.6	10.8	PF00327.25|Ribosomal_L30	PFAM:PF00327.25
SRR35809336_ctg8014_Candidatus_Viadribacter_manganicus_length=3616199_coverage=165.86_circular=yes	3599596	3600054	+	HNGIBB_03786	16.3	4.9		
SRR35809336_ctg8014_Candidatus_Viadribacter_manganicus_length=3616199_coverage=165.86_circular=yes	3603407	3604162	-	HNGIBB_03790	26.6	5.7		
SRR35809336_ctg8014_Candidatus_Viadribacter_manganicus_length=3616199_coverage=165.86_circular=yes	3604425	3604898	+	HNGIBB_03791	18.7	11.1		
SRR35809336_ctg8014_Candidatus_Viadribacter_manganicus_length=3616199_coverage=165.86_circular=yes	3607443	3608234	+	HNGIBB_03796	29.1	5.9		
SRR35809336_ctg8014_Candidatus_Viadribacter_manganicus_length=3616199_coverage=165.86_circular=yes	3609192	3609857	+	HNGIBB_03798	24.6	6.2		
SRR35809336_ctg8014_Candidatus_Viadribacter_manganicus_length=3616199_coverage=165.86_circular=yes	3609854	3610468	+	HNGIBB_03799	23.1	4.5		
SRR35809336_ctg8014_Candidatus_Viadribacter_manganicus_length=3616199_coverage=165.86_circular=yes	3610472	3611557	-	HNGIBB_03800	40.2	6.6	PF13640.12|2OG-FeII_Oxy_3	PFAM:PF13640.12
SRR35809336_ctg8014_Candidatus_Viadribacter_manganicus_length=3616199_coverage=165.86_circular=yes	3613643	3613960	+	HNGIBB_03802	11.2	4.7		
SRR35809336_ctg8014_Candidatus_Viadribacter_manganicus_length=3616199_coverage=165.86_circular=yes	3615185	3616198	+	HNGIBB_03804	34.7	5.9	PF00742.24|Homoserine_dh, PF03447.22|NAD_binding_3	PFAM:PF00742.24, PFAM:PF03447.22
