ID	taxid	taxid2	length	name	nuctype	Htaxid	Hname	Vfamily	Hgroup	hosttype	seq_ids	<i>S</i><sub>G</sub> to Lepyrophagus	<i>S</i><sub>G</sub> to Eremotheras	<i>S</i><sub>G</sub> to Ammolykos	order
NC_023859	1458670	1458670-1	59254	Microbacterium phage vB_MoxS-ISF9	dsDNA	82380	Microbacterium oxydans	-	Actinomycetota	Prokaryote	NC_023859	0.0046	0.0	0.0048	1
NC_023549	1406793	1406793-1	56789	Clavibacter phage CN1A	dsDNA	28447	Clavibacter michiganensis	-	Actinomycetota	Prokaryote	NC_023549	0.0	0.0037	0.0046	2
NC_013698	686439	686439-1	58652	Clavibacter phage CMP1	dsDNA	33013	Clavibacter michiganensis subsp. michiganensis	-	Actinomycetota	Prokaryote	NC_013698	0.0	0.0	0.0	3
NC_019930	981335	981335-1	49219	Tetrasphaera phage TJE1	dsDNA	330834	Tetrasphaera jenkinsii	-	Actinomycetota	Prokaryote	NC_019930	0.0037	0.0	0.0057	4
NC_021322	1273750	1273750-1	49107	Haloarcula hispanica tailed virus 1	dsDNA	51589	Haloarcula hispanica	Madisaviridae	Euryarchaeota	Prokaryote	NC_021322	0.0	0.0	0.0	5
NC_062760	2878008	2878008-1	56593	Halorubrum tailed virus 27	dsDNA	1879286	Halorubrum sp.	Hafunaviridae	Euryarchaeota	Prokaryote	NC_062760	0.0034	0.0051	0.0	6
NC_062759	2878006	2878006-1	61934	Halorubrum tailed virus 25	dsDNA	1879286	Halorubrum sp.	Hafunaviridae	Euryarchaeota	Prokaryote	NC_062759	0.0030	0.0	0.0	7
NC_021335	2847108	2847108-1	69048	Halorubrum tailed phage 7	dsDNA	1089735	Halorubrum sp. B2-2	Hafunaviridae	Euryarchaeota	Prokaryote	NC_021335	0.0057	0.0038	0.0	8
NC_020159	1262527	1262527-1	68527	Halorubrum sodomense tailed virus 2	dsDNA	35743	Halorubrum sodomense	Hafunaviridae	Euryarchaeota	Prokaryote	NC_020159	0.0032	0.0	0.0	9
NC_062740	2721757	2721757-1	74196	Halorubrum virus Serpecor1	dsDNA	64713	Halorubrum coriense	Hafunaviridae	Euryarchaeota	Prokaryote	NC_062740	0.0	0.0	0.0	10
NC_021320	2847107	2847107-1	76134	Halorubrum tailed phage 5	dsDNA	1089759	Halorubrum sp. s5a-3	Hafunaviridae	Euryarchaeota	Prokaryote	NC_021320	0.0	0.0	0.0	11
NC_004927	2847106	2847106-1	75898	Halophage HF1	dsDNA	2254	Haloferax lucentense	Hafunaviridae	Euryarchaeota	Prokaryote	NC_004927	0.0	0.0	0.0	12
NC_062755	2877986	2877986-1	76821	Haloarcula virus HJTV-2	dsDNA	29282	Haloarcula japonica	Hafunaviridae	Euryarchaeota	Prokaryote	NC_062755	0.0037	0.0	0.0	13
NC_021321	2847109	2847109-1	74519	Halorubrum tailed phage 8	dsDNA	1089735	Halorubrum sp. B2-2	Hafunaviridae	Euryarchaeota	Prokaryote	NC_021321	0.0037	0.0	0.0	14
NC_062758	2877991	2877991-1	76759	Halorubrum tailed virus 10	dsDNA	1879286	Halorubrum sp.	Hafunaviridae	Euryarchaeota	Prokaryote	NC_062758	0.0	0.0	0.0	15
NC_062763	2878013	2878013-1	75181	Halorubrum sodomense tailed virus 4	dsDNA	35743	Halorubrum sodomense	Hafunaviridae	Euryarchaeota	Prokaryote	NC_062763	0.0	0.0	0.0	16
NC_042353	2684227	2684227-1	50672	Salinibacter phage SRUTV-1	dsDNA	146919	Salinibacter ruber	-	Rhodothermota	Prokaryote	NC_042353	0.0	0.0	0.0	17
NC_042352	2681614	2681614-1	51889	Salinibacter phage M31CR41-2	dsDNA	146919	Salinibacter ruber	-	Rhodothermota	Prokaryote	NC_042352	0.0	0.0	0.0034	18
NC_062757	2877990	2877990-1	42293	Haloarcula tailed virus 3	dsDNA	1542011	Haloarcula sp. SS8-5	Pyrstoviridae	Euryarchaeota	Prokaryote	NC_062757	0.0	0.0	0.0	19
NC_042350	2681615	2681615-1	35099	Salinibacter phage M8CR30-2	dsDNA	761659	Salinibacter ruber M8	-	Rhodothermota	Prokaryote	NC_042350	0.0091	0.0	0.0115	20
NC_042348	2681616	2681616-1	35883	Salinibacter phage M1EM-1	dsDNA	146919	Salinibacter ruber	-	Rhodothermota	Prokaryote	NC_042348	0.0154	0.0026	0.0072	21
NC_021340	1273751	1273751-1	52643	Haloarcula hispanica tailed virus 2	dsDNA	51589	Haloarcula hispanica	Saparoviridae	Euryarchaeota	Prokaryote	NC_021340	0.0277	0.0116	0.0	22
NC_021319	1273747	1273747-1	54291	Haloarcula californiae tailed virus 2	dsDNA	244363	Haloarcula californiae	Saparoviridae	Euryarchaeota	Prokaryote	NC_021319	0.0387	0.0396	0.0391	23
NC_021330	1273746	1273746-1	103257	Haloarcula californiae tailed virus 1	dsDNA	244363	Haloarcula californiae	Druskaviridae	Euryarchaeota	Prokaryote	NC_021330	0.0	0.0	0.0	24
NC_021327	1273748	1273748-1	102105	Halovirus HCTV-5	dsDNA	244363	Haloarcula californiae	Druskaviridae	Euryarchaeota	Prokaryote	NC_021327	0.0026	0.0	0.0	25
NC_020158	1262528	1262528-1	102319	Haloarcula vallismortis tailed virus 1	dsDNA	28442	Haloarcula vallismortis	Druskaviridae	Euryarchaeota	Prokaryote	NC_020158	0.0	0.0026	0.0	26
NC_074642	2856180	2856180-1	37078	Methanoculleus virus L4768	dsDNA	83986	Methanoculleus bourgensis	-	Euryarchaeota	Prokaryote	NC_074642	0.0139	0.0012	0.0	27
NC_025213	1500510	1500510-1	10021	Halovirus VNH-1	dsDNA	1406378	Nanohaloarchaea archaeon AB578-D14	-	Euryarchaeota	Prokaryote	NC_025213	0.0	0.0	0.0	28
NC_021537	754066	754066-1	39784	Halorubrum virus CGphi46	dsDNA	1879286	Halorubrum sp.	Graaviviridae	Euryarchaeota	Prokaryote	NC_021537	0.0171	0.0266	0.0048	29
NC_008695	416419	416419-1	42271	Archaeal BJ1 virus	dsDNA	2248	Halorubrum saccharovorum	Graaviviridae	Euryarchaeota	Prokaryote	NC_008695	0.0236	0.0179	0.0221	30
NC_021329	1273752	1273752-1	35722	Halorubrum tailed virus 4	dsDNA	1089759	Halorubrum sp. s5a-3	Haloferuviridae	Euryarchaeota	Prokaryote	NC_021329	0.0	0.0	0.0	31
NC_062762	2878010	2878010-1	36603	Halorubrum tailed virus 29	dsDNA	1879286	Halorubrum sp.	Haloferuviridae	Euryarchaeota	Prokaryote	NC_062762	0.0	0.0	0.0	32
NC_062761	2878009	2878009-1	35270	Halorubrum tailed virus 28	dsDNA	1879286	Halorubrum sp.	Suolaviridae	Euryarchaeota	Prokaryote	NC_062761	0.0063	0.0060	0.0036	33
NC_021471	1262530	1262530-1	32189	Haloarcula sinaiiensis tailed virus 1	dsDNA	35742	Haloarcula sinaiiensis	Shortaselviridae	Euryarchaeota	Prokaryote	NC_021471	0.0030	0.0	0.0	34
NC_054953	2847105	2847105-1	55145	Halobacterium phage ChaoS9	dsDNA	2242	Halobacterium salinarum	Vertoviridae	Euryarchaeota	Prokaryote	NC_054953	0.0293	0.0237	0.0167	35
NC_052650	169684	169684-1	58072	Halobacterium phage phiH	dsDNA	2242	Halobacterium salinarum	Vertoviridae	Euryarchaeota	Prokaryote	NC_052650	0.0131	0.0127	0.0163	36
NC_054954	114777	114777-2	58487	Natrialba phage PhiCh1	dsDNA	13769	Natrialba magadii	Vertoviridae	Euryarchaeota	Prokaryote	NC_054954	0.0158	0.0078	0.0063	37
NC_004084	114777	114777-1	58498	Natrialba phage PhiCh1	dsDNA	13769	Natrialba magadii	Vertoviridae	Euryarchaeota	Prokaryote	NC_004084	0.0157	0.0078	0.0063	38
NC_017983	1183239	1183239-1	43788	Salisaeta icosahedral phage 1	dsDNA	1089709	Salisaeta sp. SP9-1	-	Rhodothermota	Prokaryote	NC_017983	0.0	0.0	0.0	39
NC_048733	2315703	2315703-1	54473	Microbacterium phage Burro	dsDNA	199592	Microbacterium paraoxydans	-	Actinomycetota	Prokaryote	NC_048733	0.0162	0.0096	0.0037	40
NC_048860	2713257	2713257-1	53692	Microbacterium phage Arete	dsDNA	104336	Microbacterium foliorum	-	Actinomycetota	Prokaryote	NC_048860	0.0306	0.0251	0.0191	41
NC_048801	2590948	2590948-1	53981	Microbacterium phage Araxxi	dsDNA	104336	Microbacterium foliorum	-	Actinomycetota	Prokaryote	NC_048801	0.0438	0.0200	0.0160	42
NC_048777	2583039	2583039-1	53932	Microbacterium phage TinyTimothy	dsDNA	104336	Microbacterium foliorum	-	Actinomycetota	Prokaryote	NC_048777	0.0	0.0	0.0	43
NC_048778	2590877	2590877-1	54396	Microbacterium phage Alex44	dsDNA	104336	Microbacterium foliorum	-	Actinomycetota	Prokaryote	NC_048778	0.0047	0.0	0.0	44
NC_048877	2725606	2725606-1	54442	Microbacterium phage Phedro	dsDNA	104336	Microbacterium foliorum	-	Actinomycetota	Prokaryote	NC_048877	0.0	0.0	0.0	45
NC_048761	2565510	2565510-1	54307	Microbacterium phage Akoni	dsDNA	104336	Microbacterium foliorum	-	Actinomycetota	Prokaryote	NC_048761	0.0033	0.0	0.0	46
KF981876	1453337	1453337-1	95702	Mycobacterium phage ADLER F1725	dsDNA	1168066	Mycobacteroides abscessus subsp. bolletii F1725	-	Actinomycetota	Prokaryote	KF981876	0.0076	0.0	0.0	47
KC960489	1327959	1327959-1	95705	Mycobacterium phage Adler	dsDNA	319705	Mycobacteroides abscessus subsp. bolletii	-	Actinomycetota	Prokaryote	KC960489	0.0045	0.0	0.0	48
NC_073478	2968613	2968613-1	17827	Bifidobacterium phage BD811P2	dsDNA	1689	Bifidobacterium dentium	-	Actinomycetota	Prokaryote	NC_073478	0.0	0.0	0.0	49
NC_073467	2927268	2927268-1	16662	Microbacterium phage PineapplePizza	dsDNA	104336	Microbacterium foliorum	-	Actinomycetota	Prokaryote	NC_073467	0.0	0.0	0.0	50
NC_073477	2851069	2851069-1	17554	Curtobacterium phage Reje	dsDNA	2035	Curtobacterium flaccumfaciens	-	Actinomycetota	Prokaryote	NC_073477	0.0	0.0	0.0	51
NC_073476	2851068	2851068-1	18290	Curtobacterium phage Pize	dsDNA	1869344	Curtobacterium sp.	-	Actinomycetota	Prokaryote	NC_073476	0.0	0.0	0.0	52
NC_048740	2484218	2484218-1	19428	Arthrobacter phage Mendel	dsDNA	1665	Arthrobacter globiformis	-	Actinomycetota	Prokaryote	NC_048740	0.0011	0.0	0.0022	53
NC_048739	2484217	2484217-1	19679	Arthrobacter phage Anjali	dsDNA	1665	Arthrobacter globiformis	-	Actinomycetota	Prokaryote	NC_048739	0.0010	0.0048	0.0094	54
NC_071014	2338395	2338395-1	90743	Brevibacterium phage Cantare	dsDNA	47914	Brevibacterium fuscum	-	Actinomycetota	Prokaryote	NC_071014	0.0032	0.0	0.0	55
NC_030906	1647285	1647285-1	83324	Gordonia phage GMA6	dsDNA	410332	Gordonia malaquae	-	Actinomycetota	Prokaryote	NC_030906	0.0028	0.0	0.0	56
NC_071006	2871538	2871538-1	88657	Gordonia phage ChisanaKitsune	dsDNA	36822	Gordonia rubripertincta	-	Actinomycetota	Prokaryote	NC_071006	0.0050	0.0041	0.0014	57
NC_071005	2656530	2656530-1	91072	Gordonia phage Chidiebere	dsDNA	36822	Gordonia rubripertincta	-	Actinomycetota	Prokaryote	NC_071005	0.0038	0.0027	0.0	58
NC_049442	2315608	2315608-1	71020	Arthrobacter phage KBurrousTX	dsDNA	1771959	Arthrobacter sp. ATCC 21022	-	Actinomycetota	Prokaryote	NC_049442	0.0	0.0033	0.0	59
NC_049489	2686080	2686080-1	69061	Arthrobacter phage DrYang	dsDNA	1771959	Arthrobacter sp. ATCC 21022	-	Actinomycetota	Prokaryote	NC_049489	0.0	0.0033	0.0	60
NC_026606	1566993	1566993-1	71200	Arthrobacter phage vB_ArtM-ArV1	dsDNA	1667	Arthrobacter sp.	-	Actinomycetota	Prokaryote	NC_026606	0.0066	0.0034	0.0	61
NC_042000	2015834	2015834-1	70707	Arthrobacter phage Colucci	dsDNA	1771959	Arthrobacter sp. ATCC 21022	-	Actinomycetota	Prokaryote	NC_042000	0.0063	0.0034	0.0	62
NC_042053	1772328	1772328-1	70265	Arthrobacter phage PrincessTrina	dsDNA	1771959	Arthrobacter sp. ATCC 21022	-	Actinomycetota	Prokaryote	NC_042053	0.0	0.0032	0.0	63
NC_049471	2599828	2599828-1	68762	Arthrobacter phage Lymara	dsDNA	1771959	Arthrobacter sp. ATCC 21022	-	Actinomycetota	Prokaryote	NC_049471	0.0	0.0033	0.0	64
NC_049465	2593333	2593333-1	48201	Arthrobacter phage Vibaki	dsDNA	1665	Arthrobacter globiformis	-	Actinomycetota	Prokaryote	NC_049465	0.0092	0.0206	0.0084	65
NC_049498	2713256	2713256-1	46623	Arthrobacter phage Abba	dsDNA	1665	Arthrobacter globiformis	-	Actinomycetota	Prokaryote	NC_049498	0.0065	0.0065	0.0035	66
NC_042014	2024282	2024282-1	49808	Arthrobacter phage Piccoletto	dsDNA	1771959	Arthrobacter sp. ATCC 21022	-	Actinomycetota	Prokaryote	NC_042014	0.0042	0.0	0.0	67
NC_041999	2015815	2015815-1	49797	Arthrobacter phage Beans	dsDNA	1771959	Arthrobacter sp. ATCC 21022	-	Actinomycetota	Prokaryote	NC_041999	0.0084	0.0026	0.0	68
NC_041931	1772327	1772327-1	49419	Arthrobacter phage Jawnski	dsDNA	1771959	Arthrobacter sp. ATCC 21022	-	Actinomycetota	Prokaryote	NC_041931	0.0043	0.0	0.0	69
NC_041930	1701798	1701798-1	49879	Arthrobacter phage Brent	dsDNA	1771959	Arthrobacter sp. ATCC 21022	-	Actinomycetota	Prokaryote	NC_041930	0.0022	0.0015	0.0	70
NC_031252	1796994	1796994-1	51290	Arthrobacter phage BarretLemon	dsDNA	1771959	Arthrobacter sp. ATCC 21022	-	Actinomycetota	Prokaryote	NC_031252	0.0	0.0	0.0	71
NC_041932	1772307	1772307-1	51027	Arthrobacter phage Martha	dsDNA	1771959	Arthrobacter sp. ATCC 21022	-	Actinomycetota	Prokaryote	NC_041932	0.0	0.0	0.0	72
NC_049468	2603257	2603257-1	50782	Arthrobacter phage Zartrosa	dsDNA	1771959	Arthrobacter sp. ATCC 21022	-	Actinomycetota	Prokaryote	NC_049468	0.0	0.0	0.0	73
NC_041933	1772315	1772315-1	50909	Arthrobacter phage Sonny	dsDNA	1771959	Arthrobacter sp. ATCC 21022	-	Actinomycetota	Prokaryote	NC_041933	0.0	0.0	0.0	74
NC_042015	2024283	2024283-1	50930	Arthrobacter phage Shade	dsDNA	1771959	Arthrobacter sp. ATCC 21022	-	Actinomycetota	Prokaryote	NC_042015	0.0035	0.0	0.0	75
NC_009816	384848	384848-1	70579	Corynebacterium phage P1201	dsDNA	1718	Corynebacterium glutamicum	Zierdtviridae	Actinomycetota	Prokaryote	NC_009816	0.0026	0.0	0.0	76
NC_042086	2047869	2047869-1	67743	Corynebacterium phage Darwin	dsDNA	38305	Corynebacterium vitaeruminis	Zierdtviridae	Actinomycetota	Prokaryote	NC_042086	0.0015	0.0	0.0	77
NC_042087	2047871	2047871-1	66392	Corynebacterium phage Zion	dsDNA	38305	Corynebacterium vitaeruminis	Zierdtviridae	Actinomycetota	Prokaryote	NC_042087	0.0015	0.0	0.0	78
NC_055807	2588503	2588503-1	67086	Corynebacterium phage Stickynote	dsDNA	38305	Corynebacterium vitaeruminis	Zierdtviridae	Actinomycetota	Prokaryote	NC_055807	0.0015	0.0	0.0	79
NC_055772	2483719	2483719-1	66915	Corynebacterium phage Kimchi1738	dsDNA	38305	Corynebacterium vitaeruminis	Zierdtviridae	Actinomycetota	Prokaryote	NC_055772	0.0	0.0	0.0	80
NC_042085	2047868	2047868-1	67383	Corynebacterium phage C3PO	dsDNA	38305	Corynebacterium vitaeruminis	Zierdtviridae	Actinomycetota	Prokaryote	NC_042085	0.0025	0.0	0.0	81
NC_073456	1887657	1887657-1	69165	Rhodococcus phage ChewyVIII	dsDNA	1833	Rhodococcus erythropolis	Zierdtviridae	Actinomycetota	Prokaryote	NC_073456	0.0087	0.0064	0.0	82
NC_055758	2283246	2283246-1	64105	Gordonia phage Pleakley	dsDNA	2055	Gordonia terrae	Zierdtviridae	Actinomycetota	Prokaryote	NC_055758	0.0309	0.0089	0.0101	83
NC_055764	2301559	2301559-1	67359	Gordonia phage Skysand	dsDNA	2055	Gordonia terrae	Zierdtviridae	Actinomycetota	Prokaryote	NC_055764	0.0288	0.0154	0.0230	84
NC_055732	2041515	2041515-1	66251	Gordonia phage Patio	dsDNA	2055	Gordonia terrae	Zierdtviridae	Actinomycetota	Prokaryote	NC_055732	0.0354	0.0192	0.0182	85
NC_055806	2588505	2588505-1	67311	Gordonia Phage Lollipop1437	dsDNA	2055	Gordonia terrae	Zierdtviridae	Actinomycetota	Prokaryote	NC_055806	0.0403	0.0158	0.0273	86
NC_055769	2315610	2315610-1	66808	Gordonia phage Turuncu	dsDNA	2055	Gordonia terrae	Zierdtviridae	Actinomycetota	Prokaryote	NC_055769	0.0374	0.0071	0.0012	87
NC_016435	1109710	1109710-1	65766	Gordonia phage GRU1	dsDNA	36822	Gordonia rubripertincta	Zierdtviridae	Actinomycetota	Prokaryote	NC_016435	0.0386	0.0224	0.0246	88
NC_016434	319522	319522-1	65839	Gordonia phage GTE5	dsDNA	2055	Gordonia terrae	Zierdtviridae	Actinomycetota	Prokaryote	NC_016434	0.0187	0.0177	0.0139	89
NC_055738	2079415	2079415-1	67527	Gordonia phage Flapper	dsDNA	2055	Gordonia terrae	Zierdtviridae	Actinomycetota	Prokaryote	NC_055738	0.0199	0.0098	0.0143	90
NC_055770	2315529	2315529-1	68626	Gordonia phage Buggaboo	dsDNA	2055	Gordonia terrae	Zierdtviridae	Actinomycetota	Prokaryote	NC_055770	0.0404	0.0167	0.0129	91
NC_055788	2507863	2507863-1	67662	Gordonia phage NosilaM	dsDNA	2055	Gordonia terrae	Zierdtviridae	Actinomycetota	Prokaryote	NC_055788	0.0267	0.0153	0.0081	92
NC_055731	2041511	2041511-1	65869	Gordonia phage Kabluna	dsDNA	2055	Gordonia terrae	Zierdtviridae	Actinomycetota	Prokaryote	NC_055731	0.0340	0.0127	0.0063	93
NC_055789	2510506	2510506-1	65218	Gordonia phage IDyn	dsDNA	2055	Gordonia terrae	Zierdtviridae	Actinomycetota	Prokaryote	NC_055789	0.0376	0.0250	0.0198	94
NC_055820	2653747	2653747-1	66184	Gordonia phage Sukkupi	dsDNA	2055	Gordonia terrae	Zierdtviridae	Actinomycetota	Prokaryote	NC_055820	0.0492	0.0283	0.0051	95
NC_055821	2652882	2652882-1	64714	Gordonia phage NadineRae	dsDNA	2055	Gordonia terrae	Zierdtviridae	Actinomycetota	Prokaryote	NC_055821	0.0389	0.0247	0.0134	96
NC_055763	2301558	2301558-1	64370	Gordonia phage Marietta	dsDNA	2055	Gordonia terrae	Zierdtviridae	Actinomycetota	Prokaryote	NC_055763	0.0336	0.0263	0.0130	97
NC_079146	3038364	3038364-1	68064	Gordonia phage Commandaria	dsDNA	2055	Gordonia terrae	Zierdtviridae	Actinomycetota	Prokaryote	NC_079146	0.0285	0.0240	0.0122	98
NC_028653	1647475	1647475-1	67617	Gordonia phage GTE8	dsDNA	2055	Gordonia terrae	Zierdtviridae	Actinomycetota	Prokaryote	NC_028653	0.0326	0.0296	0.0036	99
NC_055767	2301603	2301603-1	67802	Gordonia phage KidneyBean	dsDNA	2055	Gordonia terrae	Zierdtviridae	Actinomycetota	Prokaryote	NC_055767	0.0169	0.0	0.0130	100
NC_055766	2301602	2301602-1	67773	Gordonia phage Foxboro	dsDNA	2055	Gordonia terrae	Zierdtviridae	Actinomycetota	Prokaryote	NC_055766	0.0246	0.0025	0.0121	101
NC_055755	2250322	2250322-1	67081	Gordonia phage NatB6	dsDNA	2055	Gordonia terrae	Zierdtviridae	Actinomycetota	Prokaryote	NC_055755	0.0254	0.0038	0.0134	102
NC_055771	2315530	2315530-1	68190	Gordonia phage Emianna	dsDNA	2055	Gordonia terrae	Zierdtviridae	Actinomycetota	Prokaryote	NC_055771	0.0189	0.0101	0.0109	103
NC_047986	2201435	2201435-1	56708	Microbacterium phage Krampus	dsDNA	104336	Microbacterium foliorum	-	Actinomycetota	Prokaryote	NC_047986	0.0066	0.0150	0.0037	104
NC_070760	2790985	2790985-1	63364	Arthrobacter phage Wollypog	dsDNA	1665	Arthrobacter globiformis	-	Actinomycetota	Prokaryote	NC_070760	0.0	0.0	0.0	105
NC_023691	1074308	1074308-1	70506	Mycobacterium phage Patience	dsDNA	246196	Mycolicibacterium smegmatis MC2 155	-	Actinomycetota	Prokaryote	NC_023691	0.0	0.0	0.0	106
NC_048743	2499037	2499037-1	70030	Mycobacterium phage DrLupo	dsDNA	246196	Mycolicibacterium smegmatis MC2 155	-	Actinomycetota	Prokaryote	NC_048743	0.0	0.0	0.0	107
NC_004689	205880	205880-1	70797	Mycobacterium phage Barnyard	dsDNA	1762	-	-	-	Prokaryote	NC_004689	0.0	0.0	0.0	108
NC_011039	543153	543153-1	70110	Mycobacterium phage Predator	dsDNA	1772	Mycolicibacterium smegmatis	-	Actinomycetota	Prokaryote	NC_011039	0.0	0.0	0.0	109
NC_011292	563121	563121-1	68952	Mycobacterium phage Konstantine	dsDNA	246196	Mycolicibacterium smegmatis MC2 155	-	Actinomycetota	Prokaryote	NC_011292	0.0	0.0	0.0	110
NC_023578	1445727	1445727-1	69099	Mycobacterium phage Oaker	dsDNA	246196	Mycolicibacterium smegmatis MC2 155	-	Actinomycetota	Prokaryote	NC_023578	0.0034	0.0	0.0	111
NC_024371	1486469	1486469-1	68386	Mycobacterium phage Damien	dsDNA	246196	Mycolicibacterium smegmatis MC2 155	-	Actinomycetota	Prokaryote	NC_024371	0.0	0.0	0.0	112
NC_042033	1034146	1034146-1	71547	Mycobacterium phage Send513	dsDNA	246196	Mycolicibacterium smegmatis MC2 155	-	Actinomycetota	Prokaryote	NC_042033	0.0025	0.0	0.0	113
NC_022053	1383056	1383056-1	70657	Mycobacterium phage Papyrus	dsDNA	246196	Mycolicibacterium smegmatis MC2 155	-	Actinomycetota	Prokaryote	NC_022053	0.0026	0.0	0.0	114
NC_048824	2656582	2656582-1	71538	Mycobacterium phage Indlulamithi	dsDNA	246196	Mycolicibacterium smegmatis MC2 155	-	Actinomycetota	Prokaryote	NC_048824	0.0	0.0	0.0	115
NC_048734	2419978	2419978-1	69660	Mycobacterium phage Fowlmouth	dsDNA	246196	Mycolicibacterium smegmatis MC2 155	-	Actinomycetota	Prokaryote	NC_048734	0.0	0.0	0.0	116
NC_048696	2079417	2079417-1	68869	Mycobacterium phage Cuke	dsDNA	1772	Mycolicibacterium smegmatis	-	Actinomycetota	Prokaryote	NC_048696	0.0	0.0	0.0	117
NC_031001	1887654	1887654-1	66611	Gordonia phage Terapin	dsDNA	2055	Gordonia terrae	-	Actinomycetota	Prokaryote	NC_031001	0.0	0.0039	0.0037	118
NC_047990	2201430	2201430-1	67118	Gordonia phage Suzy	dsDNA	2055	Gordonia terrae	-	Actinomycetota	Prokaryote	NC_047990	0.0	0.0	0.0	119
NC_048813	2599848	2599848-1	66892	Gordonia phage Ranch	dsDNA	36822	Gordonia rubripertincta	-	Actinomycetota	Prokaryote	NC_048813	0.0021	0.0	0.0	120
NC_048814	2599845	2599845-1	67813	Gordonia phage Lambo	dsDNA	36822	Gordonia rubripertincta	-	Actinomycetota	Prokaryote	NC_048814	0.0	0.0	0.0	121
NC_048815	2599849	2599849-1	67485	Gordonia phage Sadboi	dsDNA	36822	Gordonia rubripertincta	-	Actinomycetota	Prokaryote	NC_048815	0.0	0.0	0.0	122
NC_048826	2656545	2656545-1	68155	Gordonia phage Yikes	dsDNA	36822	Gordonia rubripertincta	-	Actinomycetota	Prokaryote	NC_048826	0.0	0.0	0.0	123
NC_048812	2599843	2599843-1	67785	Gordonia phage Gibbin	dsDNA	36822	Gordonia rubripertincta	-	Actinomycetota	Prokaryote	NC_048812	0.0	0.0	0.0	124
NC_070765	2686235	2686235-1	71419	Mycobacterium phage Onyinye	dsDNA	246196	Mycolicibacterium smegmatis MC2 155	-	Actinomycetota	Prokaryote	NC_070765	0.0	0.0	0.0	125
NC_024209	1458711	1458711-1	67383	Mycobacterium phage Hawkeye	dsDNA	246196	Mycolicibacterium smegmatis MC2 155	-	Actinomycetota	Prokaryote	NC_024209	0.0	0.0	0.0031	126
JN699014	1089130	1089130-1	65108	Mycobacterium phage Nova	dsDNA	246196	Mycolicibacterium smegmatis MC2 155	-	Actinomycetota	Prokaryote	JN699014	0.0	0.0	0.0011	127
JF937107	1034117	1034117-1	64791	Mycobacterium phage SirHarley	dsDNA	246196	Mycolicibacterium smegmatis MC2 155	-	Actinomycetota	Prokaryote	JF937107	0.0	0.0	0.0012	128
NC_011290	561998	561998-1	64807	Mycobacterium phage Gumball	dsDNA	246196	Mycolicibacterium smegmatis MC2 155	-	Actinomycetota	Prokaryote	NC_011290	0.0	0.0	0.0012	129
NC_008200	373411	373411-1	64787	Mycobacterium phage PLot	dsDNA	1762	-	-	-	Prokaryote	NC_008200	0.0	0.0	0.0012	130
NC_011285	561999	561999-1	64618	Mycobacterium phage Troll4	dsDNA	246196	Mycolicibacterium smegmatis MC2 155	-	Actinomycetota	Prokaryote	NC_011285	0.0	0.0038	0.0012	131
FJ168660	561997	561997-1	64562	Mycobacterium phage Butterscotch	dsDNA	246196	Mycolicibacterium smegmatis MC2 155	-	Actinomycetota	Prokaryote	FJ168660	0.0	0.0	0.0012	132
NC_008198	373410	373410-1	64494	Mycobacterium phage PBI1	dsDNA	1762	-	-	-	Prokaryote	NC_008198	0.0	0.0	0.0012	133
EU676000	528321	528321-1	64511	Mycobacterium phage Adjutor	dsDNA	1785	Mycobacterium sp.	-	Actinomycetota	Prokaryote	EU676000	0.0	0.0	0.0012	134
NC_047913	2070185	2070185-1	36636	Faecalibacterium phage FP_Mushu	dsDNA	853	Faecalibacterium prausnitzii	-	Bacillota	Prokaryote	NC_047913	0.0	0.0065	0.0	135
NC_016165	1105286	1105286-1	39283	Rhodobacter phage RcapMu	dsDNA	1061	Rhodobacter capsulatus	-	Pseudomonadota	Prokaryote	NC_016165	0.0104	0.0076	0.0023	136
NC_021557	929834	929834-1	37378	Rhizobium phage RR1-B	dsDNA	358	Agrobacterium tumefaciens	-	Pseudomonadota	Prokaryote	NC_021557	0.0	0.0	0.0	137
NC_031059	1873452	1873452-1	38773	Rhodovulum phage vB_RhkS_P1	dsDNA	1564506	Rhodovulum sp. P5	-	Pseudomonadota	Prokaryote	NC_031059	0.0186	0.0143	0.0169	138
NC_020866	754056	754056-1	40231	Rhodovulum phage RS1	dsDNA	34008	Rhodovulum	-	Pseudomonadota	Prokaryote	NC_020866	0.0080	0.0194	0.0	139
NC_020839	754055	754055-1	39573	Rhodobacter phage RC1	dsDNA	1060	Rhodobacter	-	Pseudomonadota	Prokaryote	NC_020839	0.0080	0.0194	0.0	140
NC_011216	557289	557289-1	37635	Burkholderia phage KS10	dsDNA	95486	Burkholderia cenocepacia	-	Pseudomonadota	Prokaryote	NC_011216	0.0032	0.0075	0.0	141
NC_028766	1572750	1572750-1	33755	Mannheimia phage vB_MhM_3927AP2	dsDNA	75985	Mannheimia haemolytica	-	Pseudomonadota	Prokaryote	NC_028766	0.0	0.0	0.0064	142
NC_019455	483266	483266-1	37151	Haemophilus phage SuMu	dsDNA	738	Glaesserella parasuis	-	Pseudomonadota	Prokaryote	NC_019455	0.0018	0.0053	0.0	143
NC_070931	1897640	1897640-1	41655	Ochrobactrum phage POA1180	dsDNA	529	Brucella anthropi	-	Pseudomonadota	Prokaryote	NC_070931	0.0061	0.0100	0.0	144
NC_070820	1357710	1357710-1	35330	Pseudoalteromonas phage HS6	dsDNA	53246	Pseudoalteromonas	-	Pseudomonadota	Prokaryote	NC_070820	0.0	0.0147	0.0036	145
NC_021070	573175	573175-1	33277	Vibrio phage martha 12B12	dsDNA	29497	Vibrio splendidus	-	Pseudomonadota	Prokaryote	NC_021070	0.0	0.0126	0.0	146
NC_027382	1567022	1567022-1	37146	Shigella phage SfMu	dsDNA	623	Shigella flexneri	-	Pseudomonadota	Prokaryote	NC_027382	0.0	0.0107	0.0	147
NC_000929	2681603	2681603-1	36717	Escherichia phage Mu	dsDNA	543	Enterobacteriaceae	-	Pseudomonadota	Prokaryote	NC_000929	0.0	0.0111	0.0	148
NC_013594	665033	665033-1	37235	Escherichia phage D108	dsDNA	562	Escherichia coli	-	Pseudomonadota	Prokaryote	NC_013594	0.0	0.0107	0.0	149
Eremotheras	-	-	39631	user_virus2	-	-	-	-	-	-	Eremotheras	0.0517	1.0000	0.0265	150
NC_009237	2883942	2883942-1	37446	Burkholderia phage phiE255	dsDNA	57975	Burkholderia thailandensis	-	Pseudomonadota	Prokaryote	NC_009237	0.0032	0.0765	0.0	151
NC_005882	2881392	2881392-1	36748	Burkholderia phage BcepMu	dsDNA	216591	Burkholderia cenocepacia J2315	-	Pseudomonadota	Prokaryote	NC_005882	0.0078	0.0736	0.0	152
NC_042082	2044561	2044561-1	96542	Stenotrophomonas phage vB_SmaS_DLP_5	dsDNA	40324	Stenotrophomonas maltophilia	-	Pseudomonadota	Prokaryote	NC_042082	0.0012	0.0089	0.0	153
NC_041877	1772332	1772332-1	93191	Pseudomonas phage SM1	dsDNA	287	Pseudomonas aeruginosa	-	Pseudomonadota	Prokaryote	NC_041877	0.0038	0.0	0.0	154
NC_029107	1483485	1483485-1	41941	Ralstonia phage RS138	dsDNA	305	Ralstonia solanacearum	-	Pseudomonadota	Prokaryote	NC_029107	0.0158	0.0229	0.0170	155
NC_006548	151599	151599-1	38439	Pseudomonas phage B3	dsDNA	208964	Pseudomonas aeruginosa PAO1	-	Pseudomonadota	Prokaryote	NC_006548	0.0	0.0577	0.0	156
NC_028667	1743016	1743016-1	39593	Pseudomonas phage vB_PaeS_PM105	dsDNA	287	Pseudomonas aeruginosa	-	Pseudomonadota	Prokaryote	NC_028667	0.0013	0.0568	0.0	157
NC_074748	2301640	2301640-1	39676	Pseudomonas phage Ps60	dsDNA	287	Pseudomonas aeruginosa	-	Pseudomonadota	Prokaryote	NC_074748	0.0023	0.0516	0.0	158
NC_074750	2563592	2563592-1	39705	Pseudomonas phage vB_Pae_CF78a	dsDNA	287	Pseudomonas aeruginosa	-	Pseudomonadota	Prokaryote	NC_074750	0.0023	0.0565	0.0	159
NC_042135	1225793	1225793-1	38232	Pseudomonas phage JBD67	dsDNA	286	Pseudomonas	-	Pseudomonadota	Prokaryote	NC_042135	0.0024	0.0560	0.0	160
NC_074749	2660689	2660689-1	39701	Pseudomonas phage vB_Pae-SS2019XII	dsDNA	287	Pseudomonas aeruginosa	-	Pseudomonadota	Prokaryote	NC_074749	0.0012	0.0524	0.0	161
NC_027986	1225791	1225791-1	39014	Pseudomonas phage JD18	dsDNA	652611	Pseudomonas aeruginosa PA14	-	Pseudomonadota	Prokaryote	NC_027986	0.0	0.0520	0.0046	162
NC_074743	2301639	2301639-1	39020	Pseudomonas phage Ps59	dsDNA	287	Pseudomonas aeruginosa	-	Pseudomonadota	Prokaryote	NC_074743	0.0043	0.0467	0.0	163
NC_074742	2301635	2301635-1	38255	Pseudomonas phage Fc22	dsDNA	287	Pseudomonas aeruginosa	-	Pseudomonadota	Prokaryote	NC_074742	0.0	0.0474	0.0	164
NC_027992	1225792	1225792-1	39552	Pseudomonas phage JBD25	dsDNA	286	Pseudomonas	-	Pseudomonadota	Prokaryote	NC_027992	0.0	0.0487	0.0	165
NC_074746	2301636	2301636-1	38223	Pseudomonas phage H71	dsDNA	287	Pseudomonas aeruginosa	-	Pseudomonadota	Prokaryote	NC_074746	0.0043	0.0466	0.0	166
NC_074745	2301637	2301637-1	38579	Pseudomonas phage H72	dsDNA	287	Pseudomonas aeruginosa	-	Pseudomonadota	Prokaryote	NC_074745	0.0	0.0455	0.0	167
NC_074747	2580353	2580353-1	41303	Pseudomonas phage UMP151	dsDNA	287	Pseudomonas aeruginosa	-	Pseudomonadota	Prokaryote	NC_074747	0.0	0.0479	0.0	168
NC_074744	2301634	2301634-1	38122	Pseudomonas phage Fc02	dsDNA	287	Pseudomonas aeruginosa	-	Pseudomonadota	Prokaryote	NC_074744	0.0047	0.0492	0.0058	169
NC_011611	2914009	2914009-1	36885	Pseudomonas phage MP38	dsDNA	652611	Pseudomonas aeruginosa PA14	-	Pseudomonadota	Prokaryote	NC_011611	0.0022	0.0114	0.0094	170
NC_061439	1926503	1926503-1	37033	Pseudomonas phage vB_PaeS_PcyII-40_PfII40a	dsDNA	286	Pseudomonas	-	Pseudomonadota	Prokaryote	NC_061439	0.0033	0.0054	0.0041	171
NC_030918	1777054	1777054-1	36629	Pseudomonas phage JBD93	dsDNA	652611	Pseudomonas aeruginosa PA14	-	Pseudomonadota	Prokaryote	NC_030918	0.0022	0.0067	0.0038	172
NC_041851	2923005	2923005-1	37374	Pseudomonas phage F_HA0480sp/Pa1651	dsDNA	286	Pseudomonas	-	Pseudomonadota	Prokaryote	NC_041851	0.0043	0.0067	0.0040	173
NC_009818	2913978	2913978-1	36409	Pseudomonas phage MP22	dsDNA	208963	Pseudomonas aeruginosa UCBPP-PA14	-	Pseudomonadota	Prokaryote	NC_009818	0.0032	0.0081	0.0051	174
NC_020200	1223262	1223262-1	36429	Pseudomonas phage JBD88a	dsDNA	652611	Pseudomonas aeruginosa PA14	-	Pseudomonadota	Prokaryote	NC_020200	0.0045	0.0081	0.0051	175
NC_008717	2913973	2913973-1	36415	Pseudomonas phage DMS3	dsDNA	287	Pseudomonas aeruginosa	-	Pseudomonadota	Prokaryote	NC_008717	0.0091	0.0077	0.0036	176
NC_026601	1548918	1548918-1	37238	Pseudomonas phage vB_PaeS_PAO1_Ab30	dsDNA	287	Pseudomonas aeruginosa	-	Pseudomonadota	Prokaryote	NC_026601	0.0110	0.0089	0.0025	177
NC_020203	1223259	1223259-1	37095	Pseudomonas phage JBD24	dsDNA	652611	Pseudomonas aeruginosa PA14	-	Pseudomonadota	Prokaryote	NC_020203	0.0106	0.0088	0.0013	178
NC_030908	1777053	1777053-1	36938	Pseudomonas phage JBD69	dsDNA	652611	Pseudomonas aeruginosa PA14	-	Pseudomonadota	Prokaryote	NC_030908	0.0045	0.0080	0.0	179
NC_018274	1161903	1161903-1	36847	Pseudomonas phage MP42	dsDNA	652611	Pseudomonas aeruginosa PA14	-	Pseudomonadota	Prokaryote	NC_018274	0.0	0.0092	0.0	180
NC_020198	1223260	1223260-1	36947	Pseudomonas phage JBD30	dsDNA	652611	Pseudomonas aeruginosa PA14	-	Pseudomonadota	Prokaryote	NC_020198	0.0054	0.0092	0.0	181
NC_061436	2801525	2801525-1	37578	Pseudomonas phage AIIMS-Pa-B1	dsDNA	287	Pseudomonas aeruginosa	-	Pseudomonadota	Prokaryote	NC_061436	0.0055	0.0129	0.0026	182
NC_061437	1928621	1928621-1	37496	Pseudomonas phage vB_PaeS_PAO1_HW12	dsDNA	286	Pseudomonas	-	Pseudomonadota	Prokaryote	NC_061437	0.0066	0.0087	0.0027	183
NC_061438	1542103	1542103-1	37414	Pseudomonas phage F_ET309sp/Pa1651	dsDNA	286	Pseudomonas	-	Pseudomonadota	Prokaryote	NC_061438	0.0033	0.0076	0.0025	184
JQ067085	1175655	1175655-1	36570	Pseudomonas phage PaMx73	dsDNA	287	Pseudomonas aeruginosa	-	Pseudomonadota	Prokaryote	JQ067085	0.0094	0.0123	0.0	185
NC_061433	2486665	2486665-1	37729	Pseudomonas phage Spike	dsDNA	287	Pseudomonas aeruginosa	-	Pseudomonadota	Prokaryote	NC_061433	0.0122	0.0091	0.0012	186
NC_027298	2994047	2994047-1	36814	Pseudomonas phage LPB1	dsDNA	286	Pseudomonas	-	Pseudomonadota	Prokaryote	NC_027298	0.0033	0.0128	0.0	187
NC_027384	1536596	1536596-1	37359	Pseudomonas phage H70	dsDNA	287	Pseudomonas aeruginosa	-	Pseudomonadota	Prokaryote	NC_027384	0.0046	0.0077	0.0024	188
NC_061435	1093672	1093672-1	37840	Pseudomonas phage JBD26	dsDNA	1236	-	-	-	Prokaryote	NC_061435	0.0078	0.0117	0.0	189
NC_005178	2907964	2907964-1	37611	Pseudomonas phage D3112	dsDNA	287	Pseudomonas aeruginosa	-	Pseudomonadota	Prokaryote	NC_005178	0.0044	0.0104	0.0	190
NC_061434	2283027	2283027-1	37011	Pseudomonas phage YMC12/01/R960	dsDNA	287	Pseudomonas aeruginosa	-	Pseudomonadota	Prokaryote	NC_061434	0.0093	0.0091	0.0	191
NC_024330	1481224	1481224-1	37380	Pseudomonas phage JD024	dsDNA	287	Pseudomonas aeruginosa	-	Pseudomonadota	Prokaryote	NC_024330	0.0	0.0115	0.0	192
NC_020202	1223261	1223261-1	37740	Pseudomonas phage JBD5	dsDNA	652611	Pseudomonas aeruginosa PA14	-	Pseudomonadota	Prokaryote	NC_020202	0.0032	0.0091	0.0	193
NC_024782	1391190	1391190-1	36838	Pseudomonas phage MP48	dsDNA	652611	Pseudomonas aeruginosa PA14	-	Pseudomonadota	Prokaryote	NC_024782	0.0031	0.0092	0.0037	194
NC_011613	2914008	2914008-1	36632	Pseudomonas phage MP29	dsDNA	652611	Pseudomonas aeruginosa PA14	-	Pseudomonadota	Prokaryote	NC_011613	0.0060	0.0092	0.0	195
NC_061432	2283028	2283028-1	46148	Pseudomonas phage YMC12/01/R24	dsDNA	287	Pseudomonas aeruginosa	-	Pseudomonadota	Prokaryote	NC_061432	0.0119	0.0194	0.0035	196
NC_023700	2920888	2920888-1	34553	Pseudomonas phage PA1/KOR/2010	dsDNA	287	Pseudomonas aeruginosa	-	Pseudomonadota	Prokaryote	NC_023700	0.0065	0.0091	0.0	197
NC_048028	2250397	2250397-1	68389	Gordonia phage Ronaldo	dsDNA	2055	Gordonia terrae	-	Actinomycetota	Prokaryote	NC_048028	0.0022	0.0	0.0	198
NC_048027	2250392	2250392-1	67234	Gordonia phage Fryberger	dsDNA	2055	Gordonia terrae	-	Actinomycetota	Prokaryote	NC_048027	0.0022	0.0	0.0	199
NC_073468	2885983	2885983-1	186095	Microbacterium phage Pumpernickel	dsDNA	199592	Microbacterium paraoxydans	-	Actinomycetota	Prokaryote	NC_073468	0.0	0.0	0.0	200
NC_070764	2593335	2593335-1	121350	Gordonia phage Phendrix	dsDNA	2055	Gordonia terrae	-	Actinomycetota	Prokaryote	NC_070764	0.0	0.0	0.0	201
NC_048176	2562192	2562192-1	122563	Gordonia phage GodonK	dsDNA	2055	Gordonia terrae	-	Actinomycetota	Prokaryote	NC_048176	0.0	0.0	0.0	202
NC_070761	1647283	1647283-1	103424	Gordonia phage GMA2	dsDNA	410332	Gordonia malaquae	-	Actinomycetota	Prokaryote	NC_070761	0.0	0.0	0.0	203
NC_070762	2653271	2653271-1	115454	Gordonia phage Sixama	dsDNA	2055	Gordonia terrae	-	Actinomycetota	Prokaryote	NC_070762	0.0	0.0	0.0	204
NC_070763	2571247	2571247-1	114174	Gordonia phage Forza	dsDNA	2055	Gordonia terrae	-	Actinomycetota	Prokaryote	NC_070763	0.0	0.0	0.0	205
NC_048021	2283286	2283286-1	90490	Gordonia phage Daredevil	dsDNA	2055	Gordonia terrae	-	Actinomycetota	Prokaryote	NC_048021	0.0358	0.0263	0.0225	206
NC_070948	2590895	2590895-1	90669	Gordonia phage Mollymur	dsDNA	2055	Gordonia terrae	-	Actinomycetota	Prokaryote	NC_070948	0.0381	0.0272	0.0123	207
NC_031074	1887641	1887641-1	92580	Gordonia phage Bantam	dsDNA	2055	Gordonia terrae	-	Actinomycetota	Prokaryote	NC_031074	0.0155	0.0189	0.0106	208
NC_031230	1821566	1821566-1	98136	Gordonia phage Yvonnetastic	dsDNA	2055	Gordonia terrae	-	Actinomycetota	Prokaryote	NC_031230	0.0014	0.0	0.0069	209
NC_030917	1838074	1838074-1	93577	Gordonia phage OneUp	dsDNA	2055	Gordonia terrae	-	Actinomycetota	Prokaryote	NC_030917	0.0050	0.0050	0.0	210
NC_048169	2530116	2530116-1	91510	Gordonia phage BrutonGaster	dsDNA	2055	Gordonia terrae	-	Actinomycetota	Prokaryote	NC_048169	0.0099	0.0024	0.0024	211
NC_030696	1838078	1838078-1	93139	Gordonia phage Smoothie	dsDNA	2055	Gordonia terrae	-	Actinomycetota	Prokaryote	NC_030696	0.0034	0.0101	0.0094	212
NC_030936	1838061	1838061-1	93843	Gordonia phage Bachita	dsDNA	2055	Gordonia terrae	-	Actinomycetota	Prokaryote	NC_030936	0.0033	0.0029	0.0107	213
NC_031029	1887645	1887645-1	93686	Gordonia phage Cucurbita	dsDNA	2055	Gordonia terrae	-	Actinomycetota	Prokaryote	NC_031029	0.0033	0.0053	0.0107	214
NC_030901	1838065	1838065-1	92618	Gordonia phage ClubL	dsDNA	2055	Gordonia terrae	-	Actinomycetota	Prokaryote	NC_030901	0.0046	0.0	0.0114	215
NC_024138	1471542	1471542-1	65243	Mycobacterium phage MosMoris	dsDNA	246196	Mycolicibacterium smegmatis MC2 155	-	Actinomycetota	Prokaryote	NC_024138	0.0118	0.0125	0.0170	216
NC_042032	1034139	1034139-1	65100	Mycobacterium phage Marvin	dsDNA	246196	Mycolicibacterium smegmatis MC2 155	-	Actinomycetota	Prokaryote	NC_042032	0.0096	0.0124	0.0118	217
NC_053512	2041344	2041344-1	70373	Mycobacterium phage Kumao	dsDNA	246196	Mycolicibacterium smegmatis MC2 155	Vilmaviridae	Actinomycetota	Prokaryote	NC_053512	0.0091	0.0	0.0076	218
NC_008206	373415	373415-1	78296	Mycobacterium phage Wildcat	dsDNA	85007	Mycobacteriales	Vilmaviridae	Actinomycetota	Prokaryote	NC_008206	0.0039	0.0036	0.0024	219
KP027195	1567467	1567467-1	78229	Mycobacterium phage Cosmo	dsDNA	246196	Mycolicibacterium smegmatis MC2 155	Vilmaviridae	Actinomycetota	Prokaryote	KP027195	0.0038	0.0036	0.0029	220
NC_053516	2762283	2762283-1	82356	Mycobacterium phage Reindeer	dsDNA	246196	Mycolicibacterium smegmatis MC2 155	Vilmaviridae	Actinomycetota	Prokaryote	NC_053516	0.0116	0.0	0.0	221
NC_021299	1325953	1325953-1	80955	Mycobacterium phage PegLeg	dsDNA	246196	Mycolicibacterium smegmatis MC2 155	Vilmaviridae	Actinomycetota	Prokaryote	NC_021299	0.0046	0.0028	0.0	222
NC_041970	1088864	1088864-1	80228	Mycobacterium phage Bongo	dsDNA	246196	Mycolicibacterium smegmatis MC2 155	Vilmaviridae	Actinomycetota	Prokaryote	NC_041970	0.0046	0.0028	0.0040	223
NC_041971	1034115	1034115-1	83724	Mycobacterium phage Rey	dsDNA	246196	Mycolicibacterium smegmatis MC2 155	Vilmaviridae	Actinomycetota	Prokaryote	NC_041971	0.0061	0.0038	0.0	224
NC_053513	2762281	2762281-1	83412	Mycobacterium phage Aziz	dsDNA	246196	Mycolicibacterium smegmatis MC2 155	Vilmaviridae	Actinomycetota	Prokaryote	NC_053513	0.0096	0.0	0.0026	225
NC_053515	1927020	1927020-1	84303	Mycobacterium phage MrMagoo	dsDNA	246196	Mycolicibacterium smegmatis MC2 155	Vilmaviridae	Actinomycetota	Prokaryote	NC_053515	0.0071	0.0	0.0	226
NC_053514	2759459	2759459-1	83601	Mycobacterium phage Estes	dsDNA	246196	Mycolicibacterium smegmatis MC2 155	Vilmaviridae	Actinomycetota	Prokaryote	NC_053514	0.0071	0.0	0.0	227
NC_060133	2762280	2762280-1	76821	Gordonia phage Rabbitrun	dsDNA	2055	Gordonia terrae	-	Actinomycetota	Prokaryote	NC_060133	0.0	0.0	0.0	228
NC_060132	2591121	2591121-1	75943	Gordonia phage Trax	dsDNA	2055	Gordonia terrae	-	Actinomycetota	Prokaryote	NC_060132	0.0	0.0	0.0	229
NC_060131	2301693	2301693-1	75813	Gordonia phage Neville	dsDNA	2055	Gordonia terrae	-	Actinomycetota	Prokaryote	NC_060131	0.0035	0.0	0.0	230
NC_060134	2483673	2483673-1	76358	Gordonia phage Octobien14	dsDNA	2055	Gordonia terrae	-	Actinomycetota	Prokaryote	NC_060134	0.0	0.0	0.0	231
NC_060137	2653718	2653718-1	75606	Gordonia phage Syleon	dsDNA	2055	Gordonia terrae	-	Actinomycetota	Prokaryote	NC_060137	0.0	0.0	0.0	232
NC_060135	2767553	2767553-1	76058	Gordonia Phage Sephiroth	dsDNA	2055	Gordonia terrae	-	Actinomycetota	Prokaryote	NC_060135	0.0011	0.0	0.0	233
NC_060136	2885975	2885975-1	76731	Gordonia phage Kudefre	dsDNA	2055	Gordonia terrae	-	Actinomycetota	Prokaryote	NC_060136	0.0	0.0	0.0	234
NC_028778	1698714	1698714-1	75626	Mycobacterium phage Snenia	dsDNA	246196	Mycolicibacterium smegmatis MC2 155	Vilmaviridae	Actinomycetota	Prokaryote	NC_028778	0.0054	0.0	0.0	235
NC_053504	1701852	1701852-1	75586	Mycobacterium phage Lumos	dsDNA	246196	Mycolicibacterium smegmatis MC2 155	Vilmaviridae	Actinomycetota	Prokaryote	NC_053504	0.0054	0.0	0.0	236
NC_028843	1698711	1698711-1	75816	Mycobacterium phage Lolly9	dsDNA	246196	Mycolicibacterium smegmatis MC2 155	Vilmaviridae	Actinomycetota	Prokaryote	NC_028843	0.0050	0.0	0.0	237
NC_022052	1340826	1340826-1	76050	Mycobacterium phage Whirlwind	dsDNA	1762	-	Vilmaviridae	-	Prokaryote	NC_022052	0.0050	0.0	0.0	238
NC_053505	2015885	2015885-1	76075	Mycobacterium phage Krypton555	dsDNA	246196	Mycolicibacterium smegmatis MC2 155	Vilmaviridae	Actinomycetota	Prokaryote	NC_053505	0.0051	0.0	0.0	239
NC_055790	2517969	2517969-1	73210	Mycobacterium phage Silverleaf	dsDNA	246196	Mycolicibacterium smegmatis MC2 155	Vilmaviridae	Actinomycetota	Prokaryote	NC_055790	0.0047	0.0	0.0	240
NC_055827	2664225	2664225-1	68021	Mycobacterium phage DirkDirk	dsDNA	1772	Mycolicibacterium smegmatis	Vilmaviridae	Actinomycetota	Prokaryote	NC_055827	0.0058	0.0	0.0	241
NC_055918	2801895	2801895-1	72623	Mycobacterium phage OhShagHennessy	dsDNA	246196	Mycolicibacterium smegmatis MC2 155	Vilmaviridae	Actinomycetota	Prokaryote	NC_055918	0.0058	0.0	0.0	242
NC_042313	2920882	2920882-1	74914	Mycobacterium phage JoeDirt	dsDNA	246196	Mycolicibacterium smegmatis MC2 155	Vilmaviridae	Actinomycetota	Prokaryote	NC_042313	0.0058	0.0	0.0	243
NC_055786	2500799	2500799-1	71059	Mycobacterium phage CicholasNage	dsDNA	246196	Mycolicibacterium smegmatis MC2 155	Vilmaviridae	Actinomycetota	Prokaryote	NC_055786	0.0036	0.0	0.0	244
NC_014461	2919553	2919553-1	73453	Mycobacterium phage LeBron	dsDNA	246196	Mycolicibacterium smegmatis MC2 155	Vilmaviridae	Actinomycetota	Prokaryote	NC_014461	0.0068	0.0	0.0	245
JN600672	1131256	1131256-1	74155	Mycobacterium phage Fezzik	dsDNA	246196	Mycolicibacterium smegmatis MC2 155	Vilmaviridae	Actinomycetota	Prokaryote	JN600672	0.0036	0.0	0.0	246
NC_053511	2599860	2599860-1	77566	Mycobacterium phage DyoEdafos	dsDNA	246196	Mycolicibacterium smegmatis MC2 155	Vilmaviridae	Actinomycetota	Prokaryote	NC_053511	0.0063	0.0	0.0	247
NC_053510	2283252	2283252-1	70183	Mycobacterium phage Bromden	dsDNA	246196	Mycolicibacterium smegmatis MC2 155	Vilmaviridae	Actinomycetota	Prokaryote	NC_053510	0.0063	0.0012	0.0	248
NC_028878	1718599	1718599-1	76271	Mycobacterium phage Archie	dsDNA	246196	Mycolicibacterium smegmatis MC2 155	Vilmaviridae	Actinomycetota	Prokaryote	NC_028878	0.0065	0.0030	0.0	249
NC_053509	2599882	2599882-1	77876	Mycobacterium phage Tourach	dsDNA	246196	Mycolicibacterium smegmatis MC2 155	Vilmaviridae	Actinomycetota	Prokaryote	NC_053509	0.0059	0.0	0.0	250
NC_053506	2769359	2769359-1	77086	Mycobacterium phage CELFI	dsDNA	246196	Mycolicibacterium smegmatis MC2 155	Vilmaviridae	Actinomycetota	Prokaryote	NC_053506	0.0051	0.0	0.0	251
NC_053508	2015819	2015819-1	76315	Mycobacterium phage GuuelaD	dsDNA	246196	Mycolicibacterium smegmatis MC2 155	Vilmaviridae	Actinomycetota	Prokaryote	NC_053508	0.0034	0.0	0.0	252
NC_023732	2922997	2922997-1	69279	Mycobacterium phage Rumpelstiltskin	dsDNA	246196	Mycolicibacterium smegmatis MC2 155	Vilmaviridae	Actinomycetota	Prokaryote	NC_023732	0.0034	0.0	0.0	253
NC_053507	2015844	2015844-1	77031	Mycobacterium phage Finemlucis	dsDNA	246196	Mycolicibacterium smegmatis MC2 155	Vilmaviridae	Actinomycetota	Prokaryote	NC_053507	0.0034	0.0	0.0	254
NC_031124	1873696	1873696-1	76012	Mycobacterium phage Gardann	dsDNA	1772	Mycolicibacterium smegmatis	Vilmaviridae	Actinomycetota	Prokaryote	NC_031124	0.0034	0.0	0.0	255
NC_022071	1340836	1340836-1	76129	Mycobacterium phage Crossroads	dsDNA	246196	Mycolicibacterium smegmatis MC2 155	Vilmaviridae	Actinomycetota	Prokaryote	NC_022071	0.0034	0.0	0.0	256
NC_015584	2920893	2920893-1	75960	Mycobacterium phage Faith1	dsDNA	246196	Mycolicibacterium smegmatis MC2 155	Vilmaviridae	Actinomycetota	Prokaryote	NC_015584	0.0034	0.0	0.0	257
KC661276	1327778	1327778-1	76653	Mycobacterium phage Winky	dsDNA	246196	Mycolicibacterium smegmatis MC2 155	Vilmaviridae	Actinomycetota	Prokaryote	KC661276	0.0034	0.0	0.0	258
KC691254	1327763	1327763-1	76652	Mycobacterium phage Breezona	dsDNA	246196	Mycolicibacterium smegmatis MC2 155	Vilmaviridae	Actinomycetota	Prokaryote	KC691254	0.0034	0.0	0.0	259
NC_020489	1131316	1131316-1	40489	Rhodobacter phage RcapNL	dsDNA	1061	Rhodobacter capsulatus	-	Pseudomonadota	Prokaryote	NC_020489	0.0044	0.0134	0.0253	260
NC_027334	1503929	1503929-1	47800	Aurantimonas phage AmM-1	dsDNA	1503040	Aurantimonas sp. C5-1	-	Pseudomonadota	Prokaryote	NC_027334	0.0261	0.0248	0.0138	261
NC_025427	1498228	1498228-1	54506	Rhizobium phage vB_RleM_PPF1	dsDNA	384	Rhizobium leguminosarum	-	Pseudomonadota	Prokaryote	NC_025427	0.0	0.0146	0.0214	262
NC_021560	929833	929833-1	53102	Rhizobium phage RR1-A	dsDNA	358	Agrobacterium tumefaciens	-	Pseudomonadota	Prokaryote	NC_021560	0.0391	0.0149	0.0139	263
NC_010355	467481	467481-1	62337	Azospirillum phage Cd	dsDNA	192	Azospirillum brasilense	-	Pseudomonadota	Prokaryote	NC_010355	0.0105	0.0013	0.0069	264
NC_041868	1647282	1647282-1	38261	Paracoccus phage Shpa	dsDNA	288426	Paracoccus marinus	-	Pseudomonadota	Prokaryote	NC_041868	0.0083	0.0056	0.0161	265
NC_047861	2029657	2029657-1	94005	Bordetella phage vB_BbrM_PHB04	dsDNA	518	Bordetella bronchiseptica	-	Pseudomonadota	Prokaryote	NC_047861	0.0428	0.0352	0.0235	266
Ammolykos	-	-	42249	user_virus3	-	-	-	-	-	-	Ammolykos	0.0083	0.0265	1.0000	267
NC_047756	1675600	1675600-1	80297	Caulobacter phage Sansa	dsDNA	155892	Caulobacter vibrioides	-	Pseudomonadota	Prokaryote	NC_047756	0.0445	0.0125	0.0244	268
NC_073672	2860997	2860997-1	63654	Pseudomonas phage PA8	dsDNA	208964	Pseudomonas aeruginosa PAO1	-	Pseudomonadota	Prokaryote	NC_073672	0.0790	0.0111	0.0097	269
NC_042342	2928683	2928683-1	65270	Pseudomonas phage H66	dsDNA	208964	Pseudomonas aeruginosa PAO1	-	Pseudomonadota	Prokaryote	NC_042342	0.0366	0.0082	0.0345	270
NC_073675	1327940	1327940-1	64746	Pseudomonas phage LKA5	dsDNA	208964	Pseudomonas aeruginosa PAO1	-	Pseudomonadota	Prokaryote	NC_073675	0.0483	0.0077	0.0090	271
NC_073676	2719194	2719194-1	64021	Pseudomonas phage Epa33	dsDNA	306	Pseudomonas sp.	-	Pseudomonadota	Prokaryote	NC_073676	0.0160	0.0	0.0283	272
NC_073673	2034343	2034343-1	62874	Pseudomonas phage vB_PaeP_E220	dsDNA	286	Pseudomonas	-	Pseudomonadota	Prokaryote	NC_073673	0.0166	0.0180	0.0463	273
NC_073674	1921524	1921524-1	64149	Pseudomonas phage phiC725A	dsDNA	286	Pseudomonas	-	Pseudomonadota	Prokaryote	NC_073674	0.0122	0.0135	0.0254	274
NC_006552	2679904	2679904-1	65195	Pseudomonas phage F116	dsDNA	287	Pseudomonas aeruginosa	-	Pseudomonadota	Prokaryote	NC_006552	0.0195	0.0027	0.0216	275
NC_016989	1154689	1154689-1	30578	Haloarcula hispanica icosahedral virus 2	dsDNA	51589	Haloarcula hispanica	Sphaerolipoviridae	Euryarchaeota	Prokaryote	NC_016989	0.0265	0.0239	0.0065	276
NC_030848	1735722	1735722-1	31314	Haloarcula californiae icosahedral virus 1	dsDNA	244363	Haloarcula californiae	Sphaerolipoviridae	Euryarchaeota	Prokaryote	NC_030848	0.0482	0.0168	0.0254	277
NC_007217	326574	326574-1	30889	Haloarcula hispanica virus SH1	dsDNA	51589	Haloarcula hispanica	Sphaerolipoviridae	Euryarchaeota	Prokaryote	NC_007217	0.0373	0.0258	0.0288	278
NC_020998	1282967	1282967-1	28072	Haloarcula hispanica virus PH1	dsDNA	634497	Haloarcula hispanica ATCC 33960	Sphaerolipoviridae	Euryarchaeota	Prokaryote	NC_020998	0.0182	0.0252	0.0110	279
NC_028692	1698361	1698361-1	15524	Arthrobacter phage Decurro	dsDNA	1771959	Arthrobacter sp. ATCC 21022	-	Actinomycetota	Prokaryote	NC_028692	0.0025	0.0	0.0	280
NC_070767	2419947	2419947-1	14927	Arthrobacter phage Atraxa	dsDNA	43666	Paeniglutamicibacter sulfureus	-	Actinomycetota	Prokaryote	NC_070767	0.0	0.0	0.0	281
NC_070766	2419945	2419945-1	15840	Arthrobacter phage Adaia	dsDNA	43666	Paeniglutamicibacter sulfureus	-	Actinomycetota	Prokaryote	NC_070766	0.0	0.0	0.0	282
NC_016651	1109717	1109717-1	14270	Rhodococcus phage RRH1	dsDNA	1829	Rhodococcus rhodochrous	-	Actinomycetota	Prokaryote	NC_016651	0.0123	0.0076	0.0	283
NC_070997	3070616	3070616-1	16658	Gordonia phage EricDab	dsDNA	36822	Gordonia rubripertincta	-	Actinomycetota	Prokaryote	NC_070997	0.0134	0.0137	0.0104	284
NC_070996	2079570	2079570-1	15896	Gordonia phage SallySpecial	dsDNA	2055	Gordonia terrae	-	Actinomycetota	Prokaryote	NC_070996	0.0228	0.0217	0.0153	285
NC_070995	2201427	2201427-1	16604	Gordonia phage Emperor	dsDNA	2055	Gordonia terrae	-	Actinomycetota	Prokaryote	NC_070995	0.0403	0.0152	0.0233	286
NC_030912	1838072	1838072-1	17119	Gordonia phage McGonagall	dsDNA	945692	Gordonia neofelifaecis	-	Actinomycetota	Prokaryote	NC_030912	0.0154	0.0027	0.0	287
NC_070994	2571246	2571246-1	16223	Gordonia phage Coeur	dsDNA	2055	Gordonia terrae	-	Actinomycetota	Prokaryote	NC_070994	0.0091	0.0146	0.0137	288
NC_030935	1647473	1647473-1	17727	Gordonia phage GRU3	dsDNA	36822	Gordonia rubripertincta	-	Actinomycetota	Prokaryote	NC_030935	0.0050	0.0060	0.0	289
NC_030907	1647472	1647472-1	17562	Gordonia phage GMA5	dsDNA	410332	Gordonia malaquae	-	Actinomycetota	Prokaryote	NC_030907	0.0069	0.0067	0.0058	290
NC_073466	2985324	2985324-1	33432	Microbacterium phage OscarSo	dsDNA	661398	Microbacterium radiodurans	-	Actinomycetota	Prokaryote	NC_073466	0.0271	0.0376	0.0118	291
NC_052940	2126925	2126925-1	17451	Microbacterium phage BonaeVitae	dsDNA	199592	Microbacterium paraoxydans	Orlajensenviridae	Actinomycetota	Prokaryote	NC_052940	0.0169	0.0075	0.0023	292
NC_052941	2315704	2315704-1	17491	Microbacterium phage Efeko	dsDNA	199592	Microbacterium paraoxydans	Orlajensenviridae	Actinomycetota	Prokaryote	NC_052941	0.0174	0.0142	0.0037	293
NC_052935	2653750	2653750-1	17426	Microbacterium phage Kaijohn	dsDNA	104336	Microbacterium foliorum	Orlajensenviridae	Actinomycetota	Prokaryote	NC_052935	0.0176	0.0214	0.0033	294
NC_052939	2250352	2250352-1	17450	Microbacterium phage Quaker	dsDNA	104336	Microbacterium foliorum	Orlajensenviridae	Actinomycetota	Prokaryote	NC_052939	0.0123	0.0086	0.0044	295
NC_052934	2743990	2743990-1	17442	Microbacterium phage Bri160	dsDNA	104336	Microbacterium foliorum	Orlajensenviridae	Actinomycetota	Prokaryote	NC_052934	0.0128	0.0062	0.0022	296
NC_052933	2656547	2656547-1	17385	Microbacterium phage Azizam	dsDNA	104336	Microbacterium foliorum	Orlajensenviridae	Actinomycetota	Prokaryote	NC_052933	0.0115	0.0112	0.0011	297
NC_052937	2250371	2250371-1	17349	Microbacterium phage Noelani	dsDNA	104336	Microbacterium foliorum	Orlajensenviridae	Actinomycetota	Prokaryote	NC_052937	0.0222	0.0096	0.0056	298
NC_054431	2283249	2283249-1	17452	Microbacterium phage Scamander	dsDNA	104336	Microbacterium foliorum	Orlajensenviridae	Actinomycetota	Prokaryote	NC_054431	0.0185	0.0201	0.0077	299
NC_052932	2126933	2126933-1	17362	Microbacterium phage PaoPu	dsDNA	104336	Microbacterium foliorum	Orlajensenviridae	Actinomycetota	Prokaryote	NC_052932	0.0152	0.0129	0.0046	300
NC_052938	2743924	2743924-1	17510	Microbacterium phage PoRanda	dsDNA	104336	Microbacterium foliorum	Orlajensenviridae	Actinomycetota	Prokaryote	NC_052938	0.0267	0.0110	0.0067	301
NC_052936	2725614	2725614-1	17049	Microbacterium phage Nobel	dsDNA	104336	Microbacterium foliorum	Orlajensenviridae	Actinomycetota	Prokaryote	NC_052936	0.0168	0.0132	0.0022	302
NC_048038	2301539	2301539-1	41706	Microbacterium phage Neferthena	dsDNA	104336	Microbacterium foliorum	-	Actinomycetota	Prokaryote	NC_048038	0.0043	0.0062	0.0023	303
NC_049927	2590936	2590936-1	42562	Microbacterium phage McGalleon	dsDNA	104336	Microbacterium foliorum	-	Actinomycetota	Prokaryote	NC_049927	0.0156	0.0103	0.0096	304
NC_042110	2079583	2079583-1	41934	Microbacterium phage Hamlet	dsDNA	104336	Microbacterium foliorum	-	Actinomycetota	Prokaryote	NC_042110	0.0059	0.0047	0.0047	305
NC_049928	2590880	2590880-1	41670	Microbacterium phage MonChoix	dsDNA	104336	Microbacterium foliorum	-	Actinomycetota	Prokaryote	NC_049928	0.0085	0.0048	0.0048	306
NC_049929	2182358	2182358-1	41793	Microbacterium phage Teagan	dsDNA	104336	Microbacterium foliorum	-	Actinomycetota	Prokaryote	NC_049929	0.0079	0.0061	0.0113	307
NC_042111	2079584	2079584-1	41525	Microbacterium phage Ilzat	dsDNA	104336	Microbacterium foliorum	-	Actinomycetota	Prokaryote	NC_042111	0.0142	0.0037	0.0185	308
NC_042109	2079581	2079581-1	40366	Microbacterium phage Eleri	dsDNA	104336	Microbacterium foliorum	-	Actinomycetota	Prokaryote	NC_042109	0.0087	0.0	0.0025	309
NC_042119	2099444	2099444-1	39307	Microbacterium phage Pikmin	dsDNA	104336	Microbacterium foliorum	-	Actinomycetota	Prokaryote	NC_042119	0.0056	0.0	0.0	310
NC_048144	2500787	2500787-1	38820	Microbacterium phage Schubert	dsDNA	104336	Microbacterium foliorum	-	Actinomycetota	Prokaryote	NC_048144	0.0055	0.0012	0.0	311
NC_042118	2099625	2099625-1	39403	Microbacterium phage Koji	dsDNA	104336	Microbacterium foliorum	-	Actinomycetota	Prokaryote	NC_042118	0.0124	0.0036	0.0100	312
NC_042117	2099624	2099624-1	39640	Microbacterium phage Golden	dsDNA	104336	Microbacterium foliorum	-	Actinomycetota	Prokaryote	NC_042117	0.0085	0.0024	0.0037	313
NC_070829	2601695	2601695-1	82302	Streptomyces phage Zuko	dsDNA	146922	Streptomyces griseofuscus	-	Actinomycetota	Prokaryote	NC_070829	0.0204	0.0039	0.0085	314
NC_070830	2848886	2848886-1	82521	Streptomyces phage KimJongPhill	dsDNA	68239	Streptomyces mirabilis	-	Actinomycetota	Prokaryote	NC_070830	0.0235	0.0119	0.0053	315
NC_022054	1340829	1340829-1	48229	Mycobacterium phage Muddy	dsDNA	1762	-	-	-	Prokaryote	NC_022054	0.0	0.0	0.0	316
NC_021063	1305710	1305710-1	47724	Mycobacterium phage FF47	dsDNA	1762	-	-	-	Prokaryote	NC_021063	0.0	0.0	0.0	317
NC_079141	2652405	2652405-1	45810	Gordonia phage Gibbous	dsDNA	36822	Gordonia rubripertincta	-	Actinomycetota	Prokaryote	NC_079141	0.0	0.0	0.0	318
NC_079140	3035369	3035369-1	45336	Gordonia phage Azira	dsDNA	36822	Gordonia rubripertincta	-	Actinomycetota	Prokaryote	NC_079140	0.0095	0.0	0.0	319
NC_030941	1838066	1838066-1	46600	Gordonia phage Cozz	dsDNA	2055	Gordonia terrae	-	Actinomycetota	Prokaryote	NC_030941	0.0	0.0	0.0	320
NC_042102	2079282	2079282-1	45909	Gordonia phage Troje	dsDNA	2053	Gordonia	-	Actinomycetota	Prokaryote	NC_042102	0.0	0.0	0.0	321
NC_015720	981323	981323-1	45530	Gordonia phage GTE2	dsDNA	85007	Mycobacteriales	-	Actinomycetota	Prokaryote	NC_015720	0.0	0.0	0.0	322
NC_031234	1821552	1821552-1	43982	Gordonia phage Emalyn	dsDNA	2055	Gordonia terrae	-	Actinomycetota	Prokaryote	NC_031234	0.0	0.0	0.0	323
NC_070894	2656538	2656538-1	48123	Gordonia phage Lauer	dsDNA	36822	Gordonia rubripertincta	-	Actinomycetota	Prokaryote	NC_070894	0.0	0.0	0.0	324
NC_070897	2857501	2857501-1	48092	Gordonia phage Vine	dsDNA	36822	Gordonia rubripertincta	-	Actinomycetota	Prokaryote	NC_070897	0.0	0.0	0.0	325
NC_070896	2762389	2762389-1	47166	Gordonia phage BigChungus	dsDNA	36822	Gordonia rubripertincta	-	Actinomycetota	Prokaryote	NC_070896	0.0	0.0	0.0	326
NC_070895	2591117	2591117-1	47618	Gordonia phage SheckWes	dsDNA	36822	Gordonia rubripertincta	-	Actinomycetota	Prokaryote	NC_070895	0.0	0.0	0.0	327
NC_070893	2652411	2652411-1	48948	Gordonia phage CherryonLim	dsDNA	36822	Gordonia rubripertincta	-	Actinomycetota	Prokaryote	NC_070893	0.0032	0.0	0.0	328
NC_070891	2885976	2885976-1	47982	Gordonia phage Pons	dsDNA	36822	Gordonia rubripertincta	-	Actinomycetota	Prokaryote	NC_070891	0.0	0.0	0.0	329
NC_070892	2590931	2590931-1	48382	Gordonia phage Mayweather	dsDNA	36822	Gordonia rubripertincta	-	Actinomycetota	Prokaryote	NC_070892	0.0	0.0	0.0	330
JX006077	182851	182851-1	94870	Saccharomonospora phage PIS 136	dsDNA	33913	Saccharomonospora sp.	-	Actinomycetota	Prokaryote	JX006077	0.0274	0.0183	0.0213	331
NC_073460	2836048	2836048-1	39738	Microbacterium phage Footloose	dsDNA	199592	Microbacterium paraoxydans	-	Actinomycetota	Prokaryote	NC_073460	0.0	0.0	0.0	332
NC_030939	1647471	1647471-1	45537	Gordonia phage GMA4	dsDNA	410332	Gordonia malaquae	-	Actinomycetota	Prokaryote	NC_030939	0.0131	0.0127	0.0111	333
NC_042139	2015851	2015851-1	40353	Corynebacterium phage Poushou	dsDNA	38305	Corynebacterium vitaeruminis	-	Actinomycetota	Prokaryote	NC_042139	0.0	0.0	0.0	334
NC_048070	2301600	2301600-1	41394	Corynebacterium phage Juicebox	dsDNA	1725	Corynebacterium xerosis	-	Actinomycetota	Prokaryote	NC_048070	0.0297	0.0192	0.0243	335
NC_054655	2590946	2590946-1	50493	Streptomyces phage Celia	dsDNA	67384	Streptomyces xanthochromogenes	-	Actinomycetota	Prokaryote	NC_054655	0.0502	0.0312	0.0202	336
NC_018836	1204524	1204524-1	50255	Streptomyces phage phiHau3	dsDNA	1883	Streptomyces	-	Actinomycetota	Prokaryote	NC_018836	0.0371	0.0199	0.0243	337
NC_054671	2108134	2108134-1	52743	Streptomyces phage Paedore	dsDNA	1916	Streptomyces lividans	-	Actinomycetota	Prokaryote	NC_054671	0.0335	0.0126	0.0192	338
NC_019414	10732	10732-1	51071	Streptomyces phage R4	dsDNA	1883	Streptomyces	-	Actinomycetota	Prokaryote	NC_019414	0.0282	0.0175	0.0196	339
NC_041849	1211278	1211278-1	51160	Streptomyces phage phiELB20	dsDNA	1931	Streptomyces sp.	-	Actinomycetota	Prokaryote	NC_041849	0.0307	0.0274	0.0134	340
NC_070968	2894593	2894593-1	49492	Streptomyces phage Pablito	dsDNA	1200984	Streptomyces lividans 1326	-	Actinomycetota	Prokaryote	NC_070968	0.0169	0.0087	0.0047	341
NC_054660	2510525	2510525-1	50632	Streptomyces phage Janus	dsDNA	67384	Streptomyces xanthochromogenes	-	Actinomycetota	Prokaryote	NC_054660	0.0331	0.0155	0.0088	342
NC_054661	2301573	2301573-1	50547	Streptomyces phage Hank144	dsDNA	58346	Streptomyces platensis	-	Actinomycetota	Prokaryote	NC_054661	0.0266	0.0163	0.0065	343
NC_054657	2767576	2767576-1	51956	Streptomyces phage Salutena	dsDNA	1931	Streptomyces sp.	-	Actinomycetota	Prokaryote	NC_054657	0.0395	0.0244	0.0244	344
NC_054667	2725628	2725628-1	50643	Streptomyces phage Issmi	dsDNA	146922	Streptomyces griseofuscus	-	Actinomycetota	Prokaryote	NC_054667	0.0377	0.0241	0.0270	345
NC_054668	2041206	2041206-1	50602	Streptomyces phage Daudau	dsDNA	67384	Streptomyces xanthochromogenes	-	Actinomycetota	Prokaryote	NC_054668	0.0303	0.0188	0.0229	346
NC_054670	2301715	2301715-1	52628	Streptomyces phage Thestral	dsDNA	67384	Streptomyces xanthochromogenes	-	Actinomycetota	Prokaryote	NC_054670	0.0432	0.0304	0.0074	347
NC_054669	2599888	2599888-1	53011	Streptomyces phage Alvy	dsDNA	1916	Streptomyces lividans	-	Actinomycetota	Prokaryote	NC_054669	0.0378	0.0274	0.0254	348
NC_054658	2767584	2767584-1	50272	Streptomyces phage Sentinel	dsDNA	1931	Streptomyces sp.	-	Actinomycetota	Prokaryote	NC_054658	0.0369	0.0254	0.0145	349
NC_054659	2767588	2767588-1	50834	Streptomyces phage Spernnie	dsDNA	1931	Streptomyces sp.	-	Actinomycetota	Prokaryote	NC_054659	0.0259	0.0130	0.0094	350
NC_054666	2530160	2530160-1	50374	Streptomyces phage Caelum	dsDNA	1916	Streptomyces lividans	-	Actinomycetota	Prokaryote	NC_054666	0.0234	0.0128	0.0060	351
NC_054662	2059882	2059882-1	49299	Streptomyces phage Omar	dsDNA	146537	Streptomyces azureus	-	Actinomycetota	Prokaryote	NC_054662	0.0323	0.0242	0.0214	352
NC_054663	2041207	2041207-1	50483	Streptomyces phage Diane	dsDNA	67384	Streptomyces xanthochromogenes	-	Actinomycetota	Prokaryote	NC_054663	0.0299	0.0154	0.0148	353
NC_054665	2041209	2041209-1	50574	Streptomyces phage Tefunt	dsDNA	67384	Streptomyces xanthochromogenes	-	Actinomycetota	Prokaryote	NC_054665	0.0355	0.0272	0.0174	354
NC_054664	2041205	2041205-1	49372	Streptomyces phage Amethyst	dsDNA	67384	Streptomyces xanthochromogenes	-	Actinomycetota	Prokaryote	NC_054664	0.0312	0.0274	0.0305	355
NC_054656	2201421	2201421-1	50129	Streptomyces phage Yosif	dsDNA	67369	Streptomyces toxytricini	-	Actinomycetota	Prokaryote	NC_054656	0.0200	0.0193	0.0127	356
NC_054672	2740181	2740181-1	49395	Streptomyces phage Endor1	dsDNA	1902	Streptomyces coelicolor	-	Actinomycetota	Prokaryote	NC_054672	0.0091	0.0141	0.0036	357
NC_054675	2601693	2601693-1	48883	Streptomyces phage Saftant	dsDNA	146922	Streptomyces griseofuscus	-	Actinomycetota	Prokaryote	NC_054675	0.0251	0.0216	0.0111	358
NC_054674	1913034	1913034-1	48941	Streptomyces phage Joe	dsDNA	1902	Streptomyces coelicolor	-	Actinomycetota	Prokaryote	NC_054674	0.0121	0.0181	0.0050	359
NC_054676	2767587	2767587-1	48481	Streptomyces phage Sitrop	dsDNA	1931	Streptomyces sp.	-	Actinomycetota	Prokaryote	NC_054676	0.0049	0.0137	0.0107	360
NC_041856	1239386	1239386-1	50348	Streptomyces phage phiCAM	dsDNA	1902	Streptomyces coelicolor	-	Actinomycetota	Prokaryote	NC_041856	0.0151	0.0093	0.0080	361
NC_054673	2740182	2740182-1	48829	Streptomyces phage Endor2	dsDNA	1902	Streptomyces coelicolor	-	Actinomycetota	Prokaryote	NC_054673	0.0147	0.0139	0.0098	362
NC_028904	1673877	1673877-1	49452	Streptomyces phage Amela	dsDNA	953739	Streptomyces venezuelae ATCC 10712	-	Actinomycetota	Prokaryote	NC_028904	0.0193	0.0217	0.0048	363
NC_054677	2053672	2053672-1	48803	Streptomyces phage Alsaber	dsDNA	146537	Streptomyces azureus	-	Actinomycetota	Prokaryote	NC_054677	0.0177	0.0169	0.0114	364
NC_028976	1674926	1674926-1	50113	Streptomyces phage Izzy	dsDNA	1911	Streptomyces griseus	-	Actinomycetota	Prokaryote	NC_028976	0.0367	0.0210	0.0107	365
NC_042052	1690428	1690428-1	50727	Streptomyces phage Hydra	dsDNA	1911	Streptomyces griseus	-	Actinomycetota	Prokaryote	NC_042052	0.0286	0.0114	0.0095	366
NC_028892	1690425	1690425-1	49949	Streptomyces phage Caliburn	dsDNA	1911	Streptomyces griseus	-	Actinomycetota	Prokaryote	NC_028892	0.0366	0.0174	0.0088	367
NC_042051	1690426	1690426-1	49562	Streptomyces phage Aaronocolus	dsDNA	1911	Streptomyces griseus	-	Actinomycetota	Prokaryote	NC_042051	0.0311	0.0169	0.0057	368
NC_031078	1873777	1873777-1	50082	Streptomyces phage Nanodon	dsDNA	1911	Streptomyces griseus	-	Actinomycetota	Prokaryote	NC_031078	0.0231	0.0182	0.0	369
NC_028827	1674927	1674927-1	50165	Streptomyces phage Lannister	dsDNA	953739	Streptomyces venezuelae ATCC 10712	-	Actinomycetota	Prokaryote	NC_028827	0.0183	0.0125	0.0080	370
NC_054678	2593360	2593360-1	51631	Streptomyces phage Yasdnil	dsDNA	1911	Streptomyces griseus	-	Actinomycetota	Prokaryote	NC_054678	0.0226	0.0171	0.0046	371
NC_054679	2801898	2801898-1	51566	Streptomyces phage Werner	dsDNA	1916	Streptomyces lividans	-	Actinomycetota	Prokaryote	NC_054679	0.0215	0.0190	0.0024	372
NC_054681	1873996	1873996-1	50558	Streptomyces phage Lorelei	dsDNA	67263	Streptomyces griseus subsp. griseus	-	Actinomycetota	Prokaryote	NC_054681	0.0196	0.0246	0.0	373
NC_021339	1327760	1327760-1	51077	Streptomyces phage Zemlya	dsDNA	1916	Streptomyces lividans	-	Actinomycetota	Prokaryote	NC_021339	0.0209	0.0089	0.0046	374
NC_041860	1690427	1690427-1	50773	Streptomyces phage Danzina	dsDNA	953739	Streptomyces venezuelae ATCC 10712	-	Actinomycetota	Prokaryote	NC_041860	0.0156	0.0103	0.0	375
NC_054680	2182319	2182319-1	51393	Streptomyces phage Goby	dsDNA	67369	Streptomyces toxytricini	-	Actinomycetota	Prokaryote	NC_054680	0.0265	0.0159	0.0061	376
NC_021304	1327759	1327759-1	51552	Streptomyces phage Sujidade	dsDNA	1916	Streptomyces lividans	-	Actinomycetota	Prokaryote	NC_021304	0.0190	0.0146	0.0055	377
NC_021298	1327758	1327758-1	51252	Streptomyces phage Lika	dsDNA	1916	Streptomyces lividans	-	Actinomycetota	Prokaryote	NC_021298	0.0257	0.0193	0.0056	378
NC_073472	2999013	2999013-1	57163	Streptomyces phage Success	dsDNA	1916	Streptomyces lividans	-	Actinomycetota	Prokaryote	NC_073472	0.0	0.0	0.0	379
NC_073462	2182397	2182397-1	56362	Streptomyces phage Ibantik	dsDNA	1916	Streptomyces lividans	-	Actinomycetota	Prokaryote	NC_073462	0.0	0.0	0.0	380
NC_023739	2902892	2902892-1	51821	Mycobacterium phage BillKnuckles	dsDNA	246196	Mycolicibacterium smegmatis MC2 155	-	Actinomycetota	Prokaryote	NC_023739	0.0108	0.0050	0.0063	381
NC_023702	2923003	2923003-1	52379	Mycobacterium phage Kugel	dsDNA	246196	Mycolicibacterium smegmatis MC2 155	-	Actinomycetota	Prokaryote	NC_023702	0.0055	0.0088	0.0079	382
NC_002656	2902907	2902907-1	50550	Mycobacterium phage Bxb1	dsDNA	1762	-	-	-	Prokaryote	NC_002656	0.0068	0.0088	0.0092	383
NC_028828	1701845	1701845-1	52055	Mycobacterium phage TheloniousMonk	dsDNA	246196	Mycolicibacterium smegmatis MC2 155	-	Actinomycetota	Prokaryote	NC_028828	0.0058	0.0	0.0099	384
NC_028680	1735466	1735466-1	50515	Mycobacterium phage Pepe	dsDNA	246196	Mycolicibacterium smegmatis MC2 155	-	Actinomycetota	Prokaryote	NC_028680	0.0066	0.0037	0.0095	385
NC_023862	1458724	1458724-1	52136	Mycobacterium phage Alsfro	dsDNA	246196	Mycolicibacterium smegmatis MC2 155	-	Actinomycetota	Prokaryote	NC_023862	0.0099	0.0051	0.0118	386
NC_022979	1391432	1391432-1	52823	Mycobacterium phage Graduation	dsDNA	246196	Mycolicibacterium smegmatis MC2 155	-	Actinomycetota	Prokaryote	NC_022979	0.0	0.0	0.0061	387
NC_031067	1873889	1873889-1	52496	Mycobacterium phage Makemake	dsDNA	246196	Mycolicibacterium smegmatis MC2 155	-	Actinomycetota	Prokaryote	NC_031067	0.0069	0.0038	0.0084	388
NC_031111	1873895	1873895-1	53623	Mycobacterium phage Gompeii16	dsDNA	1763	Mycobacterium	-	Actinomycetota	Prokaryote	NC_031111	0.0026	0.0038	0.0041	389
NC_011019	2914011	2914011-1	53572	Mycobacterium phage KBG	dsDNA	1762	-	-	-	Prokaryote	NC_011019	0.0025	0.0076	0.0100	390
NC_023704	2922222	2922222-1	51421	Mycobacterium phage Doom	dsDNA	246196	Mycolicibacterium smegmatis MC2 155	-	Actinomycetota	Prokaryote	NC_023704	0.0100	0.0037	0.0103	391
NC_023695	1086800	1086800-1	52481	Mycobacterium phage Violet	dsDNA	246196	Mycolicibacterium smegmatis MC2 155	-	Actinomycetota	Prokaryote	NC_023695	0.0090	0.0	0.0047	392
NC_022975	1429904	1429904-1	52390	Mycobacterium phage HanShotFirst	dsDNA	246196	Mycolicibacterium smegmatis MC2 155	-	Actinomycetota	Prokaryote	NC_022975	0.0031	0.0025	0.0059	393
NC_028815	1675553	1675553-1	51355	Mycobacterium phage Nhonho	dsDNA	1772	Mycolicibacterium smegmatis	-	Actinomycetota	Prokaryote	NC_028815	0.0	0.0	0.0114	394
NC_028804	1675548	1675548-1	52643	Mycobacterium phage Barriga	dsDNA	1772	Mycolicibacterium smegmatis	-	Actinomycetota	Prokaryote	NC_028804	0.0	0.0	0.0088	395
NC_011020	2914014	2914014-1	50968	Mycobacterium phage Jasper	dsDNA	1762	-	-	-	Prokaryote	NC_011020	0.0107	0.0012	0.0108	396
NC_023708	1086749	1086749-1	51083	Mycobacterium phage Dreamboat	dsDNA	246196	Mycolicibacterium smegmatis MC2 155	-	Actinomycetota	Prokaryote	NC_023708	0.0023	0.0085	0.0073	397
NC_023726	2922223	2922223-1	53597	Mycobacterium phage Euphoria	dsDNA	246196	Mycolicibacterium smegmatis MC2 155	-	Actinomycetota	Prokaryote	NC_023726	0.0065	0.0050	0.0149	398
NC_023687	2902905	2902905-1	53003	Mycobacterium phage Bruns	dsDNA	246196	Mycolicibacterium smegmatis MC2 155	-	Actinomycetota	Prokaryote	NC_023687	0.0026	0.0	0.0	399
NC_009877	260120	260120-1	51277	Mycobacterium phage U2	dsDNA	1762	-	-	-	Prokaryote	NC_009877	0.0	0.0039	0.0080	400
NC_041985	1034118	1034118-1	52298	Mycobacterium phage Switzer	dsDNA	246196	Mycolicibacterium smegmatis MC2 155	-	Actinomycetota	Prokaryote	NC_041985	0.0032	0.0024	0.0042	401
NC_024136	1458714	1458714-1	51781	Mycobacterium phage Seabiscuit	dsDNA	246196	Mycolicibacterium smegmatis MC2 155	-	Actinomycetota	Prokaryote	NC_024136	0.0	0.0	0.0051	402
NC_042326	2922216	2922216-1	51381	Mycobacterium phage KSSJEB	dsDNA	246196	Mycolicibacterium smegmatis MC2 155	-	Actinomycetota	Prokaryote	NC_042326	0.0025	0.0015	0.0051	403
KP027204	1567478	1567478-1	53058	Mycobacterium phage Thor	dsDNA	246196	Mycolicibacterium smegmatis MC2 155	-	Actinomycetota	Prokaryote	KP027204	0.0034	0.0	0.0051	404
NC_022324	1340827	1340827-1	53701	Mycobacterium phage SarFire	dsDNA	1762	-	-	-	Prokaryote	NC_022324	0.0034	0.0	0.0051	405
NC_028874	1718171	1718171-1	50614	Mycobacterium phage Pari	dsDNA	246196	Mycolicibacterium smegmatis MC2 155	-	Actinomycetota	Prokaryote	NC_028874	0.0064	0.0036	0.0054	406
NC_009878	2902891	2902891-1	52250	Mycobacterium phage Bethlehem	dsDNA	1762	-	-	-	Prokaryote	NC_009878	0.0	0.0024	0.0095	407
NC_042329	2847995	2847995-1	50988	Mycobacterium phage MrGordon	dsDNA	246196	Mycolicibacterium smegmatis MC2 155	-	Actinomycetota	Prokaryote	NC_042329	0.0044	0.0037	0.0157	408
NC_028941	1701849	1701849-1	51161	Mycobacterium phage Turj99	dsDNA	246196	Mycolicibacterium smegmatis MC2 155	-	Actinomycetota	Prokaryote	NC_028941	0.0032	0.0	0.0072	409
NC_021297	1327773	1327773-1	52057	Mycobacterium phage PattyP	dsDNA	246196	Mycolicibacterium smegmatis MC2 155	-	Actinomycetota	Prokaryote	NC_021297	0.0027	0.0037	0.0091	410
NC_042324	2922214	2922214-1	51426	Mycobacterium phage Museum	dsDNA	246196	Mycolicibacterium smegmatis MC2 155	-	Actinomycetota	Prokaryote	NC_042324	0.0	0.0	0.0089	411
NC_028810	1698441	1698441-1	52357	Mycobacterium phage Rufus	dsDNA	246196	Mycolicibacterium smegmatis MC2 155	-	Actinomycetota	Prokaryote	NC_028810	0.0049	0.0036	0.0086	412
NC_024368	1498204	1498204-1	50610	Mycobacterium phage Pinto	dsDNA	246196	Mycolicibacterium smegmatis MC2 155	-	Actinomycetota	Prokaryote	NC_024368	0.0034	0.0	0.0109	413
NC_042327	2902900	2902900-1	53171	Mycobacterium phage BPBiebs31	dsDNA	246196	Mycolicibacterium smegmatis MC2 155	-	Actinomycetota	Prokaryote	NC_042327	0.0	0.0	0.0051	414
NC_031041	1873891	1873891-1	52501	Mycobacterium phage Papez	dsDNA	246196	Mycolicibacterium smegmatis MC2 155	-	Actinomycetota	Prokaryote	NC_031041	0.0054	0.0031	0.0094	415
NC_011021	2914012	2914012-1	51478	Mycobacterium phage Lockley	dsDNA	1762	-	-	-	Prokaryote	NC_011021	0.0085	0.0	0.0148	416
NC_011022	540064	540064-1	51621	Mycobacterium phage DD5	dsDNA	1762	-	-	-	Prokaryote	NC_011022	0.0042	0.0	0.0107	417
NC_022070	1383054	1383054-1	53588	Mycobacterium phage Wheeler	dsDNA	246196	Mycolicibacterium smegmatis MC2 155	-	Actinomycetota	Prokaryote	NC_022070	0.0043	0.0	0.0107	418
NC_041853	2927990	2927990-1	49186	Mycobacterium phage Marcell	dsDNA	246196	Mycolicibacterium smegmatis MC2 155	-	Actinomycetota	Prokaryote	NC_041853	0.0033	0.0	0.0149	419
NC_021324	1327035	1327035-1	53369	Mycobacterium phage CASbig	dsDNA	246196	Mycolicibacterium smegmatis MC2 155	-	Actinomycetota	Prokaryote	NC_021324	0.0061	0.0	0.0160	420
NC_023748	701456	701456-1	53137	Mycobacterium phage SkiPole	dsDNA	246196	Mycolicibacterium smegmatis MC2 155	-	Actinomycetota	Prokaryote	NC_023748	0.0134	0.0	0.0067	421
NC_042320	2922210	2922210-1	52169	Mycobacterium phage JC27	dsDNA	246196	Mycolicibacterium smegmatis MC2 155	-	Actinomycetota	Prokaryote	NC_042320	0.0044	0.0024	0.0	422
NC_023710	1071506	1071506-1	50844	Mycobacterium phage RidgeCB	dsDNA	246196	Mycolicibacterium smegmatis MC2 155	-	Actinomycetota	Prokaryote	NC_023710	0.0079	0.0	0.0103	423
NC_028920	1551710	1551710-1	52530	Mycobacterium phage Abrogate	dsDNA	246196	Mycolicibacterium smegmatis MC2 155	-	Actinomycetota	Prokaryote	NC_028920	0.0066	0.0051	0.0138	424
NC_023720	2922996	2922996-1	53142	Mycobacterium phage Perseus	dsDNA	246196	Mycolicibacterium smegmatis MC2 155	-	Actinomycetota	Prokaryote	NC_023720	0.0044	0.0	0.0092	425
KF279416	1354513	1354513-1	53693	Mycobacterium phage SargentShorty9	dsDNA	246196	Mycolicibacterium smegmatis MC2 155	-	Actinomycetota	Prokaryote	KF279416	0.0149	0.0	0.0039	426
NC_022329	1354512	1354512-1	53636	Mycobacterium phage PhrostyMug	dsDNA	246196	Mycolicibacterium smegmatis MC2 155	-	Actinomycetota	Prokaryote	NC_022329	0.0021	0.0040	0.0039	427
NC_041852	2927981	2927981-1	53972	Mycobacterium phage Nepal	dsDNA	246196	Mycolicibacterium smegmatis MC2 155	-	Actinomycetota	Prokaryote	NC_041852	0.0065	0.0	0.0095	428
NC_023723	1168595	1168595-1	53684	Mycobacterium phage Aeneas	dsDNA	246196	Mycolicibacterium smegmatis MC2 155	-	Actinomycetota	Prokaryote	NC_023723	0.0	0.0040	0.0082	429
NC_026583	1567466	1567466-1	49577	Mycobacterium phage Alvin	dsDNA	246196	Mycolicibacterium smegmatis MC2 155	-	Actinomycetota	Prokaryote	NC_026583	0.0	0.0027	0.0054	430
NC_042321	2922211	2922211-1	50486	Mycobacterium phage Lesedi	dsDNA	246196	Mycolicibacterium smegmatis MC2 155	-	Actinomycetota	Prokaryote	NC_042321	0.0044	0.0	0.0055	431
KP027203	1567479	1567479-1	53008	Mycobacterium phage Treddle	dsDNA	246196	Mycolicibacterium smegmatis MC2 155	-	Actinomycetota	Prokaryote	KP027203	0.0032	0.0	0.0062	432
NC_029059	1567468	1567468-1	51492	Mycobacterium phage Edtherson	dsDNA	246196	Mycolicibacterium smegmatis MC2 155	-	Actinomycetota	Prokaryote	NC_029059	0.0032	0.0024	0.0098	433
NC_028928	1647308	1647308-1	53455	Mycobacterium phage Nerujay	dsDNA	246196	Mycolicibacterium smegmatis MC2 155	-	Actinomycetota	Prokaryote	NC_028928	0.0	0.0	0.0103	434
NC_022062	1340825	1340825-1	52102	Mycobacterium phage Trouble	dsDNA	1762	-	-	-	Prokaryote	NC_022062	0.0	0.0	0.0127	435
NC_011267	555603	555603-1	49487	Mycobacterium phage Solon	dsDNA	1762	-	-	-	Prokaryote	NC_011267	0.0042	0.0095	0.0087	436
NC_028784	1698420	1698420-1	51409	Mycobacterium phage Tasp14	dsDNA	246196	Mycolicibacterium smegmatis MC2 155	-	Actinomycetota	Prokaryote	NC_028784	0.0	0.0050	0.0029	437
NC_024143	1468169	1468169-1	53255	Mycobacterium phage Lamina13	dsDNA	246196	Mycolicibacterium smegmatis MC2 155	-	Actinomycetota	Prokaryote	NC_024143	0.0085	0.0	0.0073	438
NC_016650	2922221	2922221-1	48072	Rhodococcus phage RGL3	dsDNA	33008	Rhodococcus globerulus	-	Actinomycetota	Prokaryote	NC_016650	0.0031	0.0013	0.0	439
NC_048708	2201455	2201455-1	46807	Rhodococcus phage Takoda	dsDNA	1833	Rhodococcus erythropolis	-	Actinomycetota	Prokaryote	NC_048708	0.0	0.0	0.0	440
NC_016653	1109715	1109715-1	46586	Rhodococcus phage RER2	dsDNA	1833	Rhodococcus erythropolis	-	Actinomycetota	Prokaryote	NC_016653	0.0	0.0	0.0	441
NC_028677	1701851	1701851-1	46596	Rhodococcus phage CosmicSans	dsDNA	1833	Rhodococcus erythropolis	-	Actinomycetota	Prokaryote	NC_028677	0.0	0.0	0.0	442
NC_054762	2793705	2793705-1	45614	Rhodococcus phage PhailMary	dsDNA	1833	Rhodococcus erythropolis	-	Actinomycetota	Prokaryote	NC_054762	0.0	0.0	0.0	443
NC_048669	2015828	2015828-1	46854	Rhodococcus phage Hiro	dsDNA	1833	Rhodococcus erythropolis	-	Actinomycetota	Prokaryote	NC_048669	0.0	0.0	0.0	444
NC_042123	2108120	2108120-1	52856	Gordonia phage Waits	dsDNA	2055	Gordonia terrae	-	Actinomycetota	Prokaryote	NC_042123	0.0056	0.0	0.0049	445
NC_041886	1887653	1887653-1	52738	Gordonia phage Strosahl	dsDNA	2055	Gordonia terrae	-	Actinomycetota	Prokaryote	NC_041886	0.0045	0.0013	0.0061	446
NC_031031	1887652	1887652-1	52738	Gordonia phage Remus	dsDNA	2055	Gordonia terrae	-	Actinomycetota	Prokaryote	NC_031031	0.0045	0.0013	0.0061	447
NC_031060	1887649	1887649-1	52726	Gordonia phage JSwag	dsDNA	2055	Gordonia terrae	-	Actinomycetota	Prokaryote	NC_031060	0.0054	0.0025	0.0050	448
NC_030695	1838070	1838070-1	52689	Gordonia phage KatherineG	dsDNA	2055	Gordonia terrae	-	Actinomycetota	Prokaryote	NC_030695	0.0044	0.0037	0.0023	449
NC_030698	1838079	1838079-1	52924	Gordonia phage Soups	dsDNA	2055	Gordonia terrae	-	Actinomycetota	Prokaryote	NC_030698	0.0054	0.0025	0.0	450
NC_030694	1838077	1838077-1	52684	Gordonia phage Rosalind	dsDNA	2055	Gordonia terrae	-	Actinomycetota	Prokaryote	NC_030694	0.0065	0.0025	0.0011	451
NC_054790	2599857	2599857-1	52202	Mycobacterium phage Anthony	dsDNA	246196	Mycolicibacterium smegmatis MC2 155	-	Actinomycetota	Prokaryote	NC_054790	0.0	0.0	0.0	452
NC_028662	1690684	1690684-1	50418	Mycobacterium phage Phlei	dsDNA	1771	Mycolicibacterium phlei	-	Actinomycetota	Prokaryote	NC_028662	0.0039	0.0030	0.0	453
NC_055817	2652402	2652402-1	52466	Mycobacterium phage Jeeves	dsDNA	246196	Mycolicibacterium smegmatis MC2 155	-	Actinomycetota	Prokaryote	NC_055817	0.0103	0.0038	0.0	454
NC_028849	1647300	1647300-1	53387	Mycobacterium phage Luchador	dsDNA	246196	Mycolicibacterium smegmatis MC2 155	-	Actinomycetota	Prokaryote	NC_028849	0.0034	0.0	0.0	455
NC_055858	2743994	2743994-1	53702	Mycobacterium phage Gail	dsDNA	246196	Mycolicibacterium smegmatis MC2 155	-	Actinomycetota	Prokaryote	NC_055858	0.0102	0.0145	0.0	456
NC_054787	2250309	2250309-1	53420	Mycobacterium phage Steamy	dsDNA	1772	Mycolicibacterium smegmatis	-	Actinomycetota	Prokaryote	NC_054787	0.0103	0.0091	0.0	457
NC_054784	2530140	2530140-1	50346	Mycobacterium phage Pharaoh	dsDNA	246196	Mycolicibacterium smegmatis MC2 155	-	Actinomycetota	Prokaryote	NC_054784	0.0094	0.0051	0.0	458
NC_054786	2517967	2517967-1	53594	Mycobacterium phage Refuge	dsDNA	246196	Mycolicibacterium smegmatis MC2 155	-	Actinomycetota	Prokaryote	NC_054786	0.0	0.0075	0.0027	459
NC_054785	1912975	1912975-1	53432	Mycobacterium phage DarthPhader	dsDNA	246196	Mycolicibacterium smegmatis MC2 155	-	Actinomycetota	Prokaryote	NC_054785	0.0033	0.0038	0.0	460
NC_054783	2656617	2656617-1	53277	Mycobacterium phage Yecey3	dsDNA	246196	Mycolicibacterium smegmatis MC2 155	-	Actinomycetota	Prokaryote	NC_054783	0.0	0.0121	0.0	461
NC_023716	2902800	2902800-1	53177	Mycobacterium phage Alma	dsDNA	246196	Mycolicibacterium smegmatis MC2 155	-	Actinomycetota	Prokaryote	NC_023716	0.0068	0.0088	0.0053	462
NC_028965	1698417	1698417-1	53219	Mycobacterium phage Pioneer	dsDNA	246196	Mycolicibacterium smegmatis MC2 155	-	Actinomycetota	Prokaryote	NC_028965	0.0136	0.0103	0.0050	463
NC_042314	2920890	2920890-1	51339	Mycobacterium phage PackMan	dsDNA	246196	Mycolicibacterium smegmatis MC2 155	-	Actinomycetota	Prokaryote	NC_042314	0.0098	0.0090	0.0075	464
NC_031238	1792253	1792253-1	53411	Mycobacterium phage Catalina	dsDNA	246196	Mycolicibacterium smegmatis MC2 155	-	Actinomycetota	Prokaryote	NC_031238	0.0099	0.0103	0.0087	465
NC_031257	1805459	1805459-1	52428	Mycobacterium phage Mulciber	dsDNA	246196	Mycolicibacterium smegmatis MC2 155	-	Actinomycetota	Prokaryote	NC_031257	0.0099	0.0024	0.0	466
NC_023564	1429759	1429759-1	52974	Mycobacterium phage EagleEye	dsDNA	246196	Mycolicibacterium smegmatis MC2 155	-	Actinomycetota	Prokaryote	NC_023564	0.0	0.0	0.0	467
NC_054781	2182403	2182403-1	51633	Mycobacterium phage Priamo	dsDNA	246196	Mycolicibacterium smegmatis MC2 155	-	Actinomycetota	Prokaryote	NC_054781	0.0	0.0	0.0033	468
NC_054779	2656562	2656562-1	51800	Mycobacterium phage Blinn1	dsDNA	246196	Mycolicibacterium smegmatis MC2 155	-	Actinomycetota	Prokaryote	NC_054779	0.0033	0.0	0.0	469
NC_054780	2502450	2502450-1	50341	Mycobacterium phage JewelBug	dsDNA	1772	Mycolicibacterium smegmatis	-	Actinomycetota	Prokaryote	NC_054780	0.0	0.0	0.0	470
NC_042330	2922220	2922220-1	51702	Mycobacterium phage EricB	dsDNA	246196	Mycolicibacterium smegmatis MC2 155	-	Actinomycetota	Prokaryote	NC_042330	0.0	0.0	0.0	471
NC_029077	1542912	1542912-1	52155	Mycobacterium phage VohminGhazi	dsDNA	246196	Mycolicibacterium smegmatis MC2 155	-	Actinomycetota	Prokaryote	NC_029077	0.0	0.0	0.0	472
JF937092	1034102	1034102-1	51547	Mycobacterium phage DaVinci	dsDNA	246196	Mycolicibacterium smegmatis MC2 155	-	Actinomycetota	Prokaryote	JF937092	0.0	0.0	0.0	473
NC_054782	2047840	2047840-1	52879	Mycobacterium phage Koko	dsDNA	246196	Mycolicibacterium smegmatis MC2 155	-	Actinomycetota	Prokaryote	NC_054782	0.0023	0.0	0.0	474
NC_042309	2920886	2920886-1	52213	Mycobacterium phage Gladiator	dsDNA	246196	Mycolicibacterium smegmatis MC2 155	-	Actinomycetota	Prokaryote	NC_042309	0.0017	0.0	0.0	475
NC_042318	2922204	2922204-1	51889	Mycobacterium phage Hammer	dsDNA	246196	Mycolicibacterium smegmatis MC2 155	-	Actinomycetota	Prokaryote	NC_042318	0.0023	0.0	0.0	476
NC_023713	1089117	1089117-1	52288	Mycobacterium phage Blue7	dsDNA	246196	Mycolicibacterium smegmatis MC2 155	-	Actinomycetota	Prokaryote	NC_023713	0.0043	0.0	0.0	477
NC_022985	1391433	1391433-1	52122	Mycobacterium phage Zaka	dsDNA	246196	Mycolicibacterium smegmatis MC2 155	-	Actinomycetota	Prokaryote	NC_022985	0.0	0.0026	0.0	478
NC_022977	1391429	1391429-1	52344	Mycobacterium phage Artemis2UCLA	dsDNA	246196	Mycolicibacterium smegmatis MC2 155	-	Actinomycetota	Prokaryote	NC_022977	0.0	0.0	0.0	479
NC_042334	2923004	2923004-1	48963	Mycobacterium phage Jeffabunny	dsDNA	246196	Mycolicibacterium smegmatis MC2 155	-	Actinomycetota	Prokaryote	NC_042334	0.0	0.0013	0.0	480
NC_022965	1391430	1391430-1	52873	Mycobacterium phage CloudWang3	dsDNA	246196	Mycolicibacterium smegmatis MC2 155	-	Actinomycetota	Prokaryote	NC_022965	0.0	0.0013	0.0	481
KF017927	1340711	1340711-1	52807	Mycobacterium phage Odin	dsDNA	246196	Mycolicibacterium smegmatis MC2 155	-	Actinomycetota	Prokaryote	KF017927	0.0093	0.0024	0.0	482
NC_008203	2911435	2911435-1	52047	Mycobacterium phage Che12	dsDNA	1762	-	-	-	Prokaryote	NC_008203	0.0086	0.0039	0.0	483
NC_022058	1383059	1383059-1	52519	Mycobacterium phage Adzzy	dsDNA	246196	Mycolicibacterium smegmatis MC2 155	-	Actinomycetota	Prokaryote	NC_022058	0.0085	0.0052	0.0	484
NC_028932	1701853	1701853-1	52088	Mycobacterium phage Serenity	dsDNA	246196	Mycolicibacterium smegmatis MC2 155	-	Actinomycetota	Prokaryote	NC_028932	0.0	0.0024	0.0	485
NC_017973	1175504	1175504-1	52474	Mycobacterium phage SWU1	dsDNA	246196	Mycolicibacterium smegmatis MC2 155	-	Actinomycetota	Prokaryote	NC_017973	0.0080	0.0	0.0	486
NC_001335	31757	31757-1	52297	Fromanvirus L5	dsDNA	1763	Mycobacterium	-	Actinomycetota	Prokaryote	NC_001335	0.0052	0.0	0.0035	487
NC_001900	2905674	2905674-1	49127	Mycobacterium phage D29	dsDNA	1762	-	-	-	Prokaryote	NC_001900	0.0136	0.0	0.0	488
NC_021318	1327948	1327948-1	51214	Mycobacterium phage Chy5	dsDNA	1762	-	-	-	Prokaryote	NC_021318	0.0177	0.0	0.0036	489
NC_021338	1327947	1327947-1	46639	Mycobacterium phage Chy4	dsDNA	1762	-	-	-	Prokaryote	NC_021338	0.0178	0.0	0.0036	490
NC_011023	2914013	2914013-1	52892	Mycobacterium phage Pukovnik	dsDNA	1762	-	-	-	Prokaryote	NC_011023	0.0022	0.0025	0.0024	491
NC_054814	2499042	2499042-1	53467	Mycobacterium phage IronMan	dsDNA	246196	Mycolicibacterium smegmatis MC2 155	-	Actinomycetota	Prokaryote	NC_054814	0.0110	0.0037	0.0	492
NC_054815	2686088	2686088-1	53598	Mycobacterium phage Phaded	dsDNA	246196	Mycolicibacterium smegmatis MC2 155	-	Actinomycetota	Prokaryote	NC_054815	0.0128	0.0	0.0050	493
NC_031279	1784956	1784956-1	52129	Mycobacterium phage Bactobuster	dsDNA	246196	Mycolicibacterium smegmatis MC2 155	-	Actinomycetota	Prokaryote	NC_031279	0.0076	0.0	0.0049	494
NC_023607	1458717	1458717-1	53396	Mycobacterium phage 40AC	dsDNA	246196	Mycolicibacterium smegmatis MC2 155	-	Actinomycetota	Prokaryote	NC_023607	0.0074	0.0038	0.0093	495
NC_023731	1071503	1071503-1	53526	Mycobacterium phage Trixie	dsDNA	246196	Mycolicibacterium smegmatis MC2 155	-	Actinomycetota	Prokaryote	NC_023731	0.0145	0.0038	0.0038	496
NC_031277	1815972	1815972-1	52561	Mycobacterium phage ArcherNM	dsDNA	246196	Mycolicibacterium smegmatis MC2 155	-	Actinomycetota	Prokaryote	NC_031277	0.0145	0.0100	0.0	497
NC_025444	711470	711470-1	53332	Mycobacterium phage RedRock	dsDNA	1762	-	-	-	Prokaryote	NC_025444	0.0184	0.0072	0.0	498
NC_031256	1815969	1815969-1	53486	Mycobacterium phage Loser	dsDNA	246196	Mycolicibacterium smegmatis MC2 155	-	Actinomycetota	Prokaryote	NC_031256	0.0217	0.0113	0.0	499
NC_022087	1076630	1076630-1	53253	Mycobacterium phage AnnaL29	dsDNA	246196	Mycolicibacterium smegmatis MC2 155	-	Actinomycetota	Prokaryote	NC_022087	0.0236	0.0012	0.0070	500
NC_054813	2500574	2500574-1	53377	Mycobacterium phage Malec	dsDNA	246196	Mycolicibacterium smegmatis MC2 155	-	Actinomycetota	Prokaryote	NC_054813	0.0061	0.0038	0.0047	501
NC_028877	1560285	1560285-1	52967	Mycobacterium phage Larenn	dsDNA	246196	Mycolicibacterium smegmatis MC2 155	-	Actinomycetota	Prokaryote	NC_028877	0.0051	0.0074	0.0047	502
NC_028794	1527520	1527520-1	52647	Mycobacterium phage Piro94	dsDNA	246196	Mycolicibacterium smegmatis MC2 155	-	Actinomycetota	Prokaryote	NC_028794	0.0045	0.0050	0.0	503
NC_028852	1555201	1555201-1	53042	Mycobacterium phage Equemioh13	dsDNA	246196	Mycolicibacterium smegmatis MC2 155	-	Actinomycetota	Prokaryote	NC_028852	0.0066	0.0051	0.0	504
NC_054808	2488784	2488784-1	53001	Mycobacterium phage Centaur	dsDNA	246196	Mycolicibacterium smegmatis MC2 155	-	Actinomycetota	Prokaryote	NC_054808	0.0141	0.0	0.0	505
NC_023606	1458841	1458841-1	52963	Mycobacterium phage CRB1	dsDNA	246196	Mycolicibacterium smegmatis MC2 155	-	Actinomycetota	Prokaryote	NC_023606	0.0054	0.0115	0.0085	506
NC_028744	1718166	1718166-1	53141	Mycobacterium phage LadyBird	dsDNA	246196	Mycolicibacterium smegmatis MC2 155	-	Actinomycetota	Prokaryote	NC_028744	0.0044	0.0065	0.0048	507
NC_020876	1245814	1245814-1	53028	Mycobacterium phage First	dsDNA	1772	Mycolicibacterium smegmatis	-	Actinomycetota	Prokaryote	NC_020876	0.0142	0.0124	0.0114	508
NC_023597	1458726	1458726-1	53124	Mycobacterium phage 20ES	dsDNA	246196	Mycolicibacterium smegmatis MC2 155	-	Actinomycetota	Prokaryote	NC_023597	0.0054	0.0067	0.0081	509
NC_023553	1437839	1437839-1	53159	Mycobacterium phage Echild	dsDNA	246196	Mycolicibacterium smegmatis MC2 155	-	Actinomycetota	Prokaryote	NC_023553	0.0087	0.0110	0.0081	510
NC_054806	2591074	2591074-1	53136	Mycobacterium phage Benvolio	dsDNA	246196	Mycolicibacterium smegmatis MC2 155	-	Actinomycetota	Prokaryote	NC_054806	0.0087	0.0098	0.0070	511
NC_023707	1071504	1071504-1	53169	Mycobacterium phage Turbido	dsDNA	246196	Mycolicibacterium smegmatis MC2 155	-	Actinomycetota	Prokaryote	NC_023707	0.0099	0.0	0.0058	512
NC_054807	2656567	2656567-1	49937	Mycobacterium phage Bugsy	dsDNA	246196	Mycolicibacterium smegmatis MC2 155	-	Actinomycetota	Prokaryote	NC_054807	0.0182	0.0065	0.0	513
NC_054812	2024294	2024294-1	53366	Mycobacterium phage JoshKayV	dsDNA	246196	Mycolicibacterium smegmatis MC2 155	-	Actinomycetota	Prokaryote	NC_054812	0.0127	0.0026	0.0	514
NC_031263	1821723	1821723-1	53935	Mycobacterium phage EvilGenius	dsDNA	246196	Mycolicibacterium smegmatis MC2 155	-	Actinomycetota	Prokaryote	NC_031263	0.0099	0.0	0.0037	515
NC_029043	1555235	1555235-1	53184	Mycobacterium phage SweetiePie	dsDNA	246196	Mycolicibacterium smegmatis MC2 155	-	Actinomycetota	Prokaryote	NC_029043	0.0212	0.0063	0.0060	516
KM463009	1552733	1552733-1	53395	Mycobacterium phage Power	dsDNA	246196	Mycolicibacterium smegmatis MC2 155	-	Actinomycetota	Prokaryote	KM463009	0.0054	0.0125	0.0039	517
NC_054810	2743928	2743928-1	53399	Mycobacterium phage Georgie2	dsDNA	246196	Mycolicibacterium smegmatis MC2 155	-	Actinomycetota	Prokaryote	NC_054810	0.0182	0.0049	0.0039	518
NC_054805	2041517	2041517-1	53545	Mycobacterium phage Anselm	dsDNA	246196	Mycolicibacterium smegmatis MC2 155	-	Actinomycetota	Prokaryote	NC_054805	0.0118	0.0061	0.0	519
NC_054811	1983575	1983575-1	53085	Mycobacterium phage Heffalump	dsDNA	246196	Mycolicibacterium smegmatis MC2 155	-	Actinomycetota	Prokaryote	NC_054811	0.0096	0.0037	0.0	520
NC_054809	2126943	2126943-1	52618	Mycobacterium phage Fameo	dsDNA	246196	Mycolicibacterium smegmatis MC2 155	-	Actinomycetota	Prokaryote	NC_054809	0.0054	0.0040	0.0026	521
NC_054791	2024303	2024303-1	50514	Mycobacterium phage MyraDee	dsDNA	246196	Mycolicibacterium smegmatis MC2 155	-	Actinomycetota	Prokaryote	NC_054791	0.0056	0.0038	0.0	522
NC_022753	1354510	1354510-1	52282	Mycobacterium phage Fredward	dsDNA	246196	Mycolicibacterium smegmatis MC2 155	-	Actinomycetota	Prokaryote	NC_022753	0.0023	0.0028	0.0	523
NC_042335	2923007	2923007-1	49228	Mycobacterium phage Saintus	dsDNA	246196	Mycolicibacterium smegmatis MC2 155	-	Actinomycetota	Prokaryote	NC_042335	0.0	0.0050	0.0	524
NC_028860	1673873	1673873-1	52392	Mycobacterium phage Smeadley	dsDNA	246196	Mycolicibacterium smegmatis MC2 155	-	Actinomycetota	Prokaryote	NC_028860	0.0026	0.0	0.0	525
NC_042337	2902840	2902840-1	52494	Mycobacterium phage Astro	dsDNA	246196	Mycolicibacterium smegmatis MC2 155	-	Actinomycetota	Prokaryote	NC_042337	0.0026	0.0	0.0046	526
NC_054774	2126816	2126816-1	51594	Mycobacterium phage Naca	dsDNA	246196	Mycolicibacterium smegmatis MC2 155	-	Actinomycetota	Prokaryote	NC_054774	0.0	0.0	0.0	527
NC_028802	1673876	1673876-1	49158	Mycobacterium phage UnionJack	dsDNA	1763	Mycobacterium	-	Actinomycetota	Prokaryote	NC_028802	0.0032	0.0035	0.0	528
NC_054775	2517968	2517968-1	50693	Mycobacterium phage Scorpia	dsDNA	1772	Mycolicibacterium smegmatis	-	Actinomycetota	Prokaryote	NC_054775	0.0	0.0	0.0	529
NC_028897	1698366	1698366-1	49421	Mycobacterium phage Chadwick	dsDNA	246196	Mycolicibacterium smegmatis MC2 155	-	Actinomycetota	Prokaryote	NC_028897	0.0	0.0	0.0	530
NC_042331	2902890	2902890-1	51083	Mycobacterium phage Benedict	dsDNA	246196	Mycolicibacterium smegmatis MC2 155	-	Actinomycetota	Prokaryote	NC_042331	0.0	0.0	0.0	531
JX042578	1195069	1195069-1	51505	Mycobacterium phage ElTiger69	dsDNA	246196	Mycolicibacterium smegmatis MC2 155	-	Actinomycetota	Prokaryote	JX042578	0.0	0.0	0.0	532
JN083853	1041808	1041808-1	51241	Mycobacterium phage Airmid	dsDNA	246196	Mycolicibacterium smegmatis MC2 155	-	Actinomycetota	Prokaryote	JN083853	0.0	0.0	0.0	533
NC_028960	1718172	1718172-1	51543	Mycobacterium phage Theia	dsDNA	246196	Mycolicibacterium smegmatis MC2 155	-	Actinomycetota	Prokaryote	NC_028960	0.0	0.0	0.0	534
NC_042333	2922992	2922992-1	50965	Mycobacterium phage Cuco	dsDNA	246196	Mycolicibacterium smegmatis MC2 155	-	Actinomycetota	Prokaryote	NC_042333	0.0	0.0	0.0	535
NC_028912	1527534	1527534-1	49717	Mycobacterium phage Swirley	dsDNA	246196	Mycolicibacterium smegmatis MC2 155	-	Actinomycetota	Prokaryote	NC_028912	0.0	0.0	0.0	536
NC_022086	1340818	1340818-1	50690	Mycobacterium phage LittleCherry	dsDNA	246196	Mycolicibacterium smegmatis MC2 155	-	Actinomycetota	Prokaryote	NC_022086	0.0	0.0	0.0	537
NC_042312	2920883	2920883-1	51578	Mycobacterium phage George	dsDNA	246196	Mycolicibacterium smegmatis MC2 155	-	Actinomycetota	Prokaryote	NC_042312	0.0	0.0	0.0	538
NC_054776	2593355	2593355-1	51182	Mycobacterium phage Zolita	dsDNA	246196	Mycolicibacterium smegmatis MC2 155	-	Actinomycetota	Prokaryote	NC_054776	0.0	0.0	0.0	539
NC_054777	2664224	2664224-1	51052	Mycobacterium phage Bluefalcon	dsDNA	1772	Mycolicibacterium smegmatis	-	Actinomycetota	Prokaryote	NC_054777	0.0	0.0	0.0	540
NC_054778	2047836	2047836-1	47409	Mycobacterium phage Archetta	dsDNA	246196	Mycolicibacterium smegmatis MC2 155	-	Actinomycetota	Prokaryote	NC_054778	0.0	0.0	0.0	541
NC_041984	1161934	1161934-1	50332	Mycobacterium phage Tiger	dsDNA	246196	Mycolicibacterium smegmatis MC2 155	-	Actinomycetota	Prokaryote	NC_041984	0.0	0.0	0.0	542
NC_022984	1429912	1429912-1	51319	Mycobacterium phage Jovo	dsDNA	246196	Mycolicibacterium smegmatis MC2 155	-	Actinomycetota	Prokaryote	NC_022984	0.0	0.0	0.0	543
NC_022973	1391431	1391431-1	50755	Mycobacterium phage Conspiracy	dsDNA	246196	Mycolicibacterium smegmatis MC2 155	-	Actinomycetota	Prokaryote	NC_022973	0.0	0.0	0.0	544
NC_054792	2077134	2077134-1	51509	Mycobacterium phage PP	dsDNA	1763	Mycobacterium	-	Actinomycetota	Prokaryote	NC_054792	0.0163	0.0024	0.0025	545
NC_028914	1589274	1589274-1	52927	Mycobacterium phage Sheen	dsDNA	246196	Mycolicibacterium smegmatis MC2 155	-	Actinomycetota	Prokaryote	NC_028914	0.0063	0.0052	0.0	546
NC_054788	2077150	2077150-1	50013	Mycobacterium phage SWU2	dsDNA	246196	Mycolicibacterium smegmatis MC2 155	-	Actinomycetota	Prokaryote	NC_054788	0.0	0.0026	0.0052	547
NC_021308	1327770	1327770-1	52617	Mycobacterium phage HINdeR	dsDNA	246196	Mycolicibacterium smegmatis MC2 155	-	Actinomycetota	Prokaryote	NC_021308	0.0	0.0	0.0036	548
NC_041983	1032895	1032895-1	53278	Mycobacterium phage Timshel	dsDNA	246196	Mycolicibacterium smegmatis MC2 155	-	Actinomycetota	Prokaryote	NC_041983	0.0024	0.0	0.0	549
NC_054789	2744011	2744011-1	53254	Mycobacterium phage DroogsArmy	dsDNA	1772	Mycolicibacterium smegmatis	-	Actinomycetota	Prokaryote	NC_054789	0.0043	0.0	0.0	550
NC_054793	2024295	2024295-1	50283	Mycobacterium phage Kimona	dsDNA	246196	Mycolicibacterium smegmatis MC2 155	-	Actinomycetota	Prokaryote	NC_054793	0.0054	0.0	0.0026	551
NC_054770	2530154	2530154-1	50062	Mycobacterium phage Veracruz	dsDNA	1772	Mycolicibacterium smegmatis	-	Actinomycetota	Prokaryote	NC_054770	0.0066	0.0051	0.0037	552
KM592966	1551642	1551642-1	50066	Mycobacterium phage QuinnKiro	dsDNA	246196	Mycolicibacterium smegmatis MC2 155	-	Actinomycetota	Prokaryote	KM592966	0.0066	0.0051	0.0037	553
NC_054772	1897486	1897486-1	50657	Mycobacterium phage BabyRay	dsDNA	246196	Mycolicibacterium smegmatis MC2 155	-	Actinomycetota	Prokaryote	NC_054772	0.0033	0.0	0.0011	554
NC_054773	2126722	2126722-1	50006	Mycobacterium phage Pistachio	dsDNA	1771	Mycolicibacterium phlei	-	Actinomycetota	Prokaryote	NC_054773	0.0	0.0050	0.0048	555
NC_042328	2922217	2922217-1	50364	Mycobacterium phage HelDan	dsDNA	246196	Mycolicibacterium smegmatis MC2 155	-	Actinomycetota	Prokaryote	NC_042328	0.0063	0.0	0.0034	556
NC_054771	2725640	2725640-1	47895	Mycobacterium phage MA5	dsDNA	1772	Mycolicibacterium smegmatis	-	Actinomycetota	Prokaryote	NC_054771	0.0063	0.0108	0.0100	557
NC_024148	1486426	1486426-1	50101	Mycobacterium phage Phantastic	dsDNA	246196	Mycolicibacterium smegmatis MC2 155	-	Actinomycetota	Prokaryote	NC_024148	0.0119	0.0111	0.0	558
NC_042036	1034144	1034144-1	47780	Mycobacterium phage Rockstar	dsDNA	246196	Mycolicibacterium smegmatis MC2 155	-	Actinomycetota	Prokaryote	NC_042036	0.0099	0.0099	0.0	559
NC_021533	1262532	1262532-1	45942	Mycobacterium phage BTCU-1	dsDNA	1772	Mycolicibacterium smegmatis	-	Actinomycetota	Prokaryote	NC_021533	0.0042	0.0038	0.0095	560
NC_054759	1983577	1983577-1	48596	Mycobacterium phage Purple Haze	dsDNA	246196	Mycolicibacterium smegmatis MC2 155	-	Actinomycetota	Prokaryote	NC_054759	0.0056	0.0	0.0	561
NC_054761	2499071	2499071-1	48229	Mycobacterium phage Zetzy	dsDNA	246196	Mycolicibacterium smegmatis MC2 155	-	Actinomycetota	Prokaryote	NC_054761	0.0043	0.0068	0.0	562
NC_004682	2907831	2907831-1	50913	Mycobacterium phage Bxz2	dsDNA	1762	-	-	-	Prokaryote	NC_004682	0.0046	0.0027	0.0	563
KC661272	1327779	1327779-1	50891	Mycobacterium phage Methuselah	dsDNA	246196	Mycolicibacterium smegmatis MC2 155	-	Actinomycetota	Prokaryote	KC661272	0.0046	0.0027	0.0	564
KP017311	1567452	1567452-1	50989	Mycobacterium phage Spike509	dsDNA	246196	Mycolicibacterium smegmatis MC2 155	-	Actinomycetota	Prokaryote	KP017311	0.0046	0.0	0.0025	565
KP017310	1567451	1567451-1	49267	Mycobacterium phage Phoxy	dsDNA	246196	Mycolicibacterium smegmatis MC2 155	-	Actinomycetota	Prokaryote	KP017310	0.0046	0.0038	0.0025	566
NC_054760	2590944	2590944-1	50293	Mycobacterium phage SoilDragon	dsDNA	246196	Mycolicibacterium smegmatis MC2 155	-	Actinomycetota	Prokaryote	NC_054760	0.0079	0.0	0.0	567
NC_021535	1327772	1327772-1	50679	Mycobacterium phage Jobu08	dsDNA	246196	Mycolicibacterium smegmatis MC2 155	-	Actinomycetota	Prokaryote	NC_021535	0.0035	0.0	0.0	568
KM233455	1527517	1527517-1	49190	Mycobacterium phage Farber	dsDNA	246196	Mycolicibacterium smegmatis MC2 155	-	Actinomycetota	Prokaryote	KM233455	0.0086	0.0082	0.0035	569
NC_029018	1354511	1354511-1	50854	Mycobacterium phage Anubis	dsDNA	246196	Mycolicibacterium smegmatis MC2 155	-	Actinomycetota	Prokaryote	NC_029018	0.0076	0.0038	0.0036	570
KP027202	1567477	1567477-1	50877	Mycobacterium phage Taurus	dsDNA	246196	Mycolicibacterium smegmatis MC2 155	-	Actinomycetota	Prokaryote	KP027202	0.0065	0.0	0.0012	571
NC_042310	2920885	2920885-1	50877	Mycobacterium phage JHC117	dsDNA	246196	Mycolicibacterium smegmatis MC2 155	-	Actinomycetota	Prokaryote	NC_042310	0.0046	0.0	0.0012	572
NC_028757	1527535	1527535-1	50768	Mycobacterium phage Tiffany	dsDNA	1763	Mycobacterium	-	Actinomycetota	Prokaryote	NC_028757	0.0046	0.0	0.0046	573
NC_028798	1527516	1527516-1	50882	Mycobacterium phage MarQuardt	dsDNA	246196	Mycolicibacterium smegmatis MC2 155	-	Actinomycetota	Prokaryote	NC_028798	0.0075	0.0	0.0082	574
NC_042058	2920887	2920887-1	48491	Mycobacterium phage Wonder	dsDNA	1763	Mycobacterium	-	Actinomycetota	Prokaryote	NC_042058	0.0075	0.0	0.0035	575
NC_042311	2920884	2920884-1	50864	Mycobacterium phage Microwolf	dsDNA	246196	Mycolicibacterium smegmatis MC2 155	-	Actinomycetota	Prokaryote	NC_042311	0.0075	0.0073	0.0	576
NC_026591	1527536	1527536-1	44716	Mycobacterium phage Trike	dsDNA	246196	Mycolicibacterium smegmatis MC2 155	-	Actinomycetota	Prokaryote	NC_026591	0.0122	0.0024	0.0	577
NC_021307	1327776	1327776-1	49894	Mycobacterium phage Severus	dsDNA	246196	Mycolicibacterium smegmatis MC2 155	-	Actinomycetota	Prokaryote	NC_021307	0.0174	0.0	0.0037	578
NC_023609	1458846	1458846-1	46739	Mycobacterium phage RhynO	dsDNA	246196	Mycolicibacterium smegmatis MC2 155	-	Actinomycetota	Prokaryote	NC_023609	0.0095	0.0098	0.0023	579
NC_042340	2927989	2927989-1	50645	Mycobacterium phage Goose	dsDNA	246196	Mycolicibacterium smegmatis MC2 155	-	Actinomycetota	Prokaryote	NC_042340	0.0080	0.0028	0.0036	580
NC_041982	1161933	1161933-1	51094	Mycobacterium phage Twister	dsDNA	246196	Mycolicibacterium smegmatis MC2 155	-	Actinomycetota	Prokaryote	NC_041982	0.0126	0.0048	0.0	581
NC_042341	2927991	2927991-1	51235	Mycobacterium phage Rebeuca	dsDNA	246196	Mycolicibacterium smegmatis MC2 155	-	Actinomycetota	Prokaryote	NC_042341	0.0130	0.0039	0.0057	582
NC_054794	1897548	1897548-1	51591	Mycobacterium phage Stasia	dsDNA	246196	Mycolicibacterium smegmatis MC2 155	-	Actinomycetota	Prokaryote	NC_054794	0.0077	0.0	0.0038	583
NC_054801	2572317	2572317-1	51483	Mycobacterium phage Noelle	dsDNA	246196	Mycolicibacterium smegmatis MC2 155	-	Actinomycetota	Prokaryote	NC_054801	0.0022	0.0027	0.0038	584
NC_023709	1056833	1056833-1	51308	Mycobacterium phage Wile	dsDNA	246196	Mycolicibacterium smegmatis MC2 155	-	Actinomycetota	Prokaryote	NC_023709	0.0032	0.0051	0.0	585
NC_042308	2902881	2902881-1	51308	Mycobacterium phage Backyardigan	dsDNA	246196	Mycolicibacterium smegmatis MC2 155	-	Actinomycetota	Prokaryote	NC_042308	0.0033	0.0051	0.0	586
NC_054802	2517961	2517961-1	51300	Mycobacterium phage Miramae	dsDNA	1772	Mycolicibacterium smegmatis	-	Actinomycetota	Prokaryote	NC_054802	0.0139	0.0038	0.0	587
NC_054803	1897540	1897540-1	51257	Mycobacterium phage Mundrea	dsDNA	246196	Mycolicibacterium smegmatis MC2 155	-	Actinomycetota	Prokaryote	NC_054803	0.0023	0.0054	0.0	588
NC_054804	2041524	2041524-1	51575	Mycobacterium phage Cindaradix	dsDNA	246196	Mycolicibacterium smegmatis MC2 155	-	Actinomycetota	Prokaryote	NC_054804	0.0113	0.0	0.0	589
NC_054799	1927024	1927024-1	51131	Mycobacterium phage Camperdownii	dsDNA	246196	Mycolicibacterium smegmatis MC2 155	-	Actinomycetota	Prokaryote	NC_054799	0.0159	0.0027	0.0022	590
NC_054798	2301608	2301608-1	51029	Mycobacterium phage Wizard007	dsDNA	246196	Mycolicibacterium smegmatis MC2 155	-	Actinomycetota	Prokaryote	NC_054798	0.0118	0.0026	0.0024	591
NC_054797	2686232	2686232-1	51679	Mycobacterium phage Cintron	dsDNA	246196	Mycolicibacterium smegmatis MC2 155	-	Actinomycetota	Prokaryote	NC_054797	0.0154	0.0026	0.0036	592
NC_023577	1445715	1445715-1	51797	Mycobacterium phage Obama12	dsDNA	246196	Mycolicibacterium smegmatis MC2 155	-	Actinomycetota	Prokaryote	NC_023577	0.0088	0.0	0.0	593
NC_023745	2923002	2923002-1	51813	Mycobacterium phage LHTSCC	dsDNA	246196	Mycolicibacterium smegmatis MC2 155	-	Actinomycetota	Prokaryote	NC_023745	0.0078	0.0	0.0	594
NC_054795	2041522	2041522-1	51809	Mycobacterium phage Cerulean	dsDNA	246196	Mycolicibacterium smegmatis MC2 155	-	Actinomycetota	Prokaryote	NC_054795	0.0110	0.0	0.0	595
NC_028687	1755681	1755681-1	51637	Mycobacterium phage Iracema64	dsDNA	246196	Mycolicibacterium smegmatis MC2 155	-	Actinomycetota	Prokaryote	NC_028687	0.0100	0.0	0.0	596
NC_042339	2902839	2902839-1	51500	Mycobacterium phage Arturo	dsDNA	246196	Mycolicibacterium smegmatis MC2 155	-	Actinomycetota	Prokaryote	NC_042339	0.0066	0.0026	0.0	597
KF841476	1429792	1429792-1	51369	Mycobacterium phage Melvin	dsDNA	246196	Mycolicibacterium smegmatis MC2 155	-	Actinomycetota	Prokaryote	KF841476	0.0139	0.0026	0.0	598
KF024733	1340834	1340834-1	51384	Mycobacterium phage Medusa	dsDNA	246196	Mycolicibacterium smegmatis MC2 155	-	Actinomycetota	Prokaryote	KF024733	0.0137	0.0026	0.0	599
HM152766	861046	861046-1	51436	Mycobacterium phage Eagle	dsDNA	246196	Mycolicibacterium smegmatis MC2 155	-	Actinomycetota	Prokaryote	HM152766	0.0155	0.0026	0.0	600
NC_024141	1486425	1486425-1	51378	Mycobacterium phage Kampy	dsDNA	246196	Mycolicibacterium smegmatis MC2 155	-	Actinomycetota	Prokaryote	NC_024141	0.0118	0.0026	0.0	601
NC_054796	1916120	1916120-1	47079	Mycobacterium phage LeoAvram	dsDNA	1772	Mycolicibacterium smegmatis	-	Actinomycetota	Prokaryote	NC_054796	0.0077	0.0037	0.0	602
NC_023562	1429791	1429791-1	51236	Mycobacterium phage BellusTerra	dsDNA	246196	Mycolicibacterium smegmatis MC2 155	-	Actinomycetota	Prokaryote	NC_023562	0.0142	0.0026	0.0	603
NC_023565	1445714	1445714-1	51250	Mycobacterium phage Nyxis	dsDNA	246196	Mycolicibacterium smegmatis MC2 155	-	Actinomycetota	Prokaryote	NC_023565	0.0088	0.0026	0.0	604
NC_054800	1176425	1176425-1	51440	Mycobacterium phage ICleared	dsDNA	246196	Mycolicibacterium smegmatis MC2 155	-	Actinomycetota	Prokaryote	NC_054800	0.0158	0.0026	0.0023	605
JF792674	1034124	1034124-1	51369	Mycobacterium phage Shaka	dsDNA	246196	Mycolicibacterium smegmatis MC2 155	-	Actinomycetota	Prokaryote	JF792674	0.0106	0.0026	0.0063	606
NC_013694	2919546	2919546-1	51376	Mycobacterium phage Peaches	dsDNA	246196	Mycolicibacterium smegmatis MC2 155	-	Actinomycetota	Prokaryote	NC_013694	0.0120	0.0026	0.0013	607
JN243856	1056832	1056832-1	51368	Mycobacterium phage MeeZee	dsDNA	246196	Mycolicibacterium smegmatis MC2 155	-	Actinomycetota	Prokaryote	JN243856	0.0127	0.0026	0.0024	608
KP027198	1567470	1567470-1	51376	Mycobacterium phage Gadost	dsDNA	246196	Mycolicibacterium smegmatis MC2 155	-	Actinomycetota	Prokaryote	KP027198	0.0109	0.0026	0.0024	609
KP057620	1567483	1567483-1	51370	Mycobacterium phage HamSlice	dsDNA	1763	Mycobacterium	-	Actinomycetota	Prokaryote	KP057620	0.0116	0.0026	0.0024	610
JN561150	1074829	1074829-1	51367	Mycobacterium phage TiroTheta9	dsDNA	246196	Mycolicibacterium smegmatis MC2 155	-	Actinomycetota	Prokaryote	JN561150	0.0077	0.0026	0.0024	611
JQ809701	1168593	1168593-1	51370	Mycobacterium phage Flux	dsDNA	246196	Mycolicibacterium smegmatis MC2 155	-	Actinomycetota	Prokaryote	JQ809701	0.0068	0.0026	0.0024	612
JX307703	1211284	1211284-1	51377	Mycobacterium phage Sabertooth	dsDNA	246196	Mycolicibacterium smegmatis MC2 155	-	Actinomycetota	Prokaryote	JX307703	0.0147	0.0026	0.0	613
KC661271	1327769	1327769-1	51373	Mycobacterium phage Dhanush	dsDNA	246196	Mycolicibacterium smegmatis MC2 155	-	Actinomycetota	Prokaryote	KC661271	0.0148	0.0038	0.0	614
NC_041961	1772319	1772319-1	67592	Arthrobacter phage Tank	dsDNA	1771959	Arthrobacter sp. ATCC 21022	-	Actinomycetota	Prokaryote	NC_041961	0.0067	0.0088	0.0060	615
NC_070838	2836091	2836091-1	65232	Arthrobacter phage SilentRX	dsDNA	1665	Arthrobacter globiformis	-	Actinomycetota	Prokaryote	NC_070838	0.0539	0.0403	0.0255	616
NC_031254	1796996	1796996-1	58560	Arthrobacter phage Kitkat	dsDNA	1771959	Arthrobacter sp. ATCC 21022	-	Actinomycetota	Prokaryote	NC_031254	0.0043	0.0088	0.0023	617
NC_031231	1796995	1796995-1	58871	Arthrobacter phage KellEzio	dsDNA	1771959	Arthrobacter sp. ATCC 21022	-	Actinomycetota	Prokaryote	NC_031231	0.0054	0.0081	0.0	618
NC_073458	2565372	2565372-1	37429	Corynebacterium phage EmiRose	dsDNA	28028	Corynebacterium flavescens	-	Actinomycetota	Prokaryote	NC_073458	0.0	0.0	0.0	619
NC_009799	28358	28358-1	42972	Corynebacterium phage BFK20	dsDNA	92706	[Brevibacterium] flavum	-	Actinomycetota	Prokaryote	NC_009799	0.0	0.0036	0.0	620
NC_042355	2052822	2052822-1	43193	Corynebacterium phage phi674	dsDNA	1718	Corynebacterium glutamicum	-	Actinomycetota	Prokaryote	NC_042355	0.0	0.0	0.0	621
NC_042354	2052821	2052821-1	44530	Corynebacterium phage phi673	dsDNA	1718	Corynebacterium glutamicum	-	Actinomycetota	Prokaryote	NC_042354	0.0	0.0	0.0	622
NC_030932	1622193	1622193-1	43505	Gordonia phage Gsput1	dsDNA	36823	Gordonia sputi	-	Actinomycetota	Prokaryote	NC_030932	0.0	0.0038	0.0022	623
NC_054436	2301697	2301697-1	43099	Gordonia phage Schmidt	dsDNA	2055	Gordonia terrae	-	Actinomycetota	Prokaryote	NC_054436	0.0011	0.0098	0.0110	624
NC_054434	2301538	2301538-1	46888	Gordonia phage Catfish	dsDNA	2055	Gordonia terrae	-	Actinomycetota	Prokaryote	NC_054434	0.0	0.0064	0.0025	625
NC_054435	2588489	2588489-1	43143	Gordonia phage Dardanus	dsDNA	2055	Gordonia terrae	-	Actinomycetota	Prokaryote	NC_054435	0.0136	0.0065	0.0147	626
NC_054437	2797324	2797324-1	43366	Gordonia phage TinaLin	dsDNA	2055	Gordonia terrae	-	Actinomycetota	Prokaryote	NC_054437	0.0084	0.0	0.0028	627
NC_054438	2744004	2744004-1	44904	Gordonia phage TZGordon	dsDNA	2055	Gordonia terrae	-	Actinomycetota	Prokaryote	NC_054438	0.0113	0.0066	0.0	628
NC_030911	1838082	1838082-1	45858	Gordonia phage Vendetta	dsDNA	2055	Gordonia terrae	-	Actinomycetota	Prokaryote	NC_030911	0.0132	0.0040	0.0038	629
NC_030927	1838080	1838080-1	45858	Gordonia phage Splinter	dsDNA	2055	Gordonia terrae	-	Actinomycetota	Prokaryote	NC_030927	0.0132	0.0040	0.0038	630
NC_031028	1887647	1887647-1	45285	Gordonia phage Ghobes	dsDNA	2055	Gordonia terrae	-	Actinomycetota	Prokaryote	NC_031028	0.0076	0.0077	0.0109	631
NC_054392	2759389	2759389-1	44938	Gordonia phage Archimedes	dsDNA	2055	Gordonia terrae	-	Actinomycetota	Prokaryote	NC_054392	0.0	0.0027	0.0	632
NC_054422	2047760	2047760-1	43891	Arthrobacter phage Huntingdon	dsDNA	1771959	Arthrobacter sp. ATCC 21022	-	Actinomycetota	Prokaryote	NC_054422	0.0	0.0	0.0	633
NC_054426	2015865	2015865-1	44045	Arthrobacter phage Nubia	dsDNA	1771959	Arthrobacter sp. ATCC 21022	-	Actinomycetota	Prokaryote	NC_054426	0.0	0.0	0.0	634
NC_041942	1772303	1772303-1	44183	Arthrobacter phage Joann	dsDNA	1771959	Arthrobacter sp. ATCC 21022	-	Actinomycetota	Prokaryote	NC_041942	0.0	0.0	0.0	635
NC_054427	1897429	1897429-1	44163	Arthrobacter phage Oxynfrius	dsDNA	1771959	Arthrobacter sp. ATCC 21022	-	Actinomycetota	Prokaryote	NC_054427	0.0033	0.0	0.0	636
NC_054421	1897428	1897428-1	43977	Arthrobacter phage Greenhouse	dsDNA	1771959	Arthrobacter sp. ATCC 21022	-	Actinomycetota	Prokaryote	NC_054421	0.0	0.0	0.0	637
NC_054420	2499003	2499003-1	44251	Arthrobacter phage GreenHearts	dsDNA	1771959	Arthrobacter sp. ATCC 21022	-	Actinomycetota	Prokaryote	NC_054420	0.0	0.0	0.0	638
NC_041941	1772300	1772300-1	43336	Arthrobacter phage HunterDalle	dsDNA	1771959	Arthrobacter sp. ATCC 21022	-	Actinomycetota	Prokaryote	NC_041941	0.0	0.0	0.0026	639
NC_054428	2250416	2250416-1	43950	Arthrobacter phage Sergei	dsDNA	1771959	Arthrobacter sp. ATCC 21022	-	Actinomycetota	Prokaryote	NC_054428	0.0	0.0067	0.0	640
NC_041945	1772311	1772311-1	42830	Arthrobacter phage Pumancara	dsDNA	1771959	Arthrobacter sp. ATCC 21022	-	Actinomycetota	Prokaryote	NC_041945	0.0	0.0093	0.0	641
NC_041946	1772322	1772322-1	44371	Arthrobacter phage Wayne	dsDNA	1771959	Arthrobacter sp. ATCC 21022	-	Actinomycetota	Prokaryote	NC_041946	0.0	0.0	0.0	642
NC_054424	2499008	2499008-1	43496	Arthrobacter phage Litotes	dsDNA	1771959	Arthrobacter sp. ATCC 21022	-	Actinomycetota	Prokaryote	NC_054424	0.0	0.0	0.0	643
NC_054429	2047867	2047867-1	43940	Arthrobacter phage Urla	dsDNA	1771959	Arthrobacter sp. ATCC 21022	-	Actinomycetota	Prokaryote	NC_054429	0.0	0.0039	0.0	644
NC_054425	2743906	2743906-1	43746	Arthrobacter phage MamaPearl	dsDNA	1771959	Arthrobacter sp. ATCC 21022	-	Actinomycetota	Prokaryote	NC_054425	0.0	0.0025	0.0	645
NC_054430	2499021	2499021-1	43850	Arthrobacter phage Wawa	dsDNA	1771959	Arthrobacter sp. ATCC 21022	-	Actinomycetota	Prokaryote	NC_054430	0.0	0.0	0.0	646
NC_041943	1772304	1772304-1	43707	Arthrobacter phage Korra	dsDNA	1771959	Arthrobacter sp. ATCC 21022	-	Actinomycetota	Prokaryote	NC_041943	0.0	0.0	0.0	647
NC_041940	1772297	1772297-1	44389	Arthrobacter phage Glenn	dsDNA	1771959	Arthrobacter sp. ATCC 21022	-	Actinomycetota	Prokaryote	NC_041940	0.0	0.0	0.0	648
NC_054419	2743905	2743905-1	43089	Arthrobacter phage Gisselle	dsDNA	1771959	Arthrobacter sp. ATCC 21022	-	Actinomycetota	Prokaryote	NC_054419	0.0	0.0	0.0	649
NC_041944	1772310	1772310-1	43374	Arthrobacter phage Preamble	dsDNA	1771959	Arthrobacter sp. ATCC 21022	-	Actinomycetota	Prokaryote	NC_041944	0.0	0.0	0.0	650
NC_054423	2794944	2794944-1	43603	Arthrobacter phage Kittykat	dsDNA	1771959	Arthrobacter sp. ATCC 21022	-	Actinomycetota	Prokaryote	NC_054423	0.0	0.0026	0.0025	651
NC_041938	1772293	1772293-1	43075	Arthrobacter phage Bennie	dsDNA	1771959	Arthrobacter sp. ATCC 21022	-	Actinomycetota	Prokaryote	NC_041938	0.0	0.0052	0.0	652
NC_041939	1772296	1772296-1	42601	Arthrobacter phage DrRobert	dsDNA	1771959	Arthrobacter sp. ATCC 21022	-	Actinomycetota	Prokaryote	NC_041939	0.0	0.0	0.0	653
NC_054418	2488953	2488953-1	43357	Arthrobacter phage BigMack	dsDNA	1771959	Arthrobacter sp. ATCC 21022	-	Actinomycetota	Prokaryote	NC_054418	0.0	0.0051	0.0	654
NC_047991	2201431	2201431-1	43758	Gordonia phage Trine	dsDNA	2055	Gordonia terrae	-	Actinomycetota	Prokaryote	NC_047991	0.0203	0.0294	0.0239	655
NC_042089	2047873	2047873-1	42475	Gordonia phage Mahdia	dsDNA	2055	Gordonia terrae	-	Actinomycetota	Prokaryote	NC_042089	0.0102	0.0085	0.0057	656
NC_042088	2047872	2047872-1	44408	Gordonia phage Gustav	dsDNA	2055	Gordonia terrae	-	Actinomycetota	Prokaryote	NC_042088	0.0166	0.0174	0.0261	657
NC_079143	3038367	3038367-1	40547	Gordonia phage Tarzan	dsDNA	2055	Gordonia terrae	-	Actinomycetota	Prokaryote	NC_079143	0.0220	0.0223	0.0264	658
NC_079144	2571250	2571250-1	41500	Gordonia phage Reyja	dsDNA	2055	Gordonia terrae	-	Actinomycetota	Prokaryote	NC_079144	0.0252	0.0166	0.0164	659
NC_079142	2927281	2927281-1	39295	Gordonia phage Santhid	dsDNA	2055	Gordonia terrae	-	Actinomycetota	Prokaryote	NC_079142	0.0199	0.0178	0.0166	660
NC_079145	2859476	2859476-1	40579	Gordonia phage Jojo24	dsDNA	2055	Gordonia terrae	-	Actinomycetota	Prokaryote	NC_079145	0.0219	0.0249	0.0300	661
NC_041876	1772326	1772326-1	37809	Arthrobacter phage Galaxy	dsDNA	1771959	Arthrobacter sp. ATCC 21022	-	Actinomycetota	Prokaryote	NC_041876	0.0205	0.0124	0.0092	662
NC_042002	2015853	2015853-1	39122	Arthrobacter phage Abidatro	dsDNA	1771959	Arthrobacter sp. ATCC 21022	-	Actinomycetota	Prokaryote	NC_042002	0.0102	0.0067	0.0096	663
NC_048098	2419946	2419946-1	38802	Arthrobacter phage Andrew	dsDNA	1665	Arthrobacter globiformis	-	Actinomycetota	Prokaryote	NC_048098	0.0079	0.0031	0.0	664
NC_049473	2653270	2653270-1	38850	Arthrobacter phage Kuleana	dsDNA	1665	Arthrobacter globiformis	-	Actinomycetota	Prokaryote	NC_049473	0.0051	0.0101	0.0	665
NC_048100	2419959	2419959-1	38449	Arthrobacter phage Kepler	dsDNA	1665	Arthrobacter globiformis	-	Actinomycetota	Prokaryote	NC_048100	0.0044	0.0086	0.0081	666
NC_048099	2419951	2419951-1	38317	Arthrobacter phage Coral	dsDNA	1665	Arthrobacter globiformis	-	Actinomycetota	Prokaryote	NC_048099	0.0057	0.0131	0.0067	667
NC_048090	2419971	2419971-1	39928	Microbacterium phage Armstrong	dsDNA	104336	Microbacterium foliorum	-	Actinomycetota	Prokaryote	NC_048090	0.0313	0.0217	0.0184	668
NC_073427	2894293	2894293-1	40567	Microbacterium phage Franklin22	dsDNA	2033	Microbacterium testaceum	-	Actinomycetota	Prokaryote	NC_073427	0.0243	0.0205	0.0070	669
NC_048017	2250289	2250289-1	40833	Microbacterium phage Eden	dsDNA	104336	Microbacterium foliorum	-	Actinomycetota	Prokaryote	NC_048017	0.0152	0.0163	0.0180	670
NC_042099	2065199	2065199-1	41593	Microbacterium phage Dismas	dsDNA	104336	Microbacterium foliorum	-	Actinomycetota	Prokaryote	NC_042099	0.0573	0.0338	0.0382	671
NC_073428	2776868	2776868-1	41876	Microbacterium phage Quenya	dsDNA	104336	Microbacterium foliorum	-	Actinomycetota	Prokaryote	NC_073428	0.0578	0.0349	0.0355	672
NC_073430	2912654	2912654-1	41712	Microbacterium phage Katzastrophic	dsDNA	104336	Microbacterium foliorum	-	Actinomycetota	Prokaryote	NC_073430	0.0284	0.0247	0.0209	673
NC_073429	2591214	2591214-1	42169	Microbacterium phage Celaena	dsDNA	104336	Microbacterium foliorum	-	Actinomycetota	Prokaryote	NC_073429	0.0285	0.0113	0.0180	674
NC_073431	2725619	2725619-1	41522	Microbacterium phage AvGardian	dsDNA	104336	Microbacterium foliorum	-	Actinomycetota	Prokaryote	NC_073431	0.0485	0.0368	0.0187	675
NC_073432	2126929	2126929-1	42139	Microbacterium phage Elva	dsDNA	104336	Microbacterium foliorum	-	Actinomycetota	Prokaryote	NC_073432	0.0392	0.0238	0.0163	676
NC_073433	2829393	2829393-1	41814	Microbacterium phage Stoor	dsDNA	104336	Microbacterium foliorum	-	Actinomycetota	Prokaryote	NC_073433	0.0515	0.0323	0.0441	677
NC_073435	2713263	2713263-1	41594	Microbacterium phage Stromboli	dsDNA	104336	Microbacterium foliorum	-	Actinomycetota	Prokaryote	NC_073435	0.0543	0.0316	0.0331	678
NC_073434	2590932	2590932-1	41692	Microbacterium Phage DirtyBubble	dsDNA	104336	Microbacterium foliorum	-	Actinomycetota	Prokaryote	NC_073434	0.0520	0.0330	0.0311	679
NC_073437	2776867	2776867-1	42174	Microbacterium phage Lahqtemish	dsDNA	104336	Microbacterium foliorum	-	Actinomycetota	Prokaryote	NC_073437	0.0183	0.0163	0.0140	680
NC_073439	2885152	2885152-1	41958	Microbacterium phage IndyLu	dsDNA	104336	Microbacterium foliorum	-	Actinomycetota	Prokaryote	NC_073439	0.0173	0.0124	0.0149	681
NC_073438	2126928	2126928-1	42655	Microbacterium phage Didgeridoo	dsDNA	104336	Microbacterium foliorum	-	Actinomycetota	Prokaryote	NC_073438	0.0149	0.0111	0.0237	682
NC_073446	2725651	2725651-1	41448	Microbacterium phage Lynlen	dsDNA	104336	Microbacterium foliorum	-	Actinomycetota	Prokaryote	NC_073446	0.0196	0.0158	0.0293	683
NC_073447	2927243	2927243-1	41261	Microbacterium phage Kenzers	dsDNA	104336	Microbacterium foliorum	-	Actinomycetota	Prokaryote	NC_073447	0.0210	0.0193	0.0333	684
NC_073450	2867473	2867473-1	41510	Microbacterium phage Swervy	dsDNA	104336	Microbacterium foliorum	-	Actinomycetota	Prokaryote	NC_073450	0.0226	0.0190	0.0173	685
NC_073451	2985323	2985323-1	41147	Microbacterium phage Jovita	dsDNA	104336	Microbacterium foliorum	-	Actinomycetota	Prokaryote	NC_073451	0.0216	0.0128	0.0205	686
NC_073449	2985325	2985325-1	41685	Microbacterium phage QMacho	dsDNA	104336	Microbacterium foliorum	-	Actinomycetota	Prokaryote	NC_073449	0.0339	0.0125	0.0206	687
NC_073448	2926098	2926098-1	41379	Microbacterium phage Eula	dsDNA	104336	Microbacterium foliorum	-	Actinomycetota	Prokaryote	NC_073448	0.0265	0.0128	0.0119	688
NC_073441	2871539	2871539-1	41195	Microbacterium phage Doobus	dsDNA	104336	Microbacterium foliorum	-	Actinomycetota	Prokaryote	NC_073441	0.0189	0.0104	0.0190	689
NC_073440	2816467	2816467-1	40883	Microbacterium phage Albright	dsDNA	104336	Microbacterium foliorum	-	Actinomycetota	Prokaryote	NC_073440	0.0099	0.0152	0.0058	690
NC_073444	2776864	2776864-1	41200	Microbacterium phage Avocadoman	dsDNA	104336	Microbacterium foliorum	-	Actinomycetota	Prokaryote	NC_073444	0.0158	0.0143	0.0157	691
NC_073445	2851101	2851101-1	41003	Microbacterium phage Abigail	dsDNA	104336	Microbacterium foliorum	-	Actinomycetota	Prokaryote	NC_073445	0.0093	0.0106	0.0161	692
NC_073452	2572529	2572529-1	41814	Microbacterium phage BubbaBear	dsDNA	104336	Microbacterium foliorum	-	Actinomycetota	Prokaryote	NC_073452	0.0217	0.0167	0.0204	693
NC_073443	2776866	2776866-1	41340	Microbacterium phage DickRichards	dsDNA	104336	Microbacterium foliorum	-	Actinomycetota	Prokaryote	NC_073443	0.0198	0.0104	0.0197	694
NC_073442	2762415	2762415-1	41417	Microbacterium phage Burritobowl	dsDNA	104336	Microbacterium foliorum	-	Actinomycetota	Prokaryote	NC_073442	0.0177	0.0121	0.0187	695
NC_073453	2836011	2836011-1	41471	Microbacterium phage CroZenni	dsDNA	104336	Microbacterium foliorum	-	Actinomycetota	Prokaryote	NC_073453	0.0156	0.0091	0.0135	696
NC_073455	2772023	2772023-1	41665	Microbacterium phage AnnaLie	dsDNA	104336	Microbacterium foliorum	-	Actinomycetota	Prokaryote	NC_073455	0.0117	0.0091	0.0229	697
NC_073454	2653275	2653275-1	41531	Microbacterium phage SansAfet	dsDNA	104336	Microbacterium foliorum	-	Actinomycetota	Prokaryote	NC_073454	0.0204	0.0128	0.0247	698
NC_073436	2591213	2591213-1	42129	Microbacterium phage Arroyo	dsDNA	104336	Microbacterium foliorum	-	Actinomycetota	Prokaryote	NC_073436	0.0252	0.0152	0.0260	699
NC_016655	1109712	1109712-1	51342	Rhodococcus phage REQ1	dsDNA	85025	-	-	-	Prokaryote	NC_016655	0.0308	0.0076	0.0129	700
NC_073469	2927284	2927284-1	42211	Arthrobacter phage Shambre1	dsDNA	1665	Arthrobacter globiformis	-	Actinomycetota	Prokaryote	NC_073469	0.0073	0.0098	0.0203	701
NC_048152	2510495	2510495-1	61073	Arthrobacter phage Sonali	dsDNA	1665	Arthrobacter globiformis	-	Actinomycetota	Prokaryote	NC_048152	0.0379	0.0218	0.0276	702
NC_049478	2656526	2656526-1	60205	Arthrobacter phage Mufasa8	dsDNA	1771959	Arthrobacter sp. ATCC 21022	-	Actinomycetota	Prokaryote	NC_049478	0.0223	0.0114	0.0097	703
NC_055034	2015873	2015873-1	59879	Arthrobacter phage Wheelbite	dsDNA	1771959	Arthrobacter sp. ATCC 21022	-	Actinomycetota	Prokaryote	NC_055034	0.0086	0.0025	0.0083	704
NC_055032	2015860	2015860-1	60137	Arthrobacter phage LiSara	dsDNA	1771959	Arthrobacter sp. ATCC 21022	-	Actinomycetota	Prokaryote	NC_055032	0.0055	0.0134	0.0070	705
NC_055033	1772314	1772314-1	59807	Arthrobacter phage Salgado	dsDNA	1771959	Arthrobacter sp. ATCC 21022	-	Actinomycetota	Prokaryote	NC_055033	0.0096	0.0124	0.0088	706
NC_041947	1772305	1772305-1	60005	Arthrobacter phage Laroye	dsDNA	1771959	Arthrobacter sp. ATCC 21022	-	Actinomycetota	Prokaryote	NC_041947	0.0111	0.0102	0.0048	707
NC_073593	2510522	2510522-1	42954	Arthrobacter phage Elesar	dsDNA	1665	Arthrobacter globiformis	-	Actinomycetota	Prokaryote	NC_073593	0.0066	0.0024	0.0120	708
NC_073592	2859633	2859633-1	41822	Arthrobacter phage Popper	dsDNA	1665	Arthrobacter globiformis	-	Actinomycetota	Prokaryote	NC_073592	0.0082	0.0089	0.0135	709
NC_073590	2944951	2944951-1	41834	Arthrobacter phage Cole	dsDNA	1665	Arthrobacter globiformis	-	Actinomycetota	Prokaryote	NC_073590	0.0090	0.0048	0.0121	710
NC_073588	2419963	2419963-1	42378	Arthrobacter phage Nandita	dsDNA	1665	Arthrobacter globiformis	-	Actinomycetota	Prokaryote	NC_073588	0.0042	0.0037	0.0092	711
NC_073591	2836041	2836041-1	42874	Arthrobacter phage Zaheer	dsDNA	1665	Arthrobacter globiformis	-	Actinomycetota	Prokaryote	NC_073591	0.0065	0.0063	0.0125	712
NC_073589	2419968	2419968-1	43182	Arthrobacter phage Ryan	dsDNA	1665	Arthrobacter globiformis	-	Actinomycetota	Prokaryote	NC_073589	0.0098	0.0037	0.0203	713
NC_022972	1414742	1414742-1	37372	Arthrobacter phage vB_ArS-ArV2	dsDNA	1667	Arthrobacter sp.	-	Actinomycetota	Prokaryote	NC_022972	0.0115	0.0	0.0	714
NC_073594	2985648	2985648-1	50446	Arthrobacter phage Bauer	dsDNA	1665	Arthrobacter globiformis	-	Actinomycetota	Prokaryote	NC_073594	0.0023	0.0	0.0035	715
NC_070769	2250414	2250414-1	39448	Arthrobacter phage MargaretKali	dsDNA	1771959	Arthrobacter sp. ATCC 21022	-	Actinomycetota	Prokaryote	NC_070769	0.0	0.0	0.0	716
NC_070768	2588498	2588498-1	40317	Arthrobacter phage Kumotta	dsDNA	1771959	Arthrobacter sp. ATCC 21022	-	Actinomycetota	Prokaryote	NC_070768	0.0	0.0	0.0	717
NC_048140	2499009	2499009-1	36776	Arthrobacter phage Maja	dsDNA	1665	Arthrobacter globiformis	-	Actinomycetota	Prokaryote	NC_048140	0.0077	0.0037	0.0048	718
NC_070771	2704035	2704035-1	37783	Arthrobacter phage Shoya	dsDNA	1665	Arthrobacter globiformis	-	Actinomycetota	Prokaryote	NC_070771	0.0036	0.0026	0.0127	719
NC_070770	2885974	2885974-1	36407	Arthrobacter phage Sarge	dsDNA	1665	Arthrobacter globiformis	-	Actinomycetota	Prokaryote	NC_070770	0.0065	0.0	0.0024	720
NC_049470	2599838	2599838-1	45507	Arthrobacter phage TripleJ	dsDNA	1665	Arthrobacter globiformis	-	Actinomycetota	Prokaryote	NC_049470	0.0061	0.0074	0.0142	721
NC_048096	2419965	2419965-1	44103	Arthrobacter phage Peas	dsDNA	1665	Arthrobacter globiformis	-	Actinomycetota	Prokaryote	NC_048096	0.0087	0.0024	0.0178	722
NC_048094	2419956	2419956-1	41165	Arthrobacter phage Eileen	dsDNA	1665	Arthrobacter globiformis	-	Actinomycetota	Prokaryote	NC_048094	0.0054	0.0170	0.0162	723
NC_048092	2419950	2419950-1	43706	Arthrobacter phage Constance	dsDNA	1665	Arthrobacter globiformis	-	Actinomycetota	Prokaryote	NC_048092	0.0137	0.0119	0.0196	724
NC_048095	2419958	2419958-1	43440	Arthrobacter phage Judy	dsDNA	1665	Arthrobacter globiformis	-	Actinomycetota	Prokaryote	NC_048095	0.0148	0.0111	0.0248	725
NC_048091	2419949	2419949-1	43113	Arthrobacter phage Bridgette	dsDNA	1665	Arthrobacter globiformis	-	Actinomycetota	Prokaryote	NC_048091	0.0099	0.0074	0.0197	726
NC_070837	2419957	2419957-1	52490	Arthrobacter phage Faja	dsDNA	1665	Arthrobacter globiformis	-	Actinomycetota	Prokaryote	NC_070837	0.0334	0.0026	0.0084	727
NC_070834	2836007	2836007-1	50433	Arthrobacter phage Persistence	dsDNA	1665	Arthrobacter globiformis	-	Actinomycetota	Prokaryote	NC_070834	0.0303	0.0	0.0028	728
NC_070833	2419609	2419609-1	51476	Arthrobacter phage Hestia	dsDNA	1665	Arthrobacter globiformis	-	Actinomycetota	Prokaryote	NC_070833	0.0333	0.0	0.0058	729
NC_070836	2419611	2419611-1	56481	Arthrobacter phage Seahorse	dsDNA	1665	Arthrobacter globiformis	-	Actinomycetota	Prokaryote	NC_070836	0.0318	0.0	0.0058	730
NC_070835	2419610	2419610-1	53234	Arthrobacter phage Isolde	dsDNA	1665	Arthrobacter globiformis	-	Actinomycetota	Prokaryote	NC_070835	0.0354	0.0	0.0058	731
NC_070831	2419967	2419967-1	53867	Arthrobacter phage Richie	dsDNA	1665	Arthrobacter globiformis	-	Actinomycetota	Prokaryote	NC_070831	0.0340	0.0	0.0028	732
NC_070832	2419948	2419948-1	49447	Arthrobacter phage Auxilium	dsDNA	1665	Arthrobacter globiformis	-	Actinomycetota	Prokaryote	NC_070832	0.0343	0.0	0.0081	733
NC_003085	49964	49964-1	49534	Myxococcus phage Mx8	dsDNA	34	Myxococcus xanthus	-	Myxococcota	Prokaryote	NC_003085	0.0080	0.0197	0.0114	734
NC_073470	2805839	2805839-1	45431	Microbacterium phage Shocker	dsDNA	199592	Microbacterium paraoxydans	-	Actinomycetota	Prokaryote	NC_073470	0.0	0.0111	0.0025	735
NC_047912	2070184	2070184-1	34075	Faecalibacterium phage FP_Lugh	dsDNA	853	Faecalibacterium prausnitzii	-	Bacillota	Prokaryote	NC_047912	0.0057	0.0	0.0	736
NC_021347	1007869	1007869-1	142563	Rhodococcus phage E3	dsDNA	85025	-	-	-	Prokaryote	NC_021347	0.0691	0.0567	0.0554	737
NC_054724	2094144	2094144-1	138896	Rhodococcus phage Finch	dsDNA	1833	Rhodococcus erythropolis	-	Actinomycetota	Prokaryote	NC_054724	0.0250	0.0120	0.0164	738
NC_054726	2656541	2656541-1	136319	Gordonia phage Stormageddon	dsDNA	2055	Gordonia terrae	-	Actinomycetota	Prokaryote	NC_054726	0.0314	0.0294	0.0121	739
NC_054727	2591223	2591223-1	136361	Mycobacterium phage Phrappuccino	dsDNA	1772	Mycolicibacterium smegmatis	-	Actinomycetota	Prokaryote	NC_054727	0.0774	0.0584	0.0708	740
NC_054725	2704033	2704033-1	152435	Gordonia phage Skog	dsDNA	2055	Gordonia terrae	-	Actinomycetota	Prokaryote	NC_054725	0.0699	0.0408	0.0296	741
NC_054723	2571249	2571249-1	150830	Gordonia phage Pupper	dsDNA	2055	Gordonia terrae	-	Actinomycetota	Prokaryote	NC_054723	0.0674	0.0641	0.0417	742
NC_054714	2027899	2027899-1	164254	Mycobacterium phage Phabba	dsDNA	246196	Mycolicibacterium smegmatis MC2 155	-	Actinomycetota	Prokaryote	NC_054714	0.0496	0.0410	0.0383	743
NC_011273	546805	546805-1	164602	Mycobacterium phage Myrna	dsDNA	1772	Mycolicibacterium smegmatis	-	Actinomycetota	Prokaryote	NC_011273	0.0463	0.0335	0.0476	744
NC_031080	1891703	1891703-1	160985	Mycobacterium phage Tonenili	dsDNA	246196	Mycolicibacterium smegmatis MC2 155	-	Actinomycetota	Prokaryote	NC_031080	0.0198	0.0138	0.0292	745
NC_054716	2301548	2301548-1	160330	Mycobacterium phage Cane17	dsDNA	246196	Mycolicibacterium smegmatis MC2 155	-	Actinomycetota	Prokaryote	NC_054716	0.0268	0.0238	0.0190	746
NC_028869	1698710	1698710-1	153714	Mycobacterium phage HyRo	dsDNA	246196	Mycolicibacterium smegmatis MC2 155	-	Actinomycetota	Prokaryote	NC_028869	0.0434	0.0295	0.0263	747
NC_028986	1034128	1034128-1	153401	Mycobacterium phage Alice	dsDNA	246196	Mycolicibacterium smegmatis MC2 155	-	Actinomycetota	Prokaryote	NC_028986	0.0412	0.0371	0.0343	748
NC_067270	2994057	2994057-1	156127	Mycobacterium phage I3	dsDNA	1772	Mycolicibacterium smegmatis	-	Actinomycetota	Prokaryote	NC_067270	0.0426	0.0275	0.0304	749
NC_054715	2041521	2041521-1	156514	Mycobacterium phage Bigswole	dsDNA	246196	Mycolicibacterium smegmatis MC2 155	-	Actinomycetota	Prokaryote	NC_054715	0.0445	0.0286	0.0354	750
NC_023696	1074305	1074305-1	157568	Mycobacterium phage Dandelion	dsDNA	246196	Mycolicibacterium smegmatis MC2 155	-	Actinomycetota	Prokaryote	NC_023696	0.0354	0.0355	0.0348	751
NC_041993	1052672	1052672-1	155286	Mycobacterium phage Sebata	dsDNA	246196	Mycolicibacterium smegmatis MC2 155	-	Actinomycetota	Prokaryote	NC_041993	0.0476	0.0348	0.0276	752
NC_023714	1074307	1074307-1	153882	Mycobacterium phage LinStu	dsDNA	246196	Mycolicibacterium smegmatis MC2 155	-	Actinomycetota	Prokaryote	NC_023714	0.0433	0.0406	0.0310	753
NC_054722	2419614	2419614-1	156554	Mycobacterium phage Sauce	dsDNA	1772	Mycolicibacterium smegmatis	-	Actinomycetota	Prokaryote	NC_054722	0.0474	0.0391	0.0373	754
NC_054720	2502469	2502469-1	153772	Mycobacterium phage QBert	dsDNA	246196	Mycolicibacterium smegmatis MC2 155	-	Actinomycetota	Prokaryote	NC_054720	0.0442	0.0310	0.0363	755
NC_013650	663554	663554-1	155445	Mycobacterium phage ET08	dsDNA	246196	Mycolicibacterium smegmatis MC2 155	-	Actinomycetota	Prokaryote	NC_013650	0.0444	0.0329	0.0322	756
NC_041901	1913044	1913044-1	157034	Mycobacterium phage Lukilu	dsDNA	246196	Mycolicibacterium smegmatis MC2 155	-	Actinomycetota	Prokaryote	NC_041901	0.0286	0.0338	0.0396	757
GQ303262	663556	663556-1	154349	Mycobacterium phage LRRHood	dsDNA	246196	Mycolicibacterium smegmatis MC2 155	-	Actinomycetota	Prokaryote	GQ303262	0.0495	0.0355	0.0266	758
NC_054717	2301609	2301609-1	155886	Mycobacterium phage CharlieB	dsDNA	246196	Mycolicibacterium smegmatis MC2 155	-	Actinomycetota	Prokaryote	NC_054717	0.0425	0.0304	0.0349	759
NC_011271	546803	546803-1	155372	Mycobacterium phage Cali	dsDNA	246196	Mycolicibacterium smegmatis MC2 155	-	Actinomycetota	Prokaryote	NC_011271	0.0379	0.0313	0.0277	760
NC_023725	1088866	1088866-1	156646	Mycobacterium phage Nappy	dsDNA	246196	Mycolicibacterium smegmatis MC2 155	-	Actinomycetota	Prokaryote	NC_023725	0.0406	0.0345	0.0361	761
NC_054718	2686471	2686471-1	156170	Mycobacterium phage Mangeria	dsDNA	246196	Mycolicibacterium smegmatis MC2 155	-	Actinomycetota	Prokaryote	NC_054718	0.0350	0.0311	0.0363	762
NC_054719	2502470	2502470-1	151100	Mycobacterium phage NoodleTree	dsDNA	246196	Mycolicibacterium smegmatis MC2 155	-	Actinomycetota	Prokaryote	NC_054719	0.0446	0.0352	0.0352	763
JN699013	1089131	1089131-1	156758	Mycobacterium phage Pio	dsDNA	246196	Mycolicibacterium smegmatis MC2 155	-	Actinomycetota	Prokaryote	JN699013	0.0329	0.0420	0.0376	764
NC_004687	205877	205877-1	156102	Mycobacterium phage Bxz1	dsDNA	1762	-	-	-	Prokaryote	NC_004687	0.0348	0.0364	0.0367	765
NC_021349	1327762	1327762-1	154872	Mycobacterium phage Astraea	dsDNA	246196	Mycolicibacterium smegmatis MC2 155	-	Actinomycetota	Prokaryote	NC_021349	0.0347	0.0360	0.0325	766
NC_023733	1088865	1088865-1	154573	Mycobacterium phage MoMoMixon	dsDNA	246196	Mycolicibacterium smegmatis MC2 155	-	Actinomycetota	Prokaryote	NC_023733	0.0494	0.0350	0.0305	767
NC_011270	546808	546808-1	154906	Mycobacterium phage Spud	dsDNA	246196	Mycolicibacterium smegmatis MC2 155	-	Actinomycetota	Prokaryote	NC_011270	0.0414	0.0349	0.0334	768
NC_011269	546807	546807-1	154017	Mycobacterium phage ScottMcG	dsDNA	246196	Mycolicibacterium smegmatis MC2 155	-	Actinomycetota	Prokaryote	NC_011269	0.0428	0.0367	0.0384	769
NC_054721	2762409	2762409-1	156354	Mycobacterium phage Quasimodo	dsDNA	1772	Mycolicibacterium smegmatis	-	Actinomycetota	Prokaryote	NC_054721	0.0456	0.0366	0.0306	770
NC_029044	1340712	1340712-1	154434	Mycobacterium phage Breeniome	dsDNA	246196	Mycolicibacterium smegmatis MC2 155	-	Actinomycetota	Prokaryote	NC_029044	0.0387	0.0358	0.0319	771
NC_021348	1327938	1327938-1	156558	Mycobacterium phage ArcherS7	dsDNA	246196	Mycolicibacterium smegmatis MC2 155	-	Actinomycetota	Prokaryote	NC_021348	0.0385	0.0350	0.0363	772
KF024734	1340835	1340835-1	155714	Mycobacterium phage Shrimp	dsDNA	246196	Mycolicibacterium smegmatis MC2 155	-	Actinomycetota	Prokaryote	KF024734	0.0397	0.0311	0.0352	773
NC_021346	1327936	1327936-1	157482	Mycobacterium phage Gizmo	dsDNA	246196	Mycolicibacterium smegmatis MC2 155	-	Actinomycetota	Prokaryote	NC_021346	0.0321	0.0363	0.0401	774
NC_023737	1079895	1079895-1	155586	Mycobacterium phage Pleione	dsDNA	246196	Mycolicibacterium smegmatis MC2 155	-	Actinomycetota	Prokaryote	NC_023737	0.0441	0.0325	0.0392	775
JQ911768	1176426	1176426-1	154466	Mycobacterium phage Ava3	dsDNA	246196	Mycolicibacterium smegmatis MC2 155	-	Actinomycetota	Prokaryote	JQ911768	0.0410	0.0395	0.0290	776
KJ595575	1486404	1486404-1	155476	Mycobacterium phage Willis	dsDNA	246196	Mycolicibacterium smegmatis MC2 155	-	Actinomycetota	Prokaryote	KJ595575	0.0366	0.0400	0.0391	777
NC_008207	373404	373404-1	153766	Mycobacterium phage Catera	dsDNA	1762	-	-	-	Prokaryote	NC_008207	0.0420	0.0327	0.0362	778
JN699625	1088867	1088867-1	155299	Mycobacterium phage Wally	dsDNA	246196	Mycolicibacterium smegmatis MC2 155	-	Actinomycetota	Prokaryote	JN699625	0.0461	0.0364	0.0349	779
NC_011272	546806	546806-1	153894	Mycobacterium phage Rizal	dsDNA	246196	Mycolicibacterium smegmatis MC2 155	-	Actinomycetota	Prokaryote	NC_011272	0.0432	0.0359	0.0327	780
NC_047906	2059883	2059883-1	42890	Streptomyces phage Rowa	dsDNA	146537	Streptomyces azureus	-	Actinomycetota	Prokaryote	NC_047906	0.0	0.0	0.0060	781
NC_047904	2059880	2059880-1	42551	Streptomyces phage AbbeyMikolon	dsDNA	1916	Streptomyces lividans	-	Actinomycetota	Prokaryote	NC_047904	0.0077	0.0034	0.0181	782
NC_005345	10702	10702-1	49220	Streptomyces phage VWB	dsDNA	54571	Streptomyces venezuelae	-	Actinomycetota	Prokaryote	NC_005345	0.0432	0.0386	0.0305	783
NC_028952	1690818	1690818-1	60934	Streptomyces phage SF3	dsDNA	52258	Streptomyces flavovirens	-	Actinomycetota	Prokaryote	NC_028952	0.0502	0.0493	0.0231	784
NC_028807	1690817	1690817-1	43150	Streptomyces phage SF1	dsDNA	52258	Streptomyces flavovirens	-	Actinomycetota	Prokaryote	NC_028807	0.0367	0.0239	0.0215	785
NC_018853	2927987	2927987-1	40474	Streptomyces phage TG1	dsDNA	2062	-	-	-	Prokaryote	NC_018853	0.0	0.0	0.0112	786
NC_001978	10719	10719-1	41491	Lomovskayavirus C31	dsDNA	1902	Streptomyces coelicolor	-	Actinomycetota	Prokaryote	NC_001978	0.0024	0.0	0.0101	787
NC_004664	3047527	3047527-1	41831	Streptomyces phage phiBT1	dsDNA	1916	Streptomyces lividans	-	Actinomycetota	Prokaryote	NC_004664	0.0	0.0	0.0072	788
NC_048154	2510568	2510568-1	41578	Streptomyces phage Vash	dsDNA	1911	Streptomyces griseus	-	Actinomycetota	Prokaryote	NC_048154	0.0	0.0	0.0079	789
NC_048155	2510571	2510571-1	41267	Streptomyces phage Lilbooboo	dsDNA	1911	Streptomyces griseus	-	Actinomycetota	Prokaryote	NC_048155	0.0	0.0	0.0119	790
NC_047905	2059881	2059881-1	41872	Streptomyces phage Attoomi	dsDNA	146537	Streptomyces azureus	-	Actinomycetota	Prokaryote	NC_047905	0.0123	0.0064	0.0128	791
NC_014229	747763	747763-1	37068	Streptomyces phage phiSASD1	dsDNA	33903	Streptomyces avermitilis	-	Actinomycetota	Prokaryote	NC_014229	0.0072	0.0	0.0	792
NC_070828	2591226	2591226-1	39535	Streptomyces phage Dubu	dsDNA	58346	Streptomyces platensis	-	Actinomycetota	Prokaryote	NC_070828	0.0225	0.0179	0.0110	793
NC_071022	2910754	2910754-1	40447	Arthrobacter phage BaileyBlu	dsDNA	43666	Paeniglutamicibacter sulfureus	-	Actinomycetota	Prokaryote	NC_071022	0.0069	0.0147	0.0099	794
NC_047992	2201444	2201444-1	47921	Microbacterium phage Zeta1847	dsDNA	199592	Microbacterium paraoxydans	-	Actinomycetota	Prokaryote	NC_047992	0.0791	0.0701	0.0654	795
NC_048115	2488780	2488780-1	45803	Arthrobacter phage Liebe	dsDNA	1665	Arthrobacter globiformis	-	Actinomycetota	Prokaryote	NC_048115	0.0270	0.0169	0.0134	796
NC_071035	2768133	2768133-1	40873	Arthrobacter phage Tweety19	dsDNA	1665	Arthrobacter globiformis	-	Actinomycetota	Prokaryote	NC_071035	0.0118	0.0119	0.0158	797
NC_071032	2910755	2910755-1	41823	Arthrobacter phage Reedo	dsDNA	1665	Arthrobacter globiformis	-	Actinomycetota	Prokaryote	NC_071032	0.0100	0.0083	0.0085	798
NC_071031	2885973	2885973-1	41850	Arthrobacter phage KeAlii	dsDNA	1665	Arthrobacter globiformis	-	Actinomycetota	Prokaryote	NC_071031	0.0146	0.0128	0.0087	799
NC_071033	2832317	2832317-1	44354	Arthrobacter phage Crewmate	dsDNA	1665	Arthrobacter globiformis	-	Actinomycetota	Prokaryote	NC_071033	0.0216	0.0255	0.0298	800
NC_071034	2704034	2704034-1	42622	Arthrobacter phage DrSierra	dsDNA	1663	Arthrobacter	-	Actinomycetota	Prokaryote	NC_071034	0.0174	0.0165	0.0105	801
NC_048093	2419955	2419955-1	42577	Arthrobacter phage DrManhattan	dsDNA	37927	Sinomonas atrocyanea	-	Actinomycetota	Prokaryote	NC_048093	0.0143	0.0110	0.0096	802
NC_048097	2419970	2419970-1	43206	Arthrobacter phage Yang	dsDNA	1665	Arthrobacter globiformis	-	Actinomycetota	Prokaryote	NC_048097	0.0363	0.0367	0.0315	803
NC_071023	2832319	2832319-1	43055	Arthrobacter phage Lizalica	dsDNA	1665	Arthrobacter globiformis	-	Actinomycetota	Prokaryote	NC_071023	0.0227	0.0314	0.0217	804
NC_071030	2835951	2835951-1	44124	Arthrobacter phage Kaylissa	dsDNA	1665	Arthrobacter globiformis	-	Actinomycetota	Prokaryote	NC_071030	0.0223	0.0374	0.0227	805
NC_071027	2832322	2832322-1	43792	Arthrobacter phage Warda	dsDNA	1665	Arthrobacter globiformis	-	Actinomycetota	Prokaryote	NC_071027	0.0305	0.0404	0.0248	806
NC_071026	2790983	2790983-1	44111	Arthrobacter phage Tbone	dsDNA	1665	Arthrobacter globiformis	-	Actinomycetota	Prokaryote	NC_071026	0.0322	0.0363	0.0260	807
NC_071024	2776856	2776856-1	44204	Arthrobacter phage Phives	dsDNA	1665	Arthrobacter globiformis	-	Actinomycetota	Prokaryote	NC_071024	0.0252	0.0255	0.0282	808
NC_071025	2832315	2832315-1	44284	Arthrobacter phage Amyev	dsDNA	1665	Arthrobacter globiformis	-	Actinomycetota	Prokaryote	NC_071025	0.0399	0.0207	0.0351	809
NC_071029	2762410	2762410-1	43471	Arthrobacter phage Elezi	dsDNA	1665	Arthrobacter globiformis	-	Actinomycetota	Prokaryote	NC_071029	0.0125	0.0163	0.0099	810
NC_071028	2776851	2776851-1	43100	Arthrobacter phage Adumb2043	dsDNA	1665	Arthrobacter globiformis	-	Actinomycetota	Prokaryote	NC_071028	0.0246	0.0269	0.0117	811
NC_020205	1188795	1188795-1	42963	Xanthomonas citri phage CP2	dsDNA	346	Xanthomonas citri	-	Pseudomonadota	Prokaryote	NC_020205	0.0254	0.0267	0.0166	812
NC_013420	2570911	2570911-1	90435	Streptomyces phage ZL12	dsDNA	683081	Streptomyces sp. ZL12	-	Actinomycetota	Prokaryote	NC_013420	0.0637	0.0408	0.0320	813
NC_073598	2713258	2713258-1	16302	Arthrobacter phage BlueFeather	dsDNA	1665	Arthrobacter globiformis	-	Actinomycetota	Prokaryote	NC_073598	0.0	0.0	0.0	814
NC_073600	2776857	2776857-1	15193	Arthrobacter phage Yavru	dsDNA	1665	Arthrobacter globiformis	-	Actinomycetota	Prokaryote	NC_073600	0.0	0.0048	0.0034	815
NC_073599	2713260	2713260-1	15369	Arthrobacter phage Whytu	dsDNA	1665	Arthrobacter globiformis	-	Actinomycetota	Prokaryote	NC_073599	0.0064	0.0	0.0045	816
NC_073597	2565509	2565509-1	15675	Arthrobacter phage Idaho	dsDNA	1771959	Arthrobacter sp. ATCC 21022	-	Actinomycetota	Prokaryote	NC_073597	0.0	0.0	0.0036	817
NC_073595	2419964	2419964-1	15013	Arthrobacter phage Noely	dsDNA	1665	Arthrobacter globiformis	-	Actinomycetota	Prokaryote	NC_073595	0.0046	0.0039	0.0114	818
NC_073596	2419952	2419952-1	15771	Arthrobacter phage Corgi	dsDNA	1665	Arthrobacter globiformis	-	Actinomycetota	Prokaryote	NC_073596	0.0055	0.0	0.0045	819
NC_016569	1109711	1109711-1	46140	Nocardia phage NBR1	dsDNA	37326	Nocardia brasiliensis	-	Actinomycetota	Prokaryote	NC_016569	0.0247	0.0202	0.0302	820
NC_004462	1714273	1714273-1	19604	Thermus virus IN93	dsDNA	274	Thermus thermophilus	Matshushitaviridae	Deinococcota	Prokaryote	NC_004462	0.0	0.0	0.0041	821
NC_013197	2919548	2919548-1	17036	Thermus phage P23-77	dsDNA	274	Thermus thermophilus	Matshushitaviridae	Deinococcota	Prokaryote	NC_013197	0.0065	0.0	0.0023	822
NC_005885	279303	279303-1	58638	Actinoplanes phage phiAsp2	dsDNA	442459	Actinoplanes sp. SN223/29	-	Actinomycetota	Prokaryote	NC_005885	0.0414	0.0210	0.0436	823
NC_073473	2793708	2793708-1	93606	Streptomyces phage TurkishDelight	dsDNA	1930	Streptomyces scabiei	-	Actinomycetota	Prokaryote	NC_073473	0.0715	0.0293	0.0604	824
NC_029005	1755682	1755682-1	56451	Streptomyces phage phiSAJS1	dsDNA	33903	Streptomyces avermitilis	-	Actinomycetota	Prokaryote	NC_029005	0.0278	0.0157	0.0119	825
NC_028974	1636183	1636183-1	56528	Streptomyces phage YDN12	dsDNA	67263	Streptomyces griseus subsp. griseus	-	Actinomycetota	Prokaryote	NC_028974	0.0178	0.0267	0.0284	826
NC_028818	1636184	1636184-1	57168	Streptomyces phage TP1604	dsDNA	67263	Streptomyces griseus subsp. griseus	-	Actinomycetota	Prokaryote	NC_028818	0.0313	0.0207	0.0167	827
NC_007967	370623	370623-1	38194	Streptomyces phage mu1/6	dsDNA	2062	-	-	-	Prokaryote	NC_007967	0.0511	0.0400	0.0270	828
NC_073461	2599890	2599890-1	129136	Streptomyces phage Gilgamesh	dsDNA	1916	Streptomyces lividans	-	Actinomycetota	Prokaryote	NC_073461	0.0919	0.0765	0.0923	829
NC_028954	1662332	1662332-1	36065	Rhodobacter phage RcRhea	dsDNA	1414586	Rhodobacter capsulatus YW1	-	Pseudomonadota	Prokaryote	NC_028954	0.0098	0.0025	0.0	830
NC_042049	1662333	1662333-1	35985	Rhodobacter phage RcCronus	dsDNA	1414586	Rhodobacter capsulatus YW1	-	Pseudomonadota	Prokaryote	NC_042049	0.0091	0.0	0.0037	831
NC_073457	1821728	1821728-1	34742	Streptomyces phage Chymera	dsDNA	953739	Streptomyces venezuelae ATCC 10712	-	Actinomycetota	Prokaryote	NC_073457	0.0509	0.0296	0.0283	832
NC_048139	2499072	2499072-1	83219	Streptomyces phage Hiyaa	dsDNA	1916	Streptomyces lividans	-	Actinomycetota	Prokaryote	NC_048139	0.0355	0.0152	0.0238	833
NC_047795	1920312	1920312-1	40785	Streptomyces phage Raleigh	dsDNA	1911	Streptomyces griseus	-	Actinomycetota	Prokaryote	NC_047795	0.0661	0.0445	0.0450	834
NC_048072	2315716	2315716-1	40725	Streptomyces phage Darolandstone	dsDNA	58346	Streptomyces platensis	-	Actinomycetota	Prokaryote	NC_048072	0.0624	0.0558	0.0383	835
NC_018848	1204525	1204525-1	37612	Streptomyces phage SV1	dsDNA	54571	Streptomyces venezuelae	-	Actinomycetota	Prokaryote	NC_018848	0.0771	0.0434	0.0555	836
NC_047794	1920311	1920311-1	39522	Streptomyces phage Picard	dsDNA	953739	Streptomyces venezuelae ATCC 10712	-	Actinomycetota	Prokaryote	NC_047794	0.0742	0.0586	0.0531	837
NC_047793	1920310	1920310-1	38411	Streptomyces phage PapayaSalad	dsDNA	953739	Streptomyces venezuelae ATCC 10712	-	Actinomycetota	Prokaryote	NC_047793	0.0715	0.0674	0.0463	838
NC_047792	1920308	1920308-1	37817	Streptomyces phage Ididsumtinwong	dsDNA	953739	Streptomyces venezuelae ATCC 10712	-	Actinomycetota	Prokaryote	NC_047792	0.0664	0.0545	0.0473	839
NC_048153	2500795	2500795-1	36213	Streptomyces phage Austintatious	dsDNA	953739	Streptomyces venezuelae ATCC 10712	-	Actinomycetota	Prokaryote	NC_048153	0.0685	0.0536	0.0433	840
NC_073486	2736273	2736273-1	37129	Streptomyces phage Vondra	dsDNA	193460	Streptomyces sanglieri	-	Actinomycetota	Prokaryote	NC_073486	0.0479	0.0339	0.0224	841
NC_073488	2736271	2736271-1	37566	Streptomyces phage Cumberbatch	dsDNA	193460	Streptomyces sanglieri	-	Actinomycetota	Prokaryote	NC_073488	0.0328	0.0300	0.0222	842
NC_073483	2736272	2736272-1	38137	Streptomyces phage Ignacio	dsDNA	193460	Streptomyces sanglieri	-	Actinomycetota	Prokaryote	NC_073483	0.0326	0.0215	0.0216	843
NC_073487	2926108	2926108-1	38234	Streptomyces phage HFrancette	dsDNA	193460	Streptomyces sanglieri	-	Actinomycetota	Prokaryote	NC_073487	0.0438	0.0249	0.0173	844
NC_073489	2910765	2910765-1	37544	Streptomyces phage Piccadilly	dsDNA	193460	Streptomyces sanglieri	-	Actinomycetota	Prokaryote	NC_073489	0.0379	0.0290	0.0230	845
NC_073490	2926097	2926097-1	37536	Streptomyces phage Eastland	dsDNA	193460	Streptomyces sanglieri	-	Actinomycetota	Prokaryote	NC_073490	0.0383	0.0314	0.0221	846
NC_073484	2743999	2743999-1	37409	Streptomyces phage Eklok	dsDNA	193460	Streptomyces sanglieri	-	Actinomycetota	Prokaryote	NC_073484	0.0385	0.0305	0.0252	847
NC_073485	2926084	2926084-1	37765	Streptomyces phage AxeJC	dsDNA	193460	Streptomyces sanglieri	-	Actinomycetota	Prokaryote	NC_073485	0.0386	0.0269	0.0291	848
NC_009603	446529	446529-1	46365	Microbacterium phage Min1	dsDNA	151262	Microbacterium nematophilum	-	Actinomycetota	Prokaryote	NC_009603	0.0209	0.0113	0.0186	849
NC_031108	1838138	1838138-1	39640	Propionibacterium phage PFR2	dsDNA	1744	Propionibacterium freudenreichii	-	Actinomycetota	Prokaryote	NC_031108	0.0118	0.0	0.0040	850
NC_031076	1838137	1838137-1	38071	Propionibacterium phage PFR1	dsDNA	1744	Propionibacterium freudenreichii	-	Actinomycetota	Prokaryote	NC_031076	0.0118	0.0	0.0040	851
NC_041892	1897533	1897533-1	35948	Propionibacterium phage B3	dsDNA	1744	Propionibacterium freudenreichii	-	Actinomycetota	Prokaryote	NC_041892	0.0	0.0040	0.0	852
NC_041890	1897531	1897531-1	35284	Propionibacterium phage Anatole	dsDNA	1744	Propionibacterium freudenreichii	-	Actinomycetota	Prokaryote	NC_041890	0.0	0.0029	0.0	853
NC_041895	1897537	1897537-1	38555	Propionibacterium phage G4	dsDNA	1744	Propionibacterium freudenreichii	-	Actinomycetota	Prokaryote	NC_041895	0.0065	0.0	0.0082	854
NC_041894	1897536	1897536-1	38067	Propionibacterium phage E6	dsDNA	1744	Propionibacterium freudenreichii	-	Actinomycetota	Prokaryote	NC_041894	0.0031	0.0136	0.0	855
NC_041893	1897534	1897534-1	37429	Propionibacterium phage Doucette	dsDNA	1744	Propionibacterium freudenreichii	-	Actinomycetota	Prokaryote	NC_041893	0.0043	0.0061	0.0059	856
NC_041891	1897532	1897532-1	37219	Propionibacterium phage B22	dsDNA	1744	Propionibacterium freudenreichii	-	Actinomycetota	Prokaryote	NC_041891	0.0077	0.0011	0.0089	857
NC_070775	2848881	2848881-1	42563	Microbacterium phage vB_MoxS-R1	dsDNA	322686	Microbacterium sp. R1	-	Actinomycetota	Prokaryote	NC_070775	0.0	0.0	0.0	858
NC_047977	2182341	2182341-1	97757	Microbacterium phage Hendrix	dsDNA	104336	Microbacterium foliorum	-	Actinomycetota	Prokaryote	NC_047977	0.0337	0.0194	0.0227	859
NC_048068	2301604	2301604-1	61703	Microbacterium phage OneinaGillian	dsDNA	104336	Microbacterium foliorum	-	Actinomycetota	Prokaryote	NC_048068	0.0303	0.0221	0.0147	860
NC_047975	2182357	2182357-1	62312	Microbacterium phage Squash	dsDNA	104336	Microbacterium foliorum	-	Actinomycetota	Prokaryote	NC_047975	0.0239	0.0220	0.0044	861
NC_047973	2182354	2182354-1	61769	Microbacterium phage Hyperion	dsDNA	104336	Microbacterium foliorum	-	Actinomycetota	Prokaryote	NC_047973	0.0261	0.0287	0.0124	862
NC_073362	2885981	2885981-1	53094	Microbacterium phage Kozie	dsDNA	199592	Microbacterium paraoxydans	-	Actinomycetota	Prokaryote	NC_073362	0.0668	0.0378	0.0397	863
NC_073367	2686229	2686229-1	55691	Microbacterium phage Terij	dsDNA	199592	Microbacterium paraoxydans	-	Actinomycetota	Prokaryote	NC_073367	0.0402	0.0440	0.0342	864
NC_073366	2591217	2591217-1	56033	Microbacterium phage Margaery	dsDNA	104336	Microbacterium foliorum	-	Actinomycetota	Prokaryote	NC_073366	0.0468	0.0230	0.0194	865
NC_073363	2591216	2591216-1	55957	Microbacterium phage Cressida	dsDNA	104336	Microbacterium foliorum	-	Actinomycetota	Prokaryote	NC_073363	0.0590	0.0487	0.0399	866
NC_073364	2686228	2686228-1	55686	Microbacterium phage Matzah	dsDNA	199592	Microbacterium paraoxydans	-	Actinomycetota	Prokaryote	NC_073364	0.0504	0.0329	0.0203	867
NC_047987	2201436	2201436-1	55572	Microbacterium phage MementoMori	dsDNA	199592	Microbacterium paraoxydans	-	Actinomycetota	Prokaryote	NC_047987	0.0583	0.0437	0.0309	868
NC_073365	2591215	2591215-1	55366	Microbacterium phage Cinna	dsDNA	104336	Microbacterium foliorum	-	Actinomycetota	Prokaryote	NC_073365	0.0529	0.0338	0.0239	869
NC_073368	2656551	2656551-1	55210	Microbacterium phage Megan	dsDNA	199592	Microbacterium paraoxydans	-	Actinomycetota	Prokaryote	NC_073368	0.0394	0.0379	0.0224	870
NC_073374	2656546	2656546-1	54347	Microbacterium phage Ariadne	dsDNA	199592	Microbacterium paraoxydans	-	Actinomycetota	Prokaryote	NC_073374	0.0398	0.0125	0.0236	871
NC_073376	2656554	2656554-1	53496	Microbacterium phage Teamocil	dsDNA	199592	Microbacterium paraoxydans	-	Actinomycetota	Prokaryote	NC_073376	0.0391	0.0232	0.0240	872
NC_073375	2656550	2656550-1	53352	Microbacterium phage Jayden	dsDNA	199592	Microbacterium paraoxydans	-	Actinomycetota	Prokaryote	NC_073375	0.0357	0.0282	0.0155	873
NC_073373	2596974	2596974-1	53975	Microbacterium phage Tyrumbra	dsDNA	199592	Microbacterium paraoxydans	-	Actinomycetota	Prokaryote	NC_073373	0.0355	0.0282	0.0199	874
NC_048165	2530118	2530118-1	54579	Microbacterium phage Fireman	dsDNA	199592	Microbacterium paraoxydans	-	Actinomycetota	Prokaryote	NC_048165	0.0374	0.0226	0.0163	875
NC_047989	2201442	2201442-1	54189	Microbacterium phage RobsFeet	dsDNA	199592	Microbacterium paraoxydans	-	Actinomycetota	Prokaryote	NC_047989	0.0466	0.0258	0.0254	876
NC_047988	2201437	2201437-1	54148	Microbacterium phage Metamorphoo	dsDNA	199592	Microbacterium paraoxydans	-	Actinomycetota	Prokaryote	NC_047988	0.0434	0.0266	0.0245	877
NC_073372	2813165	2813165-1	53614	Microbacterium phage NoodlelyBoi	dsDNA	104336	Microbacterium foliorum	-	Actinomycetota	Prokaryote	NC_073372	0.0464	0.0238	0.0238	878
NC_073371	2743404	2743404-1	52987	Microbacterium phage ClearAsMud	dsDNA	104336	Microbacterium foliorum	-	Actinomycetota	Prokaryote	NC_073371	0.0501	0.0361	0.0292	879
NC_073370	2863847	2863847-1	52659	Microbacterium phage Shotgun	dsDNA	104336	Microbacterium foliorum	-	Actinomycetota	Prokaryote	NC_073370	0.0547	0.0352	0.0234	880
NC_047976	2992928	2992928-1	52935	Microbacterium phage Paschalis	dsDNA	104336	Microbacterium foliorum	-	Actinomycetota	Prokaryote	NC_047976	0.0606	0.0250	0.0218	881
NC_073369	2871520	2871520-1	53154	Microbacterium phage Honeyfin	dsDNA	104336	Microbacterium foliorum	-	Actinomycetota	Prokaryote	NC_073369	0.0475	0.0361	0.0306	882
NC_047993	2992929	2992929-1	53549	Microbacterium phage Quhwah	dsDNA	104336	Microbacterium foliorum	-	Actinomycetota	Prokaryote	NC_047993	0.0468	0.0289	0.0149	883
NC_048020	2992931	2992931-1	52992	Microbacterium phage KaiHaiDragon	dsDNA	104336	Microbacterium foliorum	-	Actinomycetota	Prokaryote	NC_048020	0.0485	0.0180	0.0153	884
NC_011589	573591	573591-1	40287	Stenotrophomonas phage S1	dsDNA	40324	Stenotrophomonas maltophilia	-	Pseudomonadota	Prokaryote	NC_011589	0.0042	0.0063	0.0089	885
NC_071004	2743910	2743910-1	57664	Gordonia phage Clawz	dsDNA	36822	Gordonia rubripertincta	-	Actinomycetota	Prokaryote	NC_071004	0.0062	0.0128	0.0061	886
NC_023722	691963	691963-1	59231	Rhodococcus phage ReqiPine5	dsDNA	1827	Rhodococcus	-	Actinomycetota	Prokaryote	NC_023722	0.0212	0.0133	0.0127	887
NC_023703	1089121	1089121-1	64613	Mycobacterium phage Dori	dsDNA	246196	Mycolicibacterium smegmatis MC2 155	-	Actinomycetota	Prokaryote	NC_023703	0.0203	0.0040	0.0177	888
NC_070935	1920305	1920305-1	60973	Mycobacterium phage Taptic	dsDNA	246196	Mycolicibacterium smegmatis MC2 155	-	Actinomycetota	Prokaryote	NC_070935	0.0382	0.0257	0.0163	889
NC_070934	2108123	2108123-1	60908	Mycobacterium phage Jeon	dsDNA	246196	Mycolicibacterium smegmatis MC2 155	-	Actinomycetota	Prokaryote	NC_070934	0.0218	0.0250	0.0160	890
NC_015210	981330	981330-1	61440	Tsukamurella phage TPA2	dsDNA	2061	Tsukamurella paurometabola	-	Actinomycetota	Prokaryote	NC_015210	0.0624	0.0556	0.0381	891
NC_042132	2182349	2182349-1	61670	Gordonia phage Sour	dsDNA	2055	Gordonia terrae	-	Actinomycetota	Prokaryote	NC_042132	0.0395	0.0373	0.0259	892
NC_053503	1874015	1874015-1	66507	Mycobacterium phage Laurie	dsDNA	246196	Mycolicibacterium smegmatis MC2 155	-	Actinomycetota	Prokaryote	NC_053503	0.0551	0.0468	0.0395	893
NC_042050	1675551	1675551-1	67277	Mycobacterium phage Godines	dsDNA	1772	Mycolicibacterium smegmatis	-	Actinomycetota	Prokaryote	NC_042050	0.0434	0.0489	0.0359	894
NC_008204	373414	373414-1	67188	Mycobacterium phage Qyrzula	dsDNA	1762	-	-	-	Prokaryote	NC_008204	0.0529	0.0449	0.0422	895
JN699004	1089112	1089112-1	67436	Mycobacterium phage Ares	dsDNA	246196	Mycolicibacterium smegmatis MC2 155	-	Actinomycetota	Prokaryote	JN699004	0.0531	0.0415	0.0292	896
NC_043767	2928684	2928684-1	67324	Mycobacterium phage TA17A	dsDNA	246196	Mycolicibacterium smegmatis MC2 155	-	Actinomycetota	Prokaryote	NC_043767	0.0437	0.0445	0.0250	897
JN618996	1079896	1079896-1	67169	Mycobacterium phage Arbiter	dsDNA	246196	Mycolicibacterium smegmatis MC2 155	-	Actinomycetota	Prokaryote	JN618996	0.0421	0.0396	0.0358	898
NC_004684	205874	205874-1	67480	Mycobacterium phage Rosebush	dsDNA	1762	-	-	-	Prokaryote	NC_004684	0.0542	0.0445	0.0218	899
JN698991	1089123	1089123-1	67451	Mycobacterium phage Hedgerow	dsDNA	246196	Mycolicibacterium smegmatis MC2 155	-	Actinomycetota	Prokaryote	JN698991	0.0473	0.0379	0.0288	900
NC_008199	373413	373413-1	69059	Mycobacterium phage Pipefish	dsDNA	1762	-	-	-	Prokaryote	NC_008199	0.0294	0.0198	0.0114	901
NC_055812	2593350	2593350-1	69021	Mycobacterium phage Obutu	dsDNA	246196	Mycolicibacterium smegmatis MC2 155	-	Actinomycetota	Prokaryote	NC_055812	0.0332	0.0129	0.0180	902
NC_022983	1429903	1429903-1	68196	Mycobacterium phage Bernardo	dsDNA	246196	Mycolicibacterium smegmatis MC2 155	-	Actinomycetota	Prokaryote	NC_022983	0.0360	0.0188	0.0201	903
NC_023686	1089122	1089122-1	67949	Mycobacterium phage Gadjet	dsDNA	246196	Mycolicibacterium smegmatis MC2 155	-	Actinomycetota	Prokaryote	NC_023686	0.0380	0.0182	0.0160	904
NC_041965	1089113	1089113-1	69409	Mycobacterium phage Athena	dsDNA	246196	Mycolicibacterium smegmatis MC2 155	-	Actinomycetota	Prokaryote	NC_041965	0.0341	0.0164	0.0199	905
NC_012027	591487	591487-1	69378	Mycobacterium phage Phlyer	dsDNA	246196	Mycolicibacterium smegmatis MC2 155	-	Actinomycetota	Prokaryote	NC_012027	0.0339	0.0170	0.0209	906
NC_011057	546184	546184-1	68090	Mycobacterium phage Phaedrus	dsDNA	1762	-	-	-	Prokaryote	NC_011057	0.0406	0.0221	0.0159	907
JN699018	1089126	1089126-1	68633	Mycobacterium phage Kamiyu	dsDNA	246196	Mycolicibacterium smegmatis MC2 155	-	Actinomycetota	Prokaryote	JN699018	0.0371	0.0151	0.0145	908
KP027207	1567465	1567465-1	69451	Mycobacterium phage Chandler	dsDNA	246196	Mycolicibacterium smegmatis MC2 155	-	Actinomycetota	Prokaryote	KP027207	0.0293	0.0172	0.0138	909
KJ194581	1458709	1458709-1	68662	Mycobacterium phage Audrey	dsDNA	246196	Mycolicibacterium smegmatis MC2 155	-	Actinomycetota	Prokaryote	KJ194581	0.0335	0.0247	0.0146	910
KJ194584	1458712	1458712-1	68628	Mycobacterium phage Heathcliff	dsDNA	246196	Mycolicibacterium smegmatis MC2 155	-	Actinomycetota	Prokaryote	KJ194584	0.0290	0.0195	0.0138	911
NC_023742	1089110	1089110-1	68711	Mycobacterium phage Akoma	dsDNA	246196	Mycolicibacterium smegmatis MC2 155	-	Actinomycetota	Prokaryote	NC_023742	0.0328	0.0208	0.0128	912
NC_051580	2282910	2282910-1	69471	Mycobacterium phage Thonko	dsDNA	246196	Mycolicibacterium smegmatis MC2 155	-	Actinomycetota	Prokaryote	NC_051580	0.0517	0.0297	0.0243	913
NC_051581	2686231	2686231-1	70668	Mycobacterium phage BirdsNest	dsDNA	246196	Mycolicibacterium smegmatis MC2 155	-	Actinomycetota	Prokaryote	NC_051581	0.0702	0.0459	0.0392	914
NC_051586	2686233	2686233-1	69897	Mycobacterium phage Imvubu	dsDNA	246196	Mycolicibacterium smegmatis MC2 155	-	Actinomycetota	Prokaryote	NC_051586	0.0668	0.0418	0.0381	915
NC_022061	1340830	1340830-1	70838	Mycobacterium phage KayaCho	dsDNA	1762	-	-	-	Prokaryote	NC_022061	0.0504	0.0370	0.0570	916
NC_023600	1463812	1463812-1	71058	Mycobacterium phage Julie1	dsDNA	246196	Mycolicibacterium smegmatis MC2 155	-	Actinomycetota	Prokaryote	NC_023600	0.0568	0.0254	0.0583	917
NC_024145	1463811	1463811-1	70667	Mycobacterium phage Hosp	dsDNA	246196	Mycolicibacterium smegmatis MC2 155	-	Actinomycetota	Prokaryote	NC_024145	0.0571	0.0385	0.0478	918
NC_023603	1463809	1463809-1	71565	Mycobacterium phage 39HC	dsDNA	246196	Mycolicibacterium smegmatis MC2 155	-	Actinomycetota	Prokaryote	NC_023603	0.0671	0.0321	0.0494	919
NC_051582	2652422	2652422-1	71552	Mycobacterium phage LilMcDreamy	dsDNA	246196	Mycolicibacterium smegmatis MC2 155	-	Actinomycetota	Prokaryote	NC_051582	0.0627	0.0371	0.0389	920
NC_022064	1340828	1340828-1	70120	Mycobacterium phage Reprobate	dsDNA	1762	-	-	-	Prokaryote	NC_022064	0.0316	0.0254	0.0090	921
NC_022063	1383055	1383055-1	70115	Mycobacterium phage Phelemich	dsDNA	246196	Mycolicibacterium smegmatis MC2 155	-	Actinomycetota	Prokaryote	NC_022063	0.0304	0.0242	0.0122	922
NC_051587	2301619	2301619-1	69867	Mycobacterium phage Serendipitous	dsDNA	246196	Mycolicibacterium smegmatis MC2 155	-	Actinomycetota	Prokaryote	NC_051587	0.0349	0.0277	0.0223	923
NC_028742	1647306	1647306-1	70270	Mycobacterium phage Baee	dsDNA	246196	Mycolicibacterium smegmatis MC2 155	-	Actinomycetota	Prokaryote	NC_028742	0.0269	0.0159	0.0035	924
NC_023701	2902794	2902794-1	69864	Mycobacterium phage Acadian	dsDNA	246196	Mycolicibacterium smegmatis MC2 155	-	Actinomycetota	Prokaryote	NC_023701	0.0344	0.0356	0.0174	925
NC_051583	2315616	2315616-1	69448	Mycobacterium phage Saguaro	dsDNA	1772	Mycolicibacterium smegmatis	-	Actinomycetota	Prokaryote	NC_051583	0.0543	0.0384	0.0346	926
NC_051584	2664226	2664226-1	70992	Mycobacterium phage Quesadilla	dsDNA	246196	Mycolicibacterium smegmatis MC2 155	-	Actinomycetota	Prokaryote	NC_051584	0.0585	0.0367	0.0401	927
NC_051585	2483623	2483623-1	72217	Mycobacterium phage CRB2	dsDNA	1772	Mycolicibacterium smegmatis	-	Actinomycetota	Prokaryote	NC_051585	0.0461	0.0289	0.0482	928
NC_028934	1647301	1647301-1	72139	Mycobacterium phage Vincenzo	dsDNA	246196	Mycolicibacterium smegmatis MC2 155	-	Actinomycetota	Prokaryote	NC_028934	0.0261	0.0300	0.0312	929
NC_008195	373406	373406-1	70654	Mycobacterium phage Cooper	dsDNA	1762	-	-	-	Prokaryote	NC_008195	0.0409	0.0334	0.0248	930
NC_022328	1354507	1354507-1	70236	Mycobacterium phage Adawi	dsDNA	246196	Mycolicibacterium smegmatis MC2 155	-	Actinomycetota	Prokaryote	NC_022328	0.0454	0.0324	0.0283	931
NC_023741	1089137	1089137-1	69641	Mycobacterium phage Stinger	dsDNA	246196	Mycolicibacterium smegmatis MC2 155	-	Actinomycetota	Prokaryote	NC_023741	0.0353	0.0253	0.0145	932
NC_011044	543152	543152-1	69904	Mycobacterium phage Nigel	dsDNA	1772	Mycolicibacterium smegmatis	-	Actinomycetota	Prokaryote	NC_011044	0.0303	0.0282	0.0296	933
NC_023554	1429905	1429905-1	70841	Mycobacterium phage JAMaL	dsDNA	246196	Mycolicibacterium smegmatis MC2 155	-	Actinomycetota	Prokaryote	NC_023554	0.0490	0.0371	0.0402	934
NC_042034	1034130	1034130-1	70428	Mycobacterium phage ChrisnMich	dsDNA	246196	Mycolicibacterium smegmatis MC2 155	-	Actinomycetota	Prokaryote	NC_042034	0.0482	0.0475	0.0391	935
NC_055860	2762421	2762421-1	69258	Mycobacterium phage Heath	dsDNA	246196	Mycolicibacterium smegmatis MC2 155	-	Actinomycetota	Prokaryote	NC_055860	0.0491	0.0361	0.0244	936
NC_042035	1034151	1034151-1	71092	Mycobacterium phage Zemanar	dsDNA	246196	Mycolicibacterium smegmatis MC2 155	-	Actinomycetota	Prokaryote	NC_042035	0.0383	0.0384	0.0310	937
NC_028968	1698252	1698252-1	71214	Mycobacterium phage BrownCNA	dsDNA	246196	Mycolicibacterium smegmatis MC2 155	-	Actinomycetota	Prokaryote	NC_028968	0.0423	0.0522	0.0272	938
NC_055714	1882439	1882439-1	70679	Mycobacterium phage Fortunato	dsDNA	246196	Mycolicibacterium smegmatis MC2 155	-	Actinomycetota	Prokaryote	NC_055714	0.0501	0.0336	0.0307	939
KF279413	1354509	1354509-1	69306	Mycobacterium phage Bane2	dsDNA	246196	Mycolicibacterium smegmatis MC2 155	-	Actinomycetota	Prokaryote	KF279413	0.0421	0.0361	0.0383	940
NC_022331	1354508	1354508-1	69309	Mycobacterium phage Bane1	dsDNA	246196	Mycolicibacterium smegmatis MC2 155	-	Actinomycetota	Prokaryote	NC_022331	0.0421	0.0361	0.0383	941
KM363597	1541820	1541820-1	69271	Mycobacterium phage Zonia	dsDNA	246196	Mycolicibacterium smegmatis MC2 155	-	Actinomycetota	Prokaryote	KM363597	0.0335	0.0289	0.0098	942
NC_023711	1052671	1052671-1	68720	Mycobacterium phage Oline	dsDNA	246196	Mycolicibacterium smegmatis MC2 155	-	Actinomycetota	Prokaryote	NC_023711	0.0338	0.0227	0.0095	943
NC_055750	2250422	2250422-1	64827	Mycobacterium phage KingTut	dsDNA	246196	Mycolicibacterium smegmatis MC2 155	-	Actinomycetota	Prokaryote	NC_055750	0.0300	0.0141	0.0240	944
KM347890	1536599	1536599-1	68873	Mycobacterium phage Vivaldi	dsDNA	246196	Mycolicibacterium smegmatis MC2 155	-	Actinomycetota	Prokaryote	KM347890	0.0408	0.0152	0.0192	945
JX649099	1235691	1235691-1	68004	Mycobacterium phage Gyarad	dsDNA	246196	Mycolicibacterium smegmatis MC2 155	-	Actinomycetota	Prokaryote	JX649099	0.0379	0.0193	0.0234	946
NC_025438	1458725	1458725-1	67744	Mycobacterium phage Soto	dsDNA	246196	Mycolicibacterium smegmatis MC2 155	-	Actinomycetota	Prokaryote	NC_025438	0.0376	0.0253	0.0250	947
KC661274	1327775	1327775-1	67702	Mycobacterium phage SDcharge11	dsDNA	246196	Mycolicibacterium smegmatis MC2 155	-	Actinomycetota	Prokaryote	KC661274	0.0346	0.0226	0.0190	948
KJ538723	1471544	1471544-1	68043	Mycobacterium phage KingVeVeVe	dsDNA	246196	Mycolicibacterium smegmatis MC2 155	-	Actinomycetota	Prokaryote	KJ538723	0.0391	0.0231	0.0226	949
NC_028942	1034143	1034143-1	68293	Mycobacterium phage Phipps	dsDNA	246196	Mycolicibacterium smegmatis MC2 155	-	Actinomycetota	Prokaryote	NC_028942	0.0244	0.0156	0.0222	950
GU247133	701454	701454-1	68569	Mycobacterium phage Fang	dsDNA	246196	Mycolicibacterium smegmatis MC2 155	-	Actinomycetota	Prokaryote	GU247133	0.0377	0.0228	0.0172	951
NC_028658	1458715	1458715-1	68735	Mycobacterium phage Swish	dsDNA	246196	Mycolicibacterium smegmatis MC2 155	-	Actinomycetota	Prokaryote	NC_028658	0.0299	0.0116	0.0191	952
JF937109	1034119	1034119-1	68719	Mycobacterium phage Yoshand	dsDNA	246196	Mycolicibacterium smegmatis MC2 155	-	Actinomycetota	Prokaryote	JF937109	0.0327	0.0138	0.0176	953
KP027197	1567469	1567469-1	68716	Mycobacterium phage FluffyNinja	dsDNA	246196	Mycolicibacterium smegmatis MC2 155	-	Actinomycetota	Prokaryote	KP027197	0.0327	0.0138	0.0177	954
GQ303264	663558	663558-1	68323	Mycobacterium phage Puhltonio	dsDNA	246196	Mycolicibacterium smegmatis MC2 155	-	Actinomycetota	Prokaryote	GQ303264	0.0356	0.0208	0.0211	955
KM408320	1541886	1541886-1	68576	Mycobacterium phage Lasso	dsDNA	246196	Mycolicibacterium smegmatis MC2 155	-	Actinomycetota	Prokaryote	KM408320	0.0298	0.0163	0.0196	956
JN699010	1089107	1089107-1	68133	Mycobacterium phage TallGrassMM	dsDNA	246196	Mycolicibacterium smegmatis MC2 155	-	Actinomycetota	Prokaryote	JN699010	0.0321	0.0231	0.0175	957
NC_028801	1034149	1034149-1	68346	Mycobacterium phage Vortex	dsDNA	246196	Mycolicibacterium smegmatis MC2 155	-	Actinomycetota	Prokaryote	NC_028801	0.0309	0.0220	0.0210	958
JN638753	1084721	1084721-1	68307	Mycobacterium phage Morgushi	dsDNA	246196	Mycolicibacterium smegmatis MC2 155	-	Actinomycetota	Prokaryote	JN638753	0.0319	0.0180	0.0182	959
JF937095	1034104	1034104-1	68193	Mycobacterium phage Harvey	dsDNA	246196	Mycolicibacterium smegmatis MC2 155	-	Actinomycetota	Prokaryote	JF937095	0.0359	0.0169	0.0210	960
JN638752	1084720	1084720-1	68600	Mycobacterium phage Murdoc	dsDNA	246196	Mycolicibacterium smegmatis MC2 155	-	Actinomycetota	Prokaryote	JN638752	0.0311	0.0174	0.0162	961
KP027208	1567474	1567474-1	68328	Mycobacterium phage Pipsqueak	dsDNA	246196	Mycolicibacterium smegmatis MC2 155	-	Actinomycetota	Prokaryote	KP027208	0.0329	0.0207	0.0177	962
NC_027985	663560	663560-1	68016	Mycobacterium phage UncleHowie	dsDNA	85007	Mycobacteriales	-	Actinomycetota	Prokaryote	NC_027985	0.0311	0.0160	0.0225	963
NC_023727	1089108	1089108-1	68494	Mycobacterium phage Vista	dsDNA	246196	Mycolicibacterium smegmatis MC2 155	-	Actinomycetota	Prokaryote	NC_023727	0.0349	0.0148	0.0222	964
JF957056	1032894	1032894-1	68839	Mycobacterium phage Thora	dsDNA	246196	Mycolicibacterium smegmatis MC2 155	-	Actinomycetota	Prokaryote	JF957056	0.0386	0.0125	0.0203	965
NC_028803	1035482	1035482-1	69118	Mycobacterium phage OSmaximus	dsDNA	246196	Mycolicibacterium smegmatis MC2 155	-	Actinomycetota	Prokaryote	NC_028803	0.0352	0.0160	0.0192	966
NC_024363	1486403	1486403-1	68807	Mycobacterium phage Manad	dsDNA	246196	Mycolicibacterium smegmatis MC2 155	-	Actinomycetota	Prokaryote	NC_024363	0.0359	0.0129	0.0257	967
NC_028691	1673886	1673886-1	68227	Mycobacterium phage Apizium	dsDNA	246196	Mycolicibacterium smegmatis MC2 155	-	Actinomycetota	Prokaryote	NC_028691	0.0337	0.0138	0.0202	968
NC_028681	1675554	1675554-1	68367	Mycobacterium phage Pops	dsDNA	1772	Mycolicibacterium smegmatis	-	Actinomycetota	Prokaryote	NC_028681	0.0379	0.0165	0.0164	969
NC_028690	1527494	1527494-1	68472	Mycobacterium phage Eremos	dsDNA	246196	Mycolicibacterium smegmatis MC2 155	-	Actinomycetota	Prokaryote	NC_028690	0.0361	0.0190	0.0194	970
NC_021310	1327766	1327766-1	68598	Mycobacterium phage Newman	dsDNA	246196	Mycolicibacterium smegmatis MC2 155	-	Actinomycetota	Prokaryote	NC_021310	0.0380	0.0185	0.0210	971
NC_028689	663553	663553-1	67774	Mycobacterium phage Colbert	dsDNA	246196	Mycolicibacterium smegmatis MC2 155	-	Actinomycetota	Prokaryote	NC_028689	0.0325	0.0190	0.0172	972
NC_023563	1414748	1414748-1	68262	Mycobacterium phage Suffolk	dsDNA	246196	Mycolicibacterium smegmatis MC2 155	-	Actinomycetota	Prokaryote	NC_023563	0.0328	0.0221	0.0173	973
JX649098	1235692	1235692-1	69321	Mycobacterium phage Nacho	dsDNA	246196	Mycolicibacterium smegmatis MC2 155	-	Actinomycetota	Prokaryote	JX649098	0.0362	0.0150	0.0191	974
KJ194583	1458713	1458713-1	68607	Mycobacterium phage Numberten	dsDNA	246196	Mycolicibacterium smegmatis MC2 155	-	Actinomycetota	Prokaryote	KJ194583	0.0373	0.0170	0.0210	975
NC_028674	1296647	1296647-1	68355	Mycobacterium phage ShiVal	dsDNA	246196	Mycolicibacterium smegmatis MC2 155	-	Actinomycetota	Prokaryote	NC_028674	0.0369	0.0205	0.0203	976
KJ567044	1486471	1486471-1	68428	Mycobacterium phage EmpTee	dsDNA	246196	Mycolicibacterium smegmatis MC2 155	-	Actinomycetota	Prokaryote	KJ567044	0.0394	0.0140	0.0220	977
JF937097	1034106	1034106-1	68675	Mycobacterium phage Hertubise	dsDNA	246196	Mycolicibacterium smegmatis MC2 155	-	Actinomycetota	Prokaryote	JF937097	0.0375	0.0130	0.0169	978
NC_028907	1089127	1089127-1	68839	Mycobacterium phage Kikipoo	dsDNA	246196	Mycolicibacterium smegmatis MC2 155	-	Actinomycetota	Prokaryote	NC_028907	0.0370	0.0125	0.0242	979
JN698990	1089124	1089124-1	68839	Mycobacterium phage IsaacEli	dsDNA	246196	Mycolicibacterium smegmatis MC2 155	-	Actinomycetota	Prokaryote	JN698990	0.0370	0.0125	0.0242	980
KP027209	1567476	1567476-1	68311	Mycobacterium phage Sigman	dsDNA	246196	Mycolicibacterium smegmatis MC2 155	-	Actinomycetota	Prokaryote	KP027209	0.0349	0.0173	0.0230	981
NC_023740	1089136	1089136-1	68311	Mycobacterium phage JacAttac	dsDNA	246196	Mycolicibacterium smegmatis MC2 155	-	Actinomycetota	Prokaryote	NC_023740	0.0349	0.0173	0.0230	982
JN006063	1035484	1035484-1	68804	Mycobacterium phage Serendipity	dsDNA	246196	Mycolicibacterium smegmatis MC2 155	-	Actinomycetota	Prokaryote	JN006063	0.0322	0.0118	0.0218	983
JX649097	1235693	1235693-1	68992	Mycobacterium phage Piglet	dsDNA	246196	Mycolicibacterium smegmatis MC2 155	-	Actinomycetota	Prokaryote	JX649097	0.0352	0.0115	0.0192	984
JX649096	1235694	1235694-1	68884	Mycobacterium phage Serpentine	dsDNA	246196	Mycolicibacterium smegmatis MC2 155	-	Actinomycetota	Prokaryote	JX649096	0.0351	0.0149	0.0201	985
JX649100	1235690	1235690-1	68910	Mycobacterium phage Alex	dsDNA	246196	Mycolicibacterium smegmatis MC2 155	-	Actinomycetota	Prokaryote	JX649100	0.0352	0.0115	0.0201	986
NC_028682	1458710	1458710-1	69030	Mycobacterium phage Badfish	dsDNA	246196	Mycolicibacterium smegmatis MC2 155	-	Actinomycetota	Prokaryote	NC_028682	0.0426	0.0178	0.0216	987
JN699009	1089133	1089133-1	68992	Mycobacterium phage ThreeOh3D2	dsDNA	246196	Mycolicibacterium smegmatis MC2 155	-	Actinomycetota	Prokaryote	JN699009	0.0382	0.0155	0.0191	988
FJ174694	563124	563124-1	68450	Mycobacterium phage Chah	dsDNA	246196	Mycolicibacterium smegmatis MC2 155	-	Actinomycetota	Prokaryote	FJ174694	0.0309	0.0149	0.0198	989
GU247134	701455	701455-1	68432	Mycobacterium phage Scoot17C	dsDNA	246196	Mycolicibacterium smegmatis MC2 155	-	Actinomycetota	Prokaryote	GU247134	0.0359	0.0116	0.0237	990
NC_005259	213236	213236-1	68999	Mycobacterium phage PG1	dsDNA	1763	Mycobacterium	-	Actinomycetota	Prokaryote	NC_005259	0.0313	0.0079	0.0218	991
NC_008197	373409	373409-1	68427	Mycobacterium phage Orion	dsDNA	1762	-	-	-	Prokaryote	NC_008197	0.0352	0.0180	0.0190	992
NC_048101	2484206	2484206-1	42363	Microbacterium phage Goodman	dsDNA	104336	Microbacterium foliorum	-	Actinomycetota	Prokaryote	NC_048101	0.0115	0.0142	0.0134	993
NC_047972	2182350	2182350-1	38684	Microbacterium phage Appa	dsDNA	104336	Microbacterium foliorum	-	Actinomycetota	Prokaryote	NC_047972	0.0461	0.0343	0.0059	994
NC_073474	2845816	2845816-1	84560	Gordonia phage VanLee	dsDNA	36822	Gordonia rubripertincta	-	Actinomycetota	Prokaryote	NC_073474	0.0304	0.0395	0.0204	995
NC_031004	1887651	1887651-1	41857	Gordonia phage Nyceirae	dsDNA	2055	Gordonia terrae	-	Actinomycetota	Prokaryote	NC_031004	0.0197	0.0049	0.0091	996
NC_016654	1109714	1109714-1	39474	Rhodococcus phage REQ3	dsDNA	85025	-	-	-	Prokaryote	NC_016654	0.0072	0.0088	0.0102	997
NC_047974	2182360	2182360-1	53912	Gordonia phage Jace	dsDNA	1833	Rhodococcus erythropolis	-	Actinomycetota	Prokaryote	NC_047974	0.0260	0.0230	0.0246	998
NC_030902	1647470	1647470-1	41207	Gordonia phage GMA1	dsDNA	410332	Gordonia malaquae	-	Actinomycetota	Prokaryote	NC_030902	0.0261	0.0171	0.0047	999
NC_073459	2926099	2926099-1	47895	Gordonia phage Finkle	dsDNA	2055	Gordonia terrae	-	Actinomycetota	Prokaryote	NC_073459	0.0221	0.0060	0.0136	1000
NC_055867	2759393	2759393-1	58203	Gordonia phage Clown	dsDNA	2055	Gordonia terrae	-	Actinomycetota	Prokaryote	NC_055867	0.0238	0.0170	0.0103	1001
NC_055804	2591205	2591205-1	60468	Gordonia phage Bakery	dsDNA	2055	Gordonia terrae	-	Actinomycetota	Prokaryote	NC_055804	0.0194	0.0528	0.0242	1002
NC_055785	2500789	2500789-1	59655	Gordonia phage Mutzi	dsDNA	2055	Gordonia terrae	-	Actinomycetota	Prokaryote	NC_055785	0.0336	0.0390	0.0248	1003
NC_055765	2301560	2301560-1	58677	Gordonia phage TillyBobJoe	dsDNA	2055	Gordonia terrae	-	Actinomycetota	Prokaryote	NC_055765	0.0341	0.0223	0.0185	1004
NC_055816	2652412	2652412-1	58924	Gordonia phage Fireball	dsDNA	2055	Gordonia terrae	-	Actinomycetota	Prokaryote	NC_055816	0.0270	0.0269	0.0240	1005
NC_055797	2588128	2588128-1	59514	Gordonia phage Barb	dsDNA	2055	Gordonia terrae	-	Actinomycetota	Prokaryote	NC_055797	0.0465	0.0235	0.0242	1006
NC_055810	2588492	2588492-1	58718	Gordonia phage Nubi	dsDNA	2055	Gordonia terrae	-	Actinomycetota	Prokaryote	NC_055810	0.0350	0.0373	0.0254	1007
NC_055795	2572528	2572528-1	59454	Gordonia phage SmokingBunny	dsDNA	2055	Gordonia terrae	-	Actinomycetota	Prokaryote	NC_055795	0.0341	0.0391	0.0363	1008
NC_055843	2725634	2725634-1	58460	Gordonia phage Evamon	dsDNA	2055	Gordonia terrae	-	Actinomycetota	Prokaryote	NC_055843	0.0296	0.0373	0.0273	1009
NC_055920	2805836	2805836-1	58358	Gordonia phage Phlop	dsDNA	2055	Gordonia terrae	-	Actinomycetota	Prokaryote	NC_055920	0.0355	0.0167	0.0445	1010
NC_055752	2250394	2250394-1	58755	Gordonia phage KimmyK	dsDNA	2055	Gordonia terrae	-	Actinomycetota	Prokaryote	NC_055752	0.0388	0.0247	0.0321	1011
NC_030913	1838083	1838083-1	58308	Gordonia phage Wizard	dsDNA	2055	Gordonia terrae	-	Actinomycetota	Prokaryote	NC_030913	0.0316	0.0302	0.0437	1012
NC_055799	2588130	2588130-1	59448	Gordonia phage Valary	dsDNA	2055	Gordonia terrae	-	Actinomycetota	Prokaryote	NC_055799	0.0314	0.0185	0.0331	1013
NC_055861	2762414	2762414-1	58364	Gordonia phage Portcullis	dsDNA	2055	Gordonia terrae	-	Actinomycetota	Prokaryote	NC_055861	0.0315	0.0319	0.0215	1014
NC_055857	2743985	2743985-1	57764	Gordonia phage Jambalaya	dsDNA	2055	Gordonia terrae	-	Actinomycetota	Prokaryote	NC_055857	0.0318	0.0393	0.0251	1015
NC_055796	2588131	2588131-1	58972	Gordonia phage VanDeWege	dsDNA	2055	Gordonia terrae	-	Actinomycetota	Prokaryote	NC_055796	0.0402	0.0251	0.0318	1016
NC_055798	2588127	2588127-1	58650	Gordonia phage Arri	dsDNA	2055	Gordonia terrae	-	Actinomycetota	Prokaryote	NC_055798	0.0341	0.0173	0.0290	1017
NC_055805	2591116	2591116-1	59122	Gordonia phage RogerDodger	dsDNA	2055	Gordonia terrae	-	Actinomycetota	Prokaryote	NC_055805	0.0350	0.0321	0.0238	1018
NC_031052	1887655	1887655-1	57804	Gordonia phage Twister6	dsDNA	2055	Gordonia terrae	-	Actinomycetota	Prokaryote	NC_031052	0.0268	0.0320	0.0358	1019
NC_055751	2250390	2250390-1	58695	Gordonia phage Danyall	dsDNA	2055	Gordonia terrae	-	Actinomycetota	Prokaryote	NC_055751	0.0349	0.0208	0.0275	1020
NC_053246	2794947	2794947-1	59210	Gordonia phage Lilbeanie	dsDNA	2055	Gordonia terrae	-	Actinomycetota	Prokaryote	NC_053246	0.0325	0.0196	0.0243	1021
NC_053210	2794946	2794946-1	55006	Gordonia phage Dexdert	dsDNA	2055	Gordonia terrae	-	Actinomycetota	Prokaryote	NC_053210	0.0263	0.0200	0.0060	1022
NC_053211	2510508	2510508-1	55829	Gordonia phage Tiamoceli	dsDNA	2055	Gordonia terrae	-	Actinomycetota	Prokaryote	NC_053211	0.0248	0.0325	0.0080	1023
NC_028665	1647474	1647474-1	56982	Gordonia phage GTE6	dsDNA	2055	Gordonia terrae	-	Actinomycetota	Prokaryote	NC_028665	0.0278	0.0315	0.0116	1024
NC_053247	2743909	2743909-1	58928	Gordonia Phage Zitch	dsDNA	2055	Gordonia terrae	-	Actinomycetota	Prokaryote	NC_053247	0.0355	0.0340	0.0157	1025
NC_053248	2591212	2591212-1	61219	Gordonia phage Zipp	dsDNA	2055	Gordonia terrae	-	Actinomycetota	Prokaryote	NC_053248	0.0211	0.0349	0.0187	1026
NC_053249	2591211	2591211-1	61248	Gordonia phage Verity	dsDNA	2055	Gordonia terrae	-	Actinomycetota	Prokaryote	NC_053249	0.0138	0.0276	0.0159	1027
NC_053243	2656534	2656534-1	58844	Gordonia phage EMoore	dsDNA	2055	Gordonia terrae	-	Actinomycetota	Prokaryote	NC_053243	0.0490	0.0307	0.0222	1028
NC_053244	2656540	2656540-1	59761	Gordonia phage MelBins	dsDNA	2055	Gordonia terrae	-	Actinomycetota	Prokaryote	NC_053244	0.0373	0.0396	0.0349	1029
NC_053245	2301561	2301561-1	58301	Gordonia phage Ali17	dsDNA	2055	Gordonia terrae	-	Actinomycetota	Prokaryote	NC_053245	0.0404	0.0255	0.0148	1030
NC_031112	1821560	1821560-1	59265	Gordonia phage Phinally	dsDNA	2055	Gordonia terrae	-	Actinomycetota	Prokaryote	NC_031112	0.0369	0.0275	0.0207	1031
NC_053242	2656539	2656539-1	59268	Gordonia phage Leonard	dsDNA	2055	Gordonia terrae	-	Actinomycetota	Prokaryote	NC_053242	0.0354	0.0289	0.0207	1032
NC_053235	2762400	2762400-1	58176	Gordonia phage JKSyngboy	dsDNA	2055	Gordonia terrae	-	Actinomycetota	Prokaryote	NC_053235	0.0283	0.0301	0.0173	1033
NC_053236	2762402	2762402-1	57430	Gordonia phage YorkOnyx	dsDNA	2055	Gordonia terrae	-	Actinomycetota	Prokaryote	NC_053236	0.0249	0.0352	0.0195	1034
NC_053238	2483669	2483669-1	57472	Gordonia phage Gaea	dsDNA	2055	Gordonia terrae	-	Actinomycetota	Prokaryote	NC_053238	0.0356	0.0215	0.0205	1035
NC_053237	2301692	2301692-1	57555	Gordonia phage Ashertheman	dsDNA	2055	Gordonia terrae	-	Actinomycetota	Prokaryote	NC_053237	0.0286	0.0298	0.0130	1036
NC_053240	2591120	2591120-1	57306	Gordonia phage Tangerine	dsDNA	2055	Gordonia terrae	-	Actinomycetota	Prokaryote	NC_053240	0.0364	0.0274	0.0181	1037
NC_053239	2483667	2483667-1	57312	Gordonia phage Bizzy	dsDNA	2055	Gordonia terrae	-	Actinomycetota	Prokaryote	NC_053239	0.0387	0.0171	0.0199	1038
NC_053241	2250417	2250417-1	57448	Gordonia phage Ribeye	dsDNA	2055	Gordonia terrae	-	Actinomycetota	Prokaryote	NC_053241	0.0227	0.0256	0.0165	1039
NC_053234	2483671	2483671-1	57973	Gordonia phage Kroos	dsDNA	2055	Gordonia terrae	-	Actinomycetota	Prokaryote	NC_053234	0.0409	0.0323	0.0173	1040
NC_055818	2653273	2653273-1	59449	Gordonia phage Jabberwocky	dsDNA	2055	Gordonia terrae	-	Actinomycetota	Prokaryote	NC_055818	0.0400	0.0295	0.0071	1041
NC_055856	2743907	2743907-1	59501	Gordonia Phage Barsten	dsDNA	2055	Gordonia terrae	-	Actinomycetota	Prokaryote	NC_055856	0.0300	0.0320	0.0136	1042
NC_055778	2483674	2483674-1	57916	Gordonia phage Stultus	dsDNA	2055	Gordonia terrae	-	Actinomycetota	Prokaryote	NC_055778	0.0287	0.0279	0.0139	1043
NC_055776	2483670	2483670-1	59495	Gordonia phage Geodirt	dsDNA	2055	Gordonia terrae	-	Actinomycetota	Prokaryote	NC_055776	0.0396	0.0238	0.0075	1044
NC_042045	2041512	2041512-1	60237	Gordonia phage Lennon	dsDNA	2055	Gordonia terrae	-	Actinomycetota	Prokaryote	NC_042045	0.0216	0.0149	0.0049	1045
NC_055773	2483665	2483665-1	58474	Gordonia phage Ailee	dsDNA	2055	Gordonia terrae	-	Actinomycetota	Prokaryote	NC_055773	0.0238	0.0261	0.0122	1046
NC_055819	2653274	2653274-1	59759	Gordonia phage Keitabear	dsDNA	2055	Gordonia terrae	-	Actinomycetota	Prokaryote	NC_055819	0.0316	0.0223	0.0095	1047
NC_055774	2483666	2483666-1	57880	Gordonia phage Bibwit	dsDNA	2055	Gordonia terrae	-	Actinomycetota	Prokaryote	NC_055774	0.0296	0.0358	0.0112	1048
NC_042108	2079564	2079564-1	58842	Gordonia phage Brandonk123	dsDNA	2055	Gordonia terrae	-	Actinomycetota	Prokaryote	NC_042108	0.0325	0.0262	0.0192	1049
NC_055775	2483668	2483668-1	59136	Gordonia phage Fosterous	dsDNA	2055	Gordonia terrae	-	Actinomycetota	Prokaryote	NC_055775	0.0318	0.0261	0.0079	1050
NC_031239	1821564	1821564-1	59337	Gordonia phage Vivi2	dsDNA	2055	Gordonia terrae	-	Actinomycetota	Prokaryote	NC_031239	0.0285	0.0389	0.0136	1051
NC_055779	2483675	2483675-1	58281	Gordonia phage Tangent	dsDNA	2055	Gordonia terrae	-	Actinomycetota	Prokaryote	NC_055779	0.0404	0.0279	0.0110	1052
NC_055753	2250396	2250396-1	58767	Gordonia phage Rofo	dsDNA	2055	Gordonia terrae	-	Actinomycetota	Prokaryote	NC_055753	0.0439	0.0295	0.0126	1053
NC_055762	2301695	2301695-1	59215	Gordonia phage Angelicage	dsDNA	2055	Gordonia terrae	-	Actinomycetota	Prokaryote	NC_055762	0.0346	0.0208	0.0178	1054
NC_055777	2483672	2483672-1	57572	Gordonia phage Nordenberg	dsDNA	2055	Gordonia terrae	-	Actinomycetota	Prokaryote	NC_055777	0.0260	0.0246	0.0113	1055
NC_055803	2591208	2591208-1	59400	Gordonia phage Galadriel	dsDNA	2055	Gordonia terrae	-	Actinomycetota	Prokaryote	NC_055803	0.0343	0.0244	0.0070	1056
NC_055808	2588507	2588507-1	59022	Gordonia phage McKinley	dsDNA	2055	Gordonia terrae	-	Actinomycetota	Prokaryote	NC_055808	0.0334	0.0170	0.0160	1057
NC_055859	2762413	2762413-1	60127	Gordonia phage Paries	dsDNA	2055	Gordonia terrae	-	Actinomycetota	Prokaryote	NC_055859	0.0386	0.0189	0.0038	1058
NC_055864	2762401	2762401-1	60042	Gordonia phage Love	dsDNA	2055	Gordonia terrae	-	Actinomycetota	Prokaryote	NC_055864	0.0417	0.0293	0.0161	1059
NC_030916	1647476	1647476-1	56212	Tsukamurella phage TPA4	dsDNA	2061	Tsukamurella paurometabola	-	Actinomycetota	Prokaryote	NC_030916	0.0498	0.0622	0.0354	1060
NC_073464	2588512	2588512-1	49798	Mycobacterium phage LilSpotty	dsDNA	246196	Mycolicibacterium smegmatis MC2 155	-	Actinomycetota	Prokaryote	NC_073464	0.0069	0.0050	0.0103	1061
NC_031936	1647469	1647469-1	49979	Gordonia phage GAL1	dsDNA	84096	Gordonia alkanivorans	-	Actinomycetota	Prokaryote	NC_031936	0.0059	0.0	0.0035	1062
NC_031267	1821557	1821557-1	42979	Gordonia phage Lucky10	dsDNA	2055	Gordonia terrae	-	Actinomycetota	Prokaryote	NC_031267	0.0192	0.0026	0.0063	1063
NC_030942	1838064	1838064-1	55524	Gordonia phage BritBrat	dsDNA	2055	Gordonia terrae	-	Actinomycetota	Prokaryote	NC_030942	0.0130	0.0075	0.0049	1064
NC_048018	2250319	2250319-1	52195	Gordonia phage Apricot	dsDNA	2055	Gordonia terrae	-	Actinomycetota	Prokaryote	NC_048018	0.0078	0.0	0.0047	1065
NC_048040	2301694	2301694-1	53085	Gordonia phage Phistory	dsDNA	2055	Gordonia terrae	-	Actinomycetota	Prokaryote	NC_048040	0.0089	0.0060	0.0	1066
NC_048039	2301696	2301696-1	55668	Gordonia phage Horus	dsDNA	2055	Gordonia terrae	-	Actinomycetota	Prokaryote	NC_048039	0.0058	0.0	0.0036	1067
NC_048146	2507862	2507862-1	55119	Gordonia phage Asapag	dsDNA	2055	Gordonia terrae	-	Actinomycetota	Prokaryote	NC_048146	0.0053	0.0039	0.0036	1068
NC_047891	2047830	2047830-1	54867	Gordonia phage BENtherdunthat	dsDNA	2055	Gordonia terrae	-	Actinomycetota	Prokaryote	NC_047891	0.0044	0.0	0.0	1069
NC_048141	2499025	2499025-1	53215	Gordonia phage Kenna	dsDNA	2055	Gordonia terrae	-	Actinomycetota	Prokaryote	NC_048141	0.0053	0.0	0.0050	1070
NC_048083	2315531	2315531-1	56214	Gordonia phage Getalong	dsDNA	2055	Gordonia terrae	-	Actinomycetota	Prokaryote	NC_048083	0.0043	0.0	0.0	1071
NC_048782	2591131	2591131-1	43943	Rhodococcus phage Sleepyhead	dsDNA	1833	Rhodococcus erythropolis	-	Actinomycetota	Prokaryote	NC_048782	0.0	0.0	0.0058	1072
NC_048784	2591132	2591132-1	49660	Rhodococcus phage Whack	dsDNA	1833	Rhodococcus erythropolis	-	Actinomycetota	Prokaryote	NC_048784	0.0104	0.0	0.0060	1073
NC_016652	1109713	1109713-1	49330	Rhodococcus phage REQ2	dsDNA	85025	-	-	-	Prokaryote	NC_016652	0.0122	0.0128	0.0096	1074
NC_051725	2079285	2079285-1	50832	Mycobacterium phage Rem711	dsDNA	246196	Mycolicibacterium smegmatis MC2 155	-	Actinomycetota	Prokaryote	NC_051725	0.0197	0.0	0.0152	1075
NC_023602	1445729	1445729-1	50781	Mycobacterium phage 32HC	dsDNA	246196	Mycolicibacterium smegmatis MC2 155	-	Actinomycetota	Prokaryote	NC_023602	0.0128	0.0088	0.0127	1076
NC_054433	2601610	2601610-1	52581	Mycobacterium phage Weirdo19	dsDNA	1785	Mycobacterium sp.	-	Actinomycetota	Prokaryote	NC_054433	0.0486	0.0383	0.0378	1077
NC_054432	2775045	2775045-1	52849	Mycobacterium phage phiT46-1	dsDNA	36809	Mycobacteroides abscessus	-	Actinomycetota	Prokaryote	NC_054432	0.0077	0.0015	0.0150	1078
KJ538722	1471543	1471543-1	53746	Mycobacterium phage HH92	dsDNA	246196	Mycolicibacterium smegmatis MC2 155	-	Actinomycetota	Prokaryote	KJ538722	0.0152	0.0250	0.0147	1079
NC_009993	480808	480808-1	53746	Mycobacterium phage Giles	dsDNA	1772	Mycolicibacterium smegmatis	-	Actinomycetota	Prokaryote	NC_009993	0.0152	0.0271	0.0147	1080
NC_031247	1821551	1821551-1	50636	Gordonia phage BetterKatz	dsDNA	2055	Gordonia terrae	-	Actinomycetota	Prokaryote	NC_031247	0.0267	0.0139	0.0	1081
NC_048019	2250323	2250323-1	51265	Gordonia phage Ruthy	dsDNA	2055	Gordonia terrae	-	Actinomycetota	Prokaryote	NC_048019	0.0117	0.0211	0.0226	1082
NC_053172	2713262	2713262-1	52018	Gordonia phage DumpsterDude	dsDNA	2055	Gordonia terrae	-	Actinomycetota	Prokaryote	NC_053172	0.0220	0.0174	0.0112	1083
NC_031099	1887648	1887648-1	44536	Gordonia phage Hedwig	dsDNA	2055	Gordonia terrae	-	Actinomycetota	Prokaryote	NC_031099	0.0148	0.0113	0.0192	1084
NC_031255	1821561	1821561-1	46895	Gordonia phage Schnabeltier	dsDNA	2055	Gordonia terrae	-	Actinomycetota	Prokaryote	NC_031255	0.0218	0.0088	0.0059	1085
NC_030930	1838063	1838063-1	46570	Gordonia phage Bowser	dsDNA	2055	Gordonia terrae	-	Actinomycetota	Prokaryote	NC_030930	0.0224	0.0170	0.0147	1086
NC_048185	2572526	2572526-1	50187	Gordonia phage Fairfaxidum	dsDNA	2055	Gordonia terrae	-	Actinomycetota	Prokaryote	NC_048185	0.0109	0.0330	0.0083	1087
NC_053174	2571253	2571253-1	50678	Gordonia phage William	dsDNA	2055	Gordonia terrae	-	Actinomycetota	Prokaryote	NC_053174	0.0194	0.0183	0.0082	1088
NC_053173	2599852	2599852-1	49604	Gordonia phage Toast	dsDNA	2055	Gordonia terrae	-	Actinomycetota	Prokaryote	NC_053173	0.0295	0.0221	0.0011	1089
NC_055811	2590929	2590929-1	54000	Gordonia phage JuJu	dsDNA	2055	Gordonia terrae	-	Actinomycetota	Prokaryote	NC_055811	0.0324	0.0181	0.0200	1090
NC_031118	1887644	1887644-1	54167	Gordonia phage CarolAnn	dsDNA	2055	Gordonia terrae	-	Actinomycetota	Prokaryote	NC_031118	0.0279	0.0108	0.0188	1091
NC_055912	2793696	2793696-1	54168	Gordonia phage Blino	dsDNA	2055	Gordonia terrae	-	Actinomycetota	Prokaryote	NC_055912	0.0279	0.0108	0.0188	1092
NC_055754	2250320	2250320-1	52531	Gordonia phage Frokostdame	dsDNA	2055	Gordonia terrae	-	Actinomycetota	Prokaryote	NC_055754	0.0342	0.0094	0.0213	1093
NC_030943	1838062	1838062-1	54990	Gordonia phage Blueberry	dsDNA	2055	Gordonia terrae	-	Actinomycetota	Prokaryote	NC_030943	0.0328	0.0241	0.0286	1094
NC_055865	2762397	2762397-1	53622	Gordonia phage Azula	dsDNA	2055	Gordonia terrae	-	Actinomycetota	Prokaryote	NC_055865	0.0328	0.0241	0.0287	1095
NC_055792	2517927	2517927-1	52024	Gordonia phage Walrus	dsDNA	2055	Gordonia terrae	-	Actinomycetota	Prokaryote	NC_055792	0.0307	0.0243	0.0251	1096
NC_055745	2182347	2182347-1	52304	Gordonia phage Petra	dsDNA	158898	Gordonia westfalica	-	Actinomycetota	Prokaryote	NC_055745	0.0275	0.0163	0.0250	1097
NC_030921	1838081	1838081-1	49768	Gordonia phage Utz	dsDNA	2055	Gordonia terrae	-	Actinomycetota	Prokaryote	NC_030921	0.0387	0.0325	0.0145	1098
NC_031249	1821563	1821563-1	50127	Gordonia phage UmaThurman	dsDNA	2055	Gordonia terrae	-	Actinomycetota	Prokaryote	NC_031249	0.0332	0.0206	0.0134	1099
NC_031237	1821559	1821559-1	49286	Gordonia phage Obliviate	dsDNA	2055	Gordonia terrae	-	Actinomycetota	Prokaryote	NC_031237	0.0310	0.0185	0.0096	1100
NC_031265	1821553	1821553-1	49894	Gordonia phage Guacamole	dsDNA	2055	Gordonia terrae	-	Actinomycetota	Prokaryote	NC_031265	0.0347	0.0222	0.0160	1101
NC_031072	1887643	1887643-1	47898	Gordonia phage CaptainKirk2	dsDNA	2055	Gordonia terrae	-	Actinomycetota	Prokaryote	NC_031072	0.0318	0.0193	0.0092	1102
NC_073475	2936912	2936912-1	46226	Rhodococcus phage Mbo4	dsDNA	37919	Rhodococcus opacus	-	Actinomycetota	Prokaryote	NC_073475	0.0120	0.0123	0.0127	1103
NC_031122	1887646	1887646-1	44929	Gordonia phage Eyre	dsDNA	2055	Gordonia terrae	-	Actinomycetota	Prokaryote	NC_031122	0.0252	0.0152	0.0074	1104
NC_070816	2652879	2652879-1	45043	Gordonia phage Denise	dsDNA	2055	Gordonia terrae	-	Actinomycetota	Prokaryote	NC_070816	0.0205	0.0150	0.0093	1105
NC_070797	2502431	2502431-1	46463	Gordonia phage Vasanti	dsDNA	2055	Gordonia terrae	-	Actinomycetota	Prokaryote	NC_070797	0.0239	0.0253	0.0149	1106
NC_070799	2910954	2910954-1	45413	Gordonia phage Pickett	dsDNA	2055	Gordonia terrae	-	Actinomycetota	Prokaryote	NC_070799	0.0161	0.0185	0.0184	1107
NC_070798	2759392	2759392-1	44079	Gordonia phage Matteo	dsDNA	2055	Gordonia terrae	-	Actinomycetota	Prokaryote	NC_070798	0.0239	0.0339	0.0118	1108
NC_070800	2836044	2836044-1	46684	Gordonia phage Yeet412	dsDNA	2055	Gordonia terrae	-	Actinomycetota	Prokaryote	NC_070800	0.0159	0.0208	0.0154	1109
NC_031251	1821562	1821562-1	47880	Gordonia phage SoilAssassin	dsDNA	2055	Gordonia terrae	-	Actinomycetota	Prokaryote	NC_031251	0.0221	0.0256	0.0150	1110
NC_041883	1821548	1821548-1	47881	Gordonia phage Attis	dsDNA	2055	Gordonia terrae	-	Actinomycetota	Prokaryote	NC_041883	0.0221	0.0251	0.0150	1111
NC_070801	2790987	2790987-1	44730	Gordonia phage Lamberg	dsDNA	2055	Gordonia terrae	-	Actinomycetota	Prokaryote	NC_070801	0.0186	0.0161	0.0216	1112
NC_070803	2047832	2047832-1	46042	Gordonia phage Bjanes7	dsDNA	2055	Gordonia terrae	-	Actinomycetota	Prokaryote	NC_070803	0.0187	0.0231	0.0167	1113
NC_070802	2859488	2859488-1	45072	Gordonia phage Sahara	dsDNA	2055	Gordonia terrae	-	Actinomycetota	Prokaryote	NC_070802	0.0213	0.0120	0.0214	1114
NC_070804	2201426	2201426-1	46653	Gordonia phage Ebert	dsDNA	2055	Gordonia terrae	-	Actinomycetota	Prokaryote	NC_070804	0.0125	0.0189	0.0232	1115
NC_070818	2652881	2652881-1	53155	Gordonia phage Mcklovin	dsDNA	2055	Gordonia terrae	-	Actinomycetota	Prokaryote	NC_070818	0.0192	0.0126	0.0226	1116
NC_070817	1777061	1777061-1	53182	Gordonia phage Howe	dsDNA	2055	Gordonia terrae	-	Actinomycetota	Prokaryote	NC_070817	0.0149	0.0081	0.0157	1117
NC_070805	2599847	2599847-1	47680	Gordonia phage Powerball	dsDNA	36822	Gordonia rubripertincta	-	Actinomycetota	Prokaryote	NC_070805	0.0245	0.0201	0.0132	1118
NC_070815	2652883	2652883-1	47306	Gordonia phage Suerte	dsDNA	36822	Gordonia rubripertincta	-	Actinomycetota	Prokaryote	NC_070815	0.0246	0.0046	0.0272	1119
NC_070814	2182395	2182395-1	46717	Gordonia phage Easley	dsDNA	2055	Gordonia terrae	-	Actinomycetota	Prokaryote	NC_070814	0.0161	0.0227	0.0217	1120
NC_070809	2499023	2499023-1	46784	Gordonia phage Dorito	dsDNA	36822	Gordonia rubripertincta	-	Actinomycetota	Prokaryote	NC_070809	0.0260	0.0155	0.0229	1121
NC_070810	2652880	2652880-1	48198	Gordonia phage DobbysSock	dsDNA	2055	Gordonia terrae	-	Actinomycetota	Prokaryote	NC_070810	0.0130	0.0180	0.0150	1122
NC_070807	2591209	2591209-1	47735	Gordonia phage Sekhmet	dsDNA	2055	Gordonia terrae	-	Actinomycetota	Prokaryote	NC_070807	0.0204	0.0156	0.0161	1123
NC_070808	2873534	2873534-1	47336	Gordonia phage Dolores	dsDNA	2055	Gordonia terrae	-	Actinomycetota	Prokaryote	NC_070808	0.0225	0.0075	0.0267	1124
NC_070812	2862998	2862998-1	47548	Gordonia phage Samman98	dsDNA	2053	Gordonia	-	Actinomycetota	Prokaryote	NC_070812	0.0196	0.0102	0.0210	1125
NC_070811	2588133	2588133-1	47716	Gordonia phage Clark	dsDNA	2055	Gordonia terrae	-	Actinomycetota	Prokaryote	NC_070811	0.0130	0.0164	0.0171	1126
NC_070813	2759395	2759395-1	48397	Gordonia phage MichaelScott	dsDNA	2055	Gordonia terrae	-	Actinomycetota	Prokaryote	NC_070813	0.0163	0.0192	0.0189	1127
NC_070806	2079397	2079397-1	47953	Gordonia phage Beenie	dsDNA	2055	Gordonia terrae	-	Actinomycetota	Prokaryote	NC_070806	0.0152	0.0181	0.0200	1128
NC_070819	2591118	2591118-1	51789	Gordonia phage Sidious	dsDNA	2055	Gordonia terrae	-	Actinomycetota	Prokaryote	NC_070819	0.0306	0.0143	0.0248	1129
NC_070796	2762412	2762412-1	53473	Gordonia phage Ohgeesy	dsDNA	2055	Gordonia terrae	-	Actinomycetota	Prokaryote	NC_070796	0.0273	0.0063	0.0123	1130
NC_031269	1821565	1821565-1	51884	Gordonia phage Yeezy	dsDNA	2055	Gordonia terrae	-	Actinomycetota	Prokaryote	NC_031269	0.0217	0.0166	0.0067	1131
NC_031226	1821549	1821549-1	53717	Gordonia phage BaxterFox	dsDNA	2055	Gordonia terrae	-	Actinomycetota	Prokaryote	NC_031226	0.0231	0.0188	0.0204	1132
NC_070787	2762398	2762398-1	51268	Gordonia phage Bunnybear	dsDNA	2055	Gordonia terrae	-	Actinomycetota	Prokaryote	NC_070787	0.0248	0.0287	0.0256	1133
NC_070788	2591189	2591189-1	51668	Gordonia phage Madeline	dsDNA	2055	Gordonia terrae	-	Actinomycetota	Prokaryote	NC_070788	0.0181	0.0104	0.0217	1134
NC_070789	2571252	2571252-1	53453	Gordonia phage ThankyouJordi	dsDNA	2055	Gordonia terrae	-	Actinomycetota	Prokaryote	NC_070789	0.0247	0.0118	0.0253	1135
NC_070790	2776839	2776839-1	54546	Gordonia phage Bosnia	dsDNA	2055	Gordonia terrae	-	Actinomycetota	Prokaryote	NC_070790	0.0256	0.0263	0.0254	1136
NC_031061	1821558	1821558-1	53431	Gordonia phage Nymphadora	dsDNA	2055	Gordonia terrae	-	Actinomycetota	Prokaryote	NC_031061	0.0289	0.0155	0.0302	1137
NC_070791	2776861	2776861-1	53826	Gordonia phage Herod	dsDNA	2055	Gordonia terrae	-	Actinomycetota	Prokaryote	NC_070791	0.0264	0.0117	0.0323	1138
NC_070792	2859634	2859634-1	52807	Gordonia phage Agueybana	dsDNA	2055	Gordonia terrae	-	Actinomycetota	Prokaryote	NC_070792	0.0270	0.0053	0.0266	1139
NC_031097	1887656	1887656-1	52077	Gordonia phage Zirinka	dsDNA	2055	Gordonia terrae	-	Actinomycetota	Prokaryote	NC_031097	0.0275	0.0233	0.0298	1140
NC_070795	2836009	2836009-1	52698	Gordonia phage BoyNamedSue	dsDNA	2055	Gordonia terrae	-	Actinomycetota	Prokaryote	NC_070795	0.0376	0.0208	0.0284	1141
NC_070794	2488957	2488957-1	51628	Gordonia phage Maridalia	dsDNA	2055	Gordonia terrae	-	Actinomycetota	Prokaryote	NC_070794	0.0308	0.0183	0.0209	1142
NC_070793	2575355	2575355-1	49780	Gordonia phage Polly	dsDNA	2055	Gordonia terrae	-	Actinomycetota	Prokaryote	NC_070793	0.0209	0.0097	0.0323	1143
NC_031233	1821556	1821556-1	50346	Gordonia phage Kita	dsDNA	2055	Gordonia terrae	-	Actinomycetota	Prokaryote	NC_031233	0.0232	0.0104	0.0323	1144
NC_023744	45764	45764-1	60588	Mycobacterium phage DS6A	dsDNA	1773	Mycobacterium tuberculosis	-	Actinomycetota	Prokaryote	NC_023744	0.0256	0.0188	0.0154	1145
NC_026597	1527493	1527493-1	63334	Mycobacterium phage Sparky	dsDNA	246196	Mycolicibacterium smegmatis MC2 155	-	Actinomycetota	Prokaryote	NC_026597	0.0544	0.0188	0.0060	1146
NC_073463	2599866	2599866-1	38341	Mycobacterium phage IdentityCrisis	dsDNA	246196	Mycolicibacterium smegmatis MC2 155	-	Actinomycetota	Prokaryote	NC_073463	0.0059	0.0065	0.0	1147
NC_051726	2099637	2099637-1	43511	Mycobacterium phage Mendokysei	dsDNA	246196	Mycolicibacterium smegmatis MC2 155	-	Actinomycetota	Prokaryote	NC_051726	0.0157	0.0123	0.0147	1148
KM591905	1555234	1555234-1	42596	Mycobacterium phage RonRayGun	dsDNA	246196	Mycolicibacterium smegmatis MC2 155	-	Actinomycetota	Prokaryote	KM591905	0.0164	0.0092	0.0147	1149
NC_024135	1486424	1486424-1	42392	Mycobacterium phage Bernal13	dsDNA	246196	Mycolicibacterium smegmatis MC2 155	-	Actinomycetota	Prokaryote	NC_024135	0.0151	0.0104	0.0103	1150
NC_054393	2517971	2517971-1	75687	Mycobacterium phage Typha	dsDNA	1772	Mycolicibacterium smegmatis	-	Actinomycetota	Prokaryote	NC_054393	0.0091	0.0259	0.0090	1151
NC_031253	1805457	1805457-1	77832	Mycobacterium phage Bipper	dsDNA	246196	Mycolicibacterium smegmatis MC2 155	-	Actinomycetota	Prokaryote	NC_031253	0.0257	0.0284	0.0265	1152
NC_023604	1458831	1458831-1	44306	Mycobacterium phage Jolie2	dsDNA	246196	Mycolicibacterium smegmatis MC2 155	-	Actinomycetota	Prokaryote	NC_023604	0.0363	0.0312	0.0047	1153
NC_054445	2575612	2575612-1	44877	Mycobacterium phage Mercurio	dsDNA	246196	Mycolicibacterium smegmatis MC2 155	-	Actinomycetota	Prokaryote	NC_054445	0.0356	0.0277	0.0046	1154
NC_054446	2599868	2599868-1	44998	Mycobacterium phage Lemuria	dsDNA	246196	Mycolicibacterium smegmatis MC2 155	-	Actinomycetota	Prokaryote	NC_054446	0.0351	0.0248	0.0059	1155
NC_054444	2575610	2575610-1	44739	Mycobacterium phage Antsirabe	dsDNA	246196	Mycolicibacterium smegmatis MC2 155	-	Actinomycetota	Prokaryote	NC_054444	0.0392	0.0287	0.0303	1156
NC_054447	2517965	2517965-1	44842	Mycobacterium phage Pinnie	dsDNA	246196	Mycolicibacterium smegmatis MC2 155	-	Actinomycetota	Prokaryote	NC_054447	0.0293	0.0299	0.0110	1157
NC_028791	1647309	1647309-1	44492	Mycobacterium phage MOOREtheMARYer	dsDNA	246196	Mycolicibacterium smegmatis MC2 155	-	Actinomycetota	Prokaryote	NC_028791	0.0341	0.0303	0.0226	1158
NC_028861	1647304	1647304-1	44576	Mycobacterium phage FlagStaff	dsDNA	246196	Mycolicibacterium smegmatis MC2 155	-	Actinomycetota	Prokaryote	NC_028861	0.0401	0.0222	0.0275	1159
NC_028922	1647305	1647305-1	45161	Mycobacterium phage Cambiare	dsDNA	246196	Mycolicibacterium smegmatis MC2 155	-	Actinomycetota	Prokaryote	NC_028922	0.0413	0.0360	0.0141	1160
NC_054443	2024302	2024302-1	45389	Mycobacterium phage Avocado	dsDNA	246196	Mycolicibacterium smegmatis MC2 155	-	Actinomycetota	Prokaryote	NC_054443	0.0363	0.0249	0.0292	1161
NC_054439	2315544	2315544-1	42311	Mycobacterium phage Paito	dsDNA	1772	Mycolicibacterium smegmatis	-	Actinomycetota	Prokaryote	NC_054439	0.0190	0.0145	0.0057	1162
NC_054440	1897549	1897549-1	41077	Mycobacterium phage Taheera	dsDNA	246196	Mycolicibacterium smegmatis MC2 155	-	Actinomycetota	Prokaryote	NC_054440	0.0160	0.0093	0.0036	1163
NC_031102	1873887	1873887-1	42429	Mycobacterium phage Sneeze	dsDNA	246196	Mycolicibacterium smegmatis MC2 155	-	Actinomycetota	Prokaryote	NC_031102	0.0093	0.0134	0.0119	1164
NC_054441	2530143	2530143-1	42430	Mycobacterium phage Rabbs	dsDNA	1772	Mycolicibacterium smegmatis	-	Actinomycetota	Prokaryote	NC_054441	0.0093	0.0134	0.0119	1165
NC_054442	2315539	2315539-1	41752	Mycobacterium phage Grizzly	dsDNA	1772	Mycolicibacterium smegmatis	-	Actinomycetota	Prokaryote	NC_054442	0.0134	0.0087	0.0012	1166
NC_023705	2922994	2922994-1	41650	Mycobacterium phage Liefie	dsDNA	246196	Mycolicibacterium smegmatis MC2 155	-	Actinomycetota	Prokaryote	NC_023705	0.0189	0.0250	0.0	1167
KC787108	1327950	1327950-1	39520	Mycobacterium phage DNAIII	dsDNA	1762	-	-	-	Prokaryote	KC787108	0.0219	0.0151	0.0	1168
KC787107	1327949	1327949-1	39318	Mycobacterium phage Bo4	dsDNA	1762	-	-	-	Prokaryote	KC787107	0.0160	0.0184	0.0	1169
NC_021556	1327952	1327952-1	39981	Mycobacterium phage Leo	dsDNA	1762	-	-	-	Prokaryote	NC_021556	0.0209	0.0151	0.0011	1170
KJ725374	1498190	1498190-1	40086	Mycobacterium phage Guo1	dsDNA	1772	Mycolicibacterium smegmatis	-	Actinomycetota	Prokaryote	KJ725374	0.0171	0.0225	0.0048	1171
NC_008202	2911433	2911433-1	42289	Mycobacterium phage Halo	dsDNA	85007	Mycobacteriales	-	Actinomycetota	Prokaryote	NC_008202	0.0173	0.0211	0.0	1172
KM923970	1606762	1606762-1	41903	Mycobacterium phage Gomashi	dsDNA	246196	Mycolicibacterium smegmatis MC2 155	-	Actinomycetota	Prokaryote	KM923970	0.0194	0.0195	0.0	1173
NC_012788	649688	649688-1	41441	Mycobacterium phage Angel	dsDNA	246196	Mycolicibacterium smegmatis MC2 155	-	Actinomycetota	Prokaryote	NC_012788	0.0205	0.0207	0.0	1174
EU568876	515982	515982-1	41901	Mycobacterium phage BPs	dsDNA	1785	Mycobacterium sp.	-	Actinomycetota	Prokaryote	EU568876	0.0194	0.0195	0.0	1175
GQ303261	663555	663555-1	41901	Mycobacterium phage Hope	dsDNA	246196	Mycolicibacterium smegmatis MC2 155	-	Actinomycetota	Prokaryote	GQ303261	0.0155	0.0195	0.0	1176
JN699002	1089114	1089114-1	41901	Mycobacterium phage Avrafan	dsDNA	246196	Mycolicibacterium smegmatis MC2 155	-	Actinomycetota	Prokaryote	JN699002	0.0194	0.0195	0.0	1177
NC_073465	2599870	2599870-1	54301	Mycobacterium phage MalagasyRose	dsDNA	246196	Mycolicibacterium smegmatis MC2 155	-	Actinomycetota	Prokaryote	NC_073465	0.0042	0.0041	0.0	1178
NC_051588	2250291	2250291-1	60430	Mycobacterium phage Aminay	dsDNA	1772	Mycolicibacterium smegmatis	-	Actinomycetota	Prokaryote	NC_051588	0.0328	0.0256	0.0237	1179
NC_051589	2492961	2492961-1	58899	Mycobacterium phage Henu3	dsDNA	246196	Mycolicibacterium smegmatis MC2 155	-	Actinomycetota	Prokaryote	NC_051589	0.0322	0.0349	0.0145	1180
NC_051591	1897500	1897500-1	58390	Mycobacterium phage Taquito	dsDNA	246196	Mycolicibacterium smegmatis MC2 155	-	Actinomycetota	Prokaryote	NC_051591	0.0254	0.0370	0.0247	1181
NC_051590	2708631	2708631-1	58678	Mycobacterium phage Eponine	dsDNA	246196	Mycolicibacterium smegmatis MC2 155	-	Actinomycetota	Prokaryote	NC_051590	0.0232	0.0353	0.0122	1182
NC_051592	2530139	2530139-1	54611	Mycobacterium phage Patt	dsDNA	1772	Mycolicibacterium smegmatis	-	Actinomycetota	Prokaryote	NC_051592	0.0335	0.0381	0.0073	1183
NC_027365	2923006	2923006-1	58076	Mycobacterium phage Fionnbharth	dsDNA	246196	Mycolicibacterium smegmatis MC2 155	-	Actinomycetota	Prokaryote	NC_027365	0.0425	0.0329	0.0161	1184
NC_028979	1506716	1506716-1	57253	Mycobacterium phage Cheetobro	dsDNA	246196	Mycolicibacterium smegmatis MC2 155	-	Actinomycetota	Prokaryote	NC_028979	0.0336	0.0380	0.0207	1185
NC_051596	2301556	2301556-1	59925	Mycobacterium phage Rando14	dsDNA	246196	Mycolicibacterium smegmatis MC2 155	-	Actinomycetota	Prokaryote	NC_051596	0.0024	0.0037	0.0149	1186
NC_028832	1541819	1541819-1	61511	Mycobacterium phage Omnicron	dsDNA	246196	Mycolicibacterium smegmatis MC2 155	-	Actinomycetota	Prokaryote	NC_028832	0.0	0.0049	0.0082	1187
NC_023724	2922990	2922990-1	62991	Mycobacterium phage Larva	dsDNA	246196	Mycolicibacterium smegmatis MC2 155	-	Actinomycetota	Prokaryote	NC_023724	0.0134	0.0077	0.0087	1188
NC_028947	1606763	1606763-1	62738	Mycobacterium phage Kratio	dsDNA	246196	Mycolicibacterium smegmatis MC2 155	-	Actinomycetota	Prokaryote	NC_028947	0.0180	0.0132	0.0049	1189
NC_051593	2301704	2301704-1	61395	Mycobacterium phage Collard	dsDNA	1763	Mycobacterium	-	Actinomycetota	Prokaryote	NC_051593	0.0204	0.0139	0.0050	1190
NC_051597	2283261	2283261-1	63874	Mycobacterium phage Thyatira	dsDNA	1772	Mycolicibacterium smegmatis	-	Actinomycetota	Prokaryote	NC_051597	0.0	0.0	0.0015	1191
NC_051595	2094139	2094139-1	61535	Mycobacterium phage Paola	dsDNA	246196	Mycolicibacterium smegmatis MC2 155	-	Actinomycetota	Prokaryote	NC_051595	0.0031	0.0053	0.0	1192
NC_051594	2126952	2126952-1	61808	Mycobacterium phage Leston	dsDNA	246196	Mycolicibacterium smegmatis MC2 155	-	Actinomycetota	Prokaryote	NC_051594	0.0054	0.0037	0.0	1193
NC_024366	1486473	1486473-1	62661	Mycobacterium phage OkiRoe	dsDNA	246196	Mycolicibacterium smegmatis MC2 155	-	Actinomycetota	Prokaryote	NC_024366	0.0130	0.0	0.0	1194
NC_031035	1891963	1891963-1	61626	Mycobacterium phage Gengar	dsDNA	246196	Mycolicibacterium smegmatis MC2 155	-	Actinomycetota	Prokaryote	NC_031035	0.0064	0.0037	0.0	1195
NC_003387	88870	88870-1	52797	Mycobacterium phage TM4	dsDNA	1762	-	-	-	Prokaryote	NC_003387	0.0430	0.0256	0.0175	1196
NC_028759	1718600	1718600-1	58065	Mycobacterium phage Mufasa	dsDNA	246196	Mycolicibacterium smegmatis MC2 155	-	Actinomycetota	Prokaryote	NC_028759	0.0397	0.0254	0.0085	1197
NC_024147	1486427	1486427-1	57315	Mycobacterium phage ZoeJ	dsDNA	246196	Mycolicibacterium smegmatis MC2 155	-	Actinomycetota	Prokaryote	NC_024147	0.0441	0.0232	0.0213	1198
NC_026598	1567473	1567473-1	58211	Mycobacterium phage Milly	dsDNA	246196	Mycolicibacterium smegmatis MC2 155	-	Actinomycetota	Prokaryote	NC_026598	0.0404	0.0363	0.0051	1199
NC_051598	2015882	2015882-1	58150	Mycobacterium phage Findley	dsDNA	246196	Mycolicibacterium smegmatis MC2 155	-	Actinomycetota	Prokaryote	NC_051598	0.0506	0.0223	0.0107	1200
NC_042338	2927982	2927982-1	61567	Mycobacterium phage MacnCheese	dsDNA	246196	Mycolicibacterium smegmatis MC2 155	-	Actinomycetota	Prokaryote	NC_042338	0.0322	0.0142	0.0146	1201
NC_026603	1567471	1567471-1	61251	Mycobacterium phage Keshu	dsDNA	246196	Mycolicibacterium smegmatis MC2 155	-	Actinomycetota	Prokaryote	NC_026603	0.0383	0.0239	0.0024	1202
NC_051604	2015810	2015810-1	61318	Mycobacterium phage Hurricane	dsDNA	1772	Mycolicibacterium smegmatis	-	Actinomycetota	Prokaryote	NC_051604	0.0218	0.0212	0.0113	1203
NC_028846	1647313	1647313-1	61081	Mycobacterium phage ShedlockHolmes	dsDNA	246196	Mycolicibacterium smegmatis MC2 155	-	Actinomycetota	Prokaryote	NC_028846	0.0224	0.0280	0.0048	1204
NC_042325	2922215	2922215-1	61147	Mycobacterium phage Pixie	dsDNA	246196	Mycolicibacterium smegmatis MC2 155	-	Actinomycetota	Prokaryote	NC_042325	0.0263	0.0344	0.0036	1205
NC_051609	2762405	2762405-1	61945	Mycobacterium phage Ellie	dsDNA	1763	Mycobacterium	-	Actinomycetota	Prokaryote	NC_051609	0.0266	0.0231	0.0129	1206
NC_051605	2015817	2015817-1	62236	Mycobacterium phage Amgine	dsDNA	246196	Mycolicibacterium smegmatis MC2 155	-	Actinomycetota	Prokaryote	NC_051605	0.0180	0.0279	0.0047	1207
NC_051608	2599862	2599862-1	61772	Mycobacterium phage Ekdilam	dsDNA	246196	Mycolicibacterium smegmatis MC2 155	-	Actinomycetota	Prokaryote	NC_051608	0.0324	0.0160	0.0082	1208
NC_051607	2015879	2015879-1	61594	Mycobacterium phage DarthP	dsDNA	246196	Mycolicibacterium smegmatis MC2 155	-	Actinomycetota	Prokaryote	NC_051607	0.0272	0.0216	0.0098	1209
NC_051606	2015874	2015874-1	61761	Mycobacterium phage Amohnition	dsDNA	246196	Mycolicibacterium smegmatis MC2 155	-	Actinomycetota	Prokaryote	NC_051606	0.0243	0.0267	0.0047	1210
NC_051629	2599885	2599885-1	62192	Mycobacterium phage Yuna	dsDNA	246196	Mycolicibacterium smegmatis MC2 155	-	Actinomycetota	Prokaryote	NC_051629	0.0319	0.0185	0.0073	1211
NC_051602	1983447	1983447-1	60618	Mycobacterium phage Shandong1	dsDNA	246196	Mycolicibacterium smegmatis MC2 155	-	Actinomycetota	Prokaryote	NC_051602	0.0252	0.0253	0.0145	1212
NC_051603	2708633	2708633-1	61027	Mycobacterium phage Ximenita	dsDNA	246196	Mycolicibacterium smegmatis MC2 155	-	Actinomycetota	Prokaryote	NC_051603	0.0208	0.0217	0.0060	1213
NC_051601	2015820	2015820-1	60321	Mycobacterium phage Krueger	dsDNA	246196	Mycolicibacterium smegmatis MC2 155	-	Actinomycetota	Prokaryote	NC_051601	0.0131	0.0172	0.0	1214
NC_051599	2015825	2015825-1	61208	Mycobacterium phage Unicorn	dsDNA	246196	Mycolicibacterium smegmatis MC2 155	-	Actinomycetota	Prokaryote	NC_051599	0.0154	0.0133	0.0120	1215
NC_051600	2653755	2653755-1	57666	Mycobacterium phage Bryler	dsDNA	246196	Mycolicibacterium smegmatis MC2 155	-	Actinomycetota	Prokaryote	NC_051600	0.0218	0.0171	0.0	1216
NC_051627	2015824	2015824-1	61882	Mycobacterium phage SirPhilip	dsDNA	246196	Mycolicibacterium smegmatis MC2 155	-	Actinomycetota	Prokaryote	NC_051627	0.0261	0.0154	0.0	1217
NC_051623	2652423	2652423-1	61464	Mycobacterium phage Marshawn	dsDNA	246196	Mycolicibacterium smegmatis MC2 155	-	Actinomycetota	Prokaryote	NC_051623	0.0353	0.0285	0.0193	1218
NC_051619	2507856	2507856-1	62558	Mycobacterium phage KiSi	dsDNA	246196	Mycolicibacterium smegmatis MC2 155	-	Actinomycetota	Prokaryote	NC_051619	0.0323	0.0368	0.0251	1219
NC_051617	2725626	2725626-1	62067	Mycobacterium phage Chris	dsDNA	246196	Mycolicibacterium smegmatis MC2 155	-	Actinomycetota	Prokaryote	NC_051617	0.0319	0.0180	0.0148	1220
NC_051624	2510585	2510585-1	62293	Mycobacterium phage Nibb	dsDNA	246196	Mycolicibacterium smegmatis MC2 155	-	Actinomycetota	Prokaryote	NC_051624	0.0101	0.0271	0.0158	1221
NC_051622	2725625	2725625-1	62153	Mycobacterium phage MarkPhew	dsDNA	246196	Mycolicibacterium smegmatis MC2 155	-	Actinomycetota	Prokaryote	NC_051622	0.0406	0.0297	0.0152	1222
NC_023498	1414747	1414747-1	62466	Mycobacterium phage Validus	dsDNA	246196	Mycolicibacterium smegmatis MC2 155	-	Actinomycetota	Prokaryote	NC_023498	0.0358	0.0234	0.0192	1223
NC_051625	2517936	2517936-1	60989	Mycobacterium Phage Niklas	dsDNA	246196	Mycolicibacterium smegmatis MC2 155	-	Actinomycetota	Prokaryote	NC_051625	0.0430	0.0269	0.0271	1224
NC_028936	1698709	1698709-1	59052	Mycobacterium phage Enkosi	dsDNA	246196	Mycolicibacterium smegmatis MC2 155	-	Actinomycetota	Prokaryote	NC_028936	0.0086	0.0174	0.0167	1225
NC_051613	1913035	1913035-1	56439	Mycobacterium phage Amelie	dsDNA	1772	Mycolicibacterium smegmatis	-	Actinomycetota	Prokaryote	NC_051613	0.0086	0.0174	0.0169	1226
NC_051618	2599859	2599859-1	61222	Mycobacterium phage Curiosium	dsDNA	246196	Mycolicibacterium smegmatis MC2 155	-	Actinomycetota	Prokaryote	NC_051618	0.0092	0.0061	0.0	1227
NC_051630	2599886	2599886-1	60757	Mycobacterium phage Yunkel11	dsDNA	246196	Mycolicibacterium smegmatis MC2 155	-	Actinomycetota	Prokaryote	NC_051630	0.0196	0.0140	0.0023	1228
NC_051620	2015886	2015886-1	60934	Mycobacterium phage LastHope	dsDNA	246196	Mycolicibacterium smegmatis MC2 155	-	Actinomycetota	Prokaryote	NC_051620	0.0232	0.0233	0.0084	1229
NC_051628	1912978	1912978-1	60526	Mycobacterium phage Urkel	dsDNA	246196	Mycolicibacterium smegmatis MC2 155	-	Actinomycetota	Prokaryote	NC_051628	0.0133	0.0196	0.0078	1230
NC_051616	2024005	2024005-1	60746	Mycobacterium phage Bella96	dsDNA	246196	Mycolicibacterium smegmatis MC2 155	-	Actinomycetota	Prokaryote	NC_051616	0.0237	0.0263	0.0085	1231
NC_042031	2902832	2902832-1	60835	Mycobacterium phage Anaya	dsDNA	246196	Mycolicibacterium smegmatis MC2 155	-	Actinomycetota	Prokaryote	NC_042031	0.0161	0.0164	0.0067	1232
NC_028978	1560286	1560286-1	60609	Mycobacterium phage Murucutumbu	dsDNA	246196	Mycolicibacterium smegmatis MC2 155	-	Actinomycetota	Prokaryote	NC_028978	0.0070	0.0182	0.0072	1233
NC_051621	2094136	2094136-1	60143	Mycobacterium phage LaterM	dsDNA	246196	Mycolicibacterium smegmatis MC2 155	-	Actinomycetota	Prokaryote	NC_051621	0.0144	0.0209	0.0037	1234
NC_051626	2484215	2484215-1	60311	Mycobacterium phage Prithvi	dsDNA	246196	Mycolicibacterium smegmatis MC2 155	-	Actinomycetota	Prokaryote	NC_051626	0.0248	0.0200	0.0134	1235
NC_014459	2919554	2919554-1	59798	Mycobacterium phage CrimD	dsDNA	246196	Mycolicibacterium smegmatis MC2 155	-	Actinomycetota	Prokaryote	NC_014459	0.0155	0.0204	0.0101	1236
NC_051614	2027890	2027890-1	59947	Mycobacterium phage Apocalypse	dsDNA	246196	Mycolicibacterium smegmatis MC2 155	-	Actinomycetota	Prokaryote	NC_051614	0.0175	0.0299	0.0034	1237
NC_014458	2902837	2902837-1	59598	Mycobacterium phage Angelica	dsDNA	246196	Mycolicibacterium smegmatis MC2 155	-	Actinomycetota	Prokaryote	NC_014458	0.0125	0.0275	0.0094	1238
NC_051611	2108121	2108121-1	60031	Mycobacterium phage Adonis	dsDNA	246196	Mycolicibacterium smegmatis MC2 155	-	Actinomycetota	Prokaryote	NC_051611	0.0194	0.0272	0.0079	1239
NC_051631	2599887	2599887-1	59969	Mycobacterium phage Zavala	dsDNA	246196	Mycolicibacterium smegmatis MC2 155	-	Actinomycetota	Prokaryote	NC_051631	0.0190	0.0317	0.0089	1240
NC_051615	2250355	2250355-1	60494	Mycobacterium phage Beezoo	dsDNA	246196	Mycolicibacterium smegmatis MC2 155	-	Actinomycetota	Prokaryote	NC_051615	0.0243	0.0189	0.0024	1241
NC_051612	2163590	2163590-1	57034	Mycobacterium phage AlishaPH	dsDNA	246196	Mycolicibacterium smegmatis MC2 155	-	Actinomycetota	Prokaryote	NC_051612	0.0206	0.0233	0.0127	1242
NC_051610	1034127	1034127-1	59646	Mycobacterium phage Adephagia	dsDNA	246196	Mycolicibacterium smegmatis MC2 155	-	Actinomycetota	Prokaryote	NC_051610	0.0321	0.0192	0.0105	1243
NC_042332	2922987	2922987-1	59749	Mycobacterium phage JAWS	dsDNA	246196	Mycolicibacterium smegmatis MC2 155	-	Actinomycetota	Prokaryote	NC_042332	0.0252	0.0233	0.0122	1244
KJ567045	1486470	1486470-1	60310	Mycobacterium phage Emerson	dsDNA	246196	Mycolicibacterium smegmatis MC2 155	-	Actinomycetota	Prokaryote	KJ567045	0.0226	0.0252	0.0085	1245
NC_023747	1084722	1084722-1	59672	Mycobacterium phage BarrelRoll	dsDNA	246196	Mycolicibacterium smegmatis MC2 155	-	Actinomycetota	Prokaryote	NC_023747	0.0189	0.0194	0.0140	1246
NC_026590	1486472	1486472-1	90460	Mycobacterium phage Gaia	dsDNA	246196	Mycolicibacterium smegmatis MC2 155	-	Actinomycetota	Prokaryote	NC_026590	0.0	0.0044	0.0	1247
NC_004688	2907835	2907835-1	110865	Mycobacterium phage Omega	dsDNA	1762	-	-	-	Prokaryote	NC_004688	0.0067	0.0069	0.0062	1248
NC_042322	2922212	2922212-1	109086	Mycobacterium phage LittleE	dsDNA	246196	Mycolicibacterium smegmatis MC2 155	-	Actinomycetota	Prokaryote	NC_042322	0.0	0.0066	0.0063	1249
NC_028953	1567005	1567005-1	110764	Mycobacterium phage MiaZeal	dsDNA	246196	Mycolicibacterium smegmatis MC2 155	-	Actinomycetota	Prokaryote	NC_028953	0.0033	0.0040	0.0037	1250
NC_023690	2923000	2923000-1	110569	Mycobacterium phage Courthouse	dsDNA	246196	Mycolicibacterium smegmatis MC2 155	-	Actinomycetota	Prokaryote	NC_023690	0.0	0.0066	0.0037	1251
NC_028876	1541824	1541824-1	109801	Mycobacterium phage Ariel	dsDNA	246196	Mycolicibacterium smegmatis MC2 155	-	Actinomycetota	Prokaryote	NC_028876	0.0044	0.0066	0.0035	1252
NC_023738	1052673	1052673-1	106327	Mycobacterium phage Thibault	dsDNA	246196	Mycolicibacterium smegmatis MC2 155	-	Actinomycetota	Prokaryote	NC_023738	0.0097	0.0075	0.0066	1253
NC_022066	1340709	1340709-1	108297	Mycobacterium phage Redno2	dsDNA	246196	Mycolicibacterium smegmatis MC2 155	-	Actinomycetota	Prokaryote	NC_022066	0.0079	0.0075	0.0049	1254
NC_026584	1527513	1527513-1	109871	Mycobacterium phage Minerva	dsDNA	246196	Mycolicibacterium smegmatis MC2 155	-	Actinomycetota	Prokaryote	NC_026584	0.0048	0.0062	0.0046	1255
NC_022067	1340713	1340713-1	109960	Mycobacterium phage Wanda	dsDNA	246196	Mycolicibacterium smegmatis MC2 155	-	Actinomycetota	Prokaryote	NC_022067	0.0011	0.0037	0.0046	1256
NC_041844	2922218	2922218-1	109270	Mycobacterium phage Optimus	dsDNA	246196	Mycolicibacterium smegmatis MC2 155	-	Actinomycetota	Prokaryote	NC_041844	0.0011	0.0040	0.0046	1257
NC_042316	2902882	2902882-1	111688	Mycobacterium phage Baka	dsDNA	246196	Mycolicibacterium smegmatis MC2 155	-	Actinomycetota	Prokaryote	NC_042316	0.0046	0.0025	0.0046	1258
NC_022085	1383057	1383057-1	76483	Mycobacterium phage Goku	dsDNA	246196	Mycolicibacterium smegmatis MC2 155	-	Actinomycetota	Prokaryote	NC_022085	0.0188	0.0068	0.0118	1259
NC_041850	2922993	2922993-1	76174	Mycobacterium phage Eureka	dsDNA	246196	Mycolicibacterium smegmatis MC2 155	-	Actinomycetota	Prokaryote	NC_041850	0.0177	0.0089	0.0118	1260
NC_041987	1034116	1034116-1	75973	Mycobacterium phage SirDuracell	dsDNA	246196	Mycolicibacterium smegmatis MC2 155	-	Actinomycetota	Prokaryote	NC_041987	0.0190	0.0081	0.0113	1261
NC_041846	2902889	2902889-1	74997	Mycobacterium phage Bask21	dsDNA	246196	Mycolicibacterium smegmatis MC2 155	-	Actinomycetota	Prokaryote	NC_041846	0.0127	0.0012	0.0113	1262
JN006062	1035483	1035483-1	75706	Mycobacterium phage Rakim	dsDNA	246196	Mycolicibacterium smegmatis MC2 155	-	Actinomycetota	Prokaryote	JN006062	0.0108	0.0098	0.0058	1263
NC_028906	1035485	1035485-1	75933	Mycobacterium phage Toto	dsDNA	246196	Mycolicibacterium smegmatis MC2 155	-	Actinomycetota	Prokaryote	NC_028906	0.0146	0.0090	0.0133	1264
NC_029079	1679524	1679524-1	75339	Mycobacterium phage Dusk	dsDNA	246196	Mycolicibacterium smegmatis MC2 155	-	Actinomycetota	Prokaryote	NC_029079	0.0118	0.0039	0.0126	1265
KF188414	1358124	1358124-1	76131	Mycobacterium phage ABCat	dsDNA	246196	Mycolicibacterium smegmatis MC2 155	-	Actinomycetota	Prokaryote	KF188414	0.0118	0.0052	0.0115	1266
NC_028785	1679530	1679530-1	72790	Mycobacterium phage NelitzaMV	dsDNA	246196	Mycolicibacterium smegmatis MC2 155	-	Actinomycetota	Prokaryote	NC_028785	0.0102	0.0045	0.0161	1267
NC_011056	2914016	2914016-1	75811	Mycobacterium phage Kostya	dsDNA	1762	-	-	-	Prokaryote	NC_011056	0.0119	0.0051	0.0133	1268
NC_029093	1647311	1647311-1	75796	Mycobacterium phage Mindy	dsDNA	246196	Mycolicibacterium smegmatis MC2 155	-	Actinomycetota	Prokaryote	NC_029093	0.0145	0.0077	0.0138	1269
JF937096	1034105	1034105-1	76049	Mycobacterium phage Henry	dsDNA	246196	Mycolicibacterium smegmatis MC2 155	-	Actinomycetota	Prokaryote	JF937096	0.0157	0.0077	0.0105	1270
NC_011055	2914015	2914015-1	76312	Mycobacterium phage Porky	dsDNA	1762	-	-	-	Prokaryote	NC_011055	0.0136	0.0124	0.0192	1271
NC_022981	1430411	1430411-1	76323	Mycobacterium phage HufflyPuff	dsDNA	246196	Mycolicibacterium smegmatis MC2 155	-	Actinomycetota	Prokaryote	NC_022981	0.0184	0.0112	0.0058	1272
NC_021311	1327937	1327937-1	76479	Mycobacterium phage Phaux	dsDNA	246196	Mycolicibacterium smegmatis MC2 155	-	Actinomycetota	Prokaryote	NC_021311	0.0156	0.0037	0.0058	1273
NC_022969	1391181	1391181-1	76217	Mycobacterium phage PhatBacter	dsDNA	246196	Mycolicibacterium smegmatis MC2 155	-	Actinomycetota	Prokaryote	NC_022969	0.0170	0.0122	0.0094	1274
NC_022976	1391180	1391180-1	75894	Mycobacterium phage Nala	dsDNA	246196	Mycolicibacterium smegmatis MC2 155	-	Actinomycetota	Prokaryote	NC_022976	0.0212	0.0063	0.0105	1275
NC_022988	1391179	1391179-1	74210	Mycobacterium phage Bruin	dsDNA	246196	Mycolicibacterium smegmatis MC2 155	-	Actinomycetota	Prokaryote	NC_022988	0.0123	0.0059	0.0049	1276
KF493883	1429913	1429913-1	74533	Mycobacterium phage Mosby	dsDNA	246196	Mycolicibacterium smegmatis MC2 155	-	Actinomycetota	Prokaryote	KF493883	0.0123	0.0059	0.0095	1277
NC_022065	1340833	1340833-1	74533	Mycobacterium phage Contagion	dsDNA	246196	Mycolicibacterium smegmatis MC2 155	-	Actinomycetota	Prokaryote	NC_022065	0.0123	0.0059	0.0095	1278
NC_022059	1357669	1357669-1	77367	Mycobacterium phage DrDrey	dsDNA	246196	Mycolicibacterium smegmatis MC2 155	-	Actinomycetota	Prokaryote	NC_022059	0.0177	0.0040	0.0159	1279
NC_008194	2902792	2902792-1	74483	Mycobacterium phage 244	dsDNA	1762	-	-	-	Prokaryote	NC_008194	0.0180	0.0087	0.0142	1280
NC_021306	1327764	1327764-1	75736	Mycobacterium phage Dumbo	dsDNA	246196	Mycolicibacterium smegmatis MC2 155	-	Actinomycetota	Prokaryote	NC_021306	0.0179	0.0087	0.0038	1281
NC_023689	1070990	1070990-1	76260	Mycobacterium phage Lilac	dsDNA	246196	Mycolicibacterium smegmatis MC2 155	-	Actinomycetota	Prokaryote	NC_023689	0.0137	0.0047	0.0133	1282
NC_042027	2919547	2919547-1	74491	Mycobacterium phage Pumpkin	dsDNA	246196	Mycolicibacterium smegmatis MC2 155	-	Actinomycetota	Prokaryote	NC_042027	0.0149	0.0085	0.0038	1283
NC_021305	1327939	1327939-1	76179	Mycobacterium phage Murphy	dsDNA	246196	Mycolicibacterium smegmatis MC2 155	-	Actinomycetota	Prokaryote	NC_021305	0.0124	0.0084	0.0074	1284
NC_004681	2907830	2907830-1	75931	Mycobacterium phage Cjw1	dsDNA	1762	-	-	-	Prokaryote	NC_004681	0.0191	0.0087	0.0139	1285
JN391441	1070989	1070989-1	74675	Mycobacterium phage Elph10	dsDNA	246196	Mycolicibacterium smegmatis MC2 155	-	Actinomycetota	Prokaryote	JN391441	0.0192	0.0086	0.0131	1286
NC_022330	1354514	1354514-1	76586	Mycobacterium phage Quink	dsDNA	246196	Mycolicibacterium smegmatis MC2 155	-	Actinomycetota	Prokaryote	NC_022330	0.0192	0.0086	0.0143	1287
NC_021309	1327774	1327774-1	74711	Mycobacterium phage Phrux	dsDNA	246196	Mycolicibacterium smegmatis MC2 155	-	Actinomycetota	Prokaryote	NC_021309	0.0192	0.0086	0.0096	1288
NC_023572	1445726	1445726-1	42240	Mycobacterium phage MichelleMyBell	dsDNA	246196	Mycolicibacterium smegmatis MC2 155	-	Actinomycetota	Prokaryote	NC_023572	0.0242	0.0168	0.0	1289
NC_054451	2530132	2530132-1	41988	Mycobacterium phage Kevin1	dsDNA	246196	Mycolicibacterium smegmatis MC2 155	-	Actinomycetota	Prokaryote	NC_054451	0.0120	0.0066	0.0093	1290
NC_021061	1296646	1296646-1	41491	Mycobacterium phage Butters	dsDNA	246196	Mycolicibacterium smegmatis MC2 155	-	Actinomycetota	Prokaryote	NC_021061	0.0124	0.0168	0.0078	1291
NC_031266	1821541	1821541-1	44872	Mycobacterium phage Phrann	dsDNA	246196	Mycolicibacterium smegmatis MC2 155	-	Actinomycetota	Prokaryote	NC_031266	0.0508	0.0243	0.0075	1292
NC_031281	1821537	1821537-1	43516	Mycobacterium phage Panchino	dsDNA	246196	Mycolicibacterium smegmatis MC2 155	-	Actinomycetota	Prokaryote	NC_031281	0.0155	0.0296	0.0119	1293
NC_054454	2743932	2743932-1	40580	Mycobacterium phage Rebel	dsDNA	246196	Mycolicibacterium smegmatis MC2 155	-	Actinomycetota	Prokaryote	NC_054454	0.0302	0.0147	0.0161	1294
NC_054448	2743931	2743931-1	42382	Mycobacterium phage Raymond7	dsDNA	246196	Mycolicibacterium smegmatis MC2 155	-	Actinomycetota	Prokaryote	NC_054448	0.0257	0.0085	0.0084	1295
NC_023730	1079894	1079894-1	42594	Mycobacterium phage Redi	dsDNA	246196	Mycolicibacterium smegmatis MC2 155	-	Actinomycetota	Prokaryote	NC_023730	0.0336	0.0086	0.0139	1296
NC_054456	2743929	2743929-1	41278	Mycobacterium phage Jamie19	dsDNA	246196	Mycolicibacterium smegmatis MC2 155	-	Actinomycetota	Prokaryote	NC_054456	0.0200	0.0136	0.0122	1297
NC_041882	1821539	1821539-1	43478	Mycobacterium phage SkinnyPete	dsDNA	246196	Mycolicibacterium smegmatis MC2 155	-	Actinomycetota	Prokaryote	NC_041882	0.0153	0.0069	0.0148	1298
NC_031243	1821538	1821538-1	42395	Mycobacterium phage Xeno	dsDNA	246196	Mycolicibacterium smegmatis MC2 155	-	Actinomycetota	Prokaryote	NC_031243	0.0297	0.0155	0.0034	1299
NC_023729	1056830	1056830-1	43036	Mycobacterium phage Charlie	dsDNA	246196	Mycolicibacterium smegmatis MC2 155	-	Actinomycetota	Prokaryote	NC_023729	0.0532	0.0191	0.0055	1300
NC_054449	2047843	2047843-1	43886	Mycobacterium phage Philonius	dsDNA	246196	Mycolicibacterium smegmatis MC2 155	-	Actinomycetota	Prokaryote	NC_054449	0.0134	0.0164	0.0096	1301
NC_054450	2301547	2301547-1	44333	Mycobacterium phage Aggie	dsDNA	246196	Mycolicibacterium smegmatis MC2 155	-	Actinomycetota	Prokaryote	NC_054450	0.0305	0.0280	0.0115	1302
NC_054452	2047834	2047834-1	43779	Mycobacterium phage Andies	dsDNA	246196	Mycolicibacterium smegmatis MC2 155	-	Actinomycetota	Prokaryote	NC_054452	0.0511	0.0196	0.0094	1303
NC_054453	2588511	2588511-1	42396	Mycobacterium phage Fulbright	dsDNA	246196	Mycolicibacterium smegmatis MC2 155	-	Actinomycetota	Prokaryote	NC_054453	0.0246	0.0077	0.0037	1304
NC_054455	2301545	2301545-1	44205	Mycobacterium phage Tapioca	dsDNA	246196	Mycolicibacterium smegmatis MC2 155	-	Actinomycetota	Prokaryote	NC_054455	0.0536	0.0102	0.0103	1305
NC_042055	1821540	1821540-1	43679	Mycobacterium phage Pipsqueaks	dsDNA	246196	Mycolicibacterium smegmatis MC2 155	-	Actinomycetota	Prokaryote	NC_042055	0.0160	0.0164	0.0119	1306
NC_028779	1555233	1555233-1	43680	Mycobacterium phage Carcharodon	dsDNA	246196	Mycolicibacterium smegmatis MC2 155	-	Actinomycetota	Prokaryote	NC_028779	0.0159	0.0196	0.0089	1307
NC_051721	2108127	2108127-1	55178	Mycobacterium phage MooMoo	dsDNA	246196	Mycolicibacterium smegmatis MC2 155	-	Actinomycetota	Prokaryote	NC_051721	0.0021	0.0	0.0036	1308
NC_026589	1567475	1567475-1	55832	Mycobacterium phage Sbash	dsDNA	246196	Mycolicibacterium smegmatis MC2 155	-	Actinomycetota	Prokaryote	NC_026589	0.0058	0.0202	0.0034	1309
NC_004683	2907832	2907832-1	57050	Mycobacterium phage Che9c	dsDNA	1762	-	-	-	Prokaryote	NC_004683	0.0139	0.0267	0.0122	1310
HM152765	861048	861048-1	47287	Mycobacterium phage Island3	dsDNA	246196	Mycolicibacterium smegmatis MC2 155	-	Actinomycetota	Prokaryote	HM152765	0.0274	0.0324	0.0143	1311
NC_011291	2902904	2902904-1	47057	Mycobacterium phage Brujita	dsDNA	246196	Mycolicibacterium smegmatis MC2 155	-	Actinomycetota	Prokaryote	NC_011291	0.0268	0.0348	0.0143	1312
NC_055815	2599884	2599884-1	48540	Mycobacterium phage Xula	dsDNA	246196	Mycolicibacterium smegmatis MC2 155	-	Actinomycetota	Prokaryote	NC_055815	0.0224	0.0246	0.0141	1313
NC_055707	2077135	2077135-1	46305	Mycobacterium phage HC	dsDNA	1763	Mycobacterium	-	Actinomycetota	Prokaryote	NC_055707	0.0301	0.0376	0.0146	1314
NC_023697	2902842	2902842-1	48420	Mycobacterium phage Babsiella	dsDNA	246196	Mycolicibacterium smegmatis MC2 155	-	Actinomycetota	Prokaryote	NC_023697	0.0292	0.0326	0.0113	1315
NC_041888	1897497	1897497-1	49658	Mycobacterium phage Tortellini	dsDNA	246196	Mycolicibacterium smegmatis MC2 155	-	Actinomycetota	Prokaryote	NC_041888	0.0181	0.0084	0.0101	1316
NC_051739	2593351	2593351-1	50513	Mycobacterium phage Purky	dsDNA	1772	Mycolicibacterium smegmatis	-	Actinomycetota	Prokaryote	NC_051739	0.0162	0.0205	0.0171	1317
NC_023692	1074309	1074309-1	48984	Mycobacterium phage BigNuz	dsDNA	246196	Mycolicibacterium smegmatis MC2 155	-	Actinomycetota	Prokaryote	NC_023692	0.0196	0.0127	0.0112	1318
NC_051738	2599880	2599880-1	50415	Mycobacterium phage ThulaThula	dsDNA	246196	Mycolicibacterium smegmatis MC2 155	-	Actinomycetota	Prokaryote	NC_051738	0.0233	0.0115	0.0084	1319
NC_028796	1647302	1647302-1	49203	Mycobacterium phage Phayonce	dsDNA	246196	Mycolicibacterium smegmatis MC2 155	-	Actinomycetota	Prokaryote	NC_028796	0.0225	0.0277	0.0149	1320
NC_051740	2178923	2178923-1	49808	Mycobacterium phage Xavia	dsDNA	246196	Mycolicibacterium smegmatis MC2 155	-	Actinomycetota	Prokaryote	NC_051740	0.0149	0.0259	0.0129	1321
NC_031261	1821727	1821727-1	48670	Mycobacterium phage Shipwreck	dsDNA	246196	Mycolicibacterium smegmatis MC2 155	-	Actinomycetota	Prokaryote	NC_031261	0.0143	0.0247	0.0142	1322
NC_051730	2742107	2742107-1	46561	Mycobacterium phage Jung	dsDNA	1772	Mycolicibacterium smegmatis	-	Actinomycetota	Prokaryote	NC_051730	0.0215	0.0340	0.0073	1323
NC_051727	2713268	2713268-1	48399	Mycobacterium phage Willsammy	dsDNA	246196	Mycolicibacterium smegmatis MC2 155	-	Actinomycetota	Prokaryote	NC_051727	0.0218	0.0201	0.0102	1324
NC_051728	2686098	2686098-1	48783	Mycobacterium phage Megiddo	dsDNA	246196	Mycolicibacterium smegmatis MC2 155	-	Actinomycetota	Prokaryote	NC_051728	0.0196	0.0220	0.0071	1325
NC_053209	2696373	2696373-1	48916	Mycobacterium phage KilKor	dsDNA	246196	Mycolicibacterium smegmatis MC2 155	-	Actinomycetota	Prokaryote	NC_053209	0.0236	0.0196	0.0071	1326
NC_051735	2572533	2572533-1	45680	Mycobacterium phage FirstPlacePfu	dsDNA	1772	Mycolicibacterium smegmatis	-	Actinomycetota	Prokaryote	NC_051735	0.0238	0.0288	0.0185	1327
NC_051734	2015875	2015875-1	46484	Mycobacterium phage Bartholomew	dsDNA	246196	Mycolicibacterium smegmatis MC2 155	-	Actinomycetota	Prokaryote	NC_051734	0.0281	0.0264	0.0128	1328
NC_051737	2024296	2024296-1	47612	Mycobacterium phage Majeke	dsDNA	246196	Mycolicibacterium smegmatis MC2 155	-	Actinomycetota	Prokaryote	NC_051737	0.0176	0.0287	0.0095	1329
NC_051736	2041518	2041518-1	46732	Mycobacterium phage Arib1	dsDNA	246196	Mycolicibacterium smegmatis MC2 155	-	Actinomycetota	Prokaryote	NC_051736	0.0203	0.0268	0.0128	1330
NC_021302	1327765	1327765-1	47109	Mycobacterium phage Fishburne	dsDNA	246196	Mycolicibacterium smegmatis MC2 155	-	Actinomycetota	Prokaryote	NC_021302	0.0235	0.0271	0.0167	1331
NC_023552	1429793	1429793-1	47162	Mycobacterium phage Donovan	dsDNA	246196	Mycolicibacterium smegmatis MC2 155	-	Actinomycetota	Prokaryote	NC_023552	0.0193	0.0306	0.0155	1332
NC_051732	2015833	2015833-1	48699	Mycobacterium phage Ksquared	dsDNA	246196	Mycolicibacterium smegmatis MC2 155	-	Actinomycetota	Prokaryote	NC_051732	0.0241	0.0247	0.0064	1333
NC_051731	2517951	2517951-1	48424	Mycobacterium phage GreaseLightnin	dsDNA	246196	Mycolicibacterium smegmatis MC2 155	-	Actinomycetota	Prokaryote	NC_051731	0.0211	0.0192	0.0103	1334
NC_028747	1698358	1698358-1	47618	Mycobacterium phage Brusacoram	dsDNA	246196	Mycolicibacterium smegmatis MC2 155	-	Actinomycetota	Prokaryote	NC_028747	0.0272	0.0272	0.0096	1335
NC_051729	2656556	2656556-1	49075	Mycobacterium phage Atcoo	dsDNA	246196	Mycolicibacterium smegmatis MC2 155	-	Actinomycetota	Prokaryote	NC_051729	0.0239	0.0269	0.0096	1336
NC_051733	2575357	2575357-1	47229	Mycobacterium phage Phineas	dsDNA	246196	Mycolicibacterium smegmatis MC2 155	-	Actinomycetota	Prokaryote	NC_051733	0.0193	0.0248	0.0127	1337
NC_026605	1567472	1567472-1	46869	Mycobacterium phage Malithi	dsDNA	246196	Mycolicibacterium smegmatis MC2 155	-	Actinomycetota	Prokaryote	NC_026605	0.0203	0.0272	0.0108	1338
NC_041969	1076631	1076631-1	45580	Mycobacterium phage Jebeks	dsDNA	246196	Mycolicibacterium smegmatis MC2 155	-	Actinomycetota	Prokaryote	NC_041969	0.0125	0.0281	0.0084	1339
NC_055759	2283292	2283292-1	72658	Mycobacterium phage Ryadel	dsDNA	246196	Mycolicibacterium smegmatis MC2 155	-	Actinomycetota	Prokaryote	NC_055759	0.0189	0.0129	0.0212	1340
NC_022057	1340819	1340819-1	72108	Mycobacterium phage Catdawg	dsDNA	246196	Mycolicibacterium smegmatis MC2 155	-	Actinomycetota	Prokaryote	NC_022057	0.0203	0.0191	0.0217	1341
KJ829260	1505226	1505226-1	70214	Mycobacterium phage YungJamal	dsDNA	246196	Mycolicibacterium smegmatis MC2 155	-	Actinomycetota	Prokaryote	KJ829260	0.0157	0.0080	0.0152	1342
NC_004685	2907833	2907833-1	69777	Mycobacterium phage Corndog	dsDNA	1762	-	-	-	Prokaryote	NC_004685	0.0124	0.0130	0.0199	1343
NC_023712	2922998	2922998-1	71341	Mycobacterium phage Firecracker	dsDNA	246196	Mycolicibacterium smegmatis MC2 155	-	Actinomycetota	Prokaryote	NC_023712	0.0119	0.0113	0.0302	1344
NC_022325	1340831	1340831-1	69815	Mycobacterium phage Dylan	dsDNA	246196	Mycolicibacterium smegmatis MC2 155	-	Actinomycetota	Prokaryote	NC_022325	0.0237	0.0091	0.0137	1345
NC_051723	2743996	2743996-1	54814	Mycobacterium phage Soul22	dsDNA	246196	Mycolicibacterium smegmatis MC2 155	-	Actinomycetota	Prokaryote	NC_051723	0.0	0.0	0.0	1346
NC_023698	2902841	2902841-1	54470	Mycobacterium phage Avani	dsDNA	246196	Mycolicibacterium smegmatis MC2 155	-	Actinomycetota	Prokaryote	NC_023698	0.0	0.0026	0.0	1347
NC_051724	1486474	1486474-1	55307	Mycobacterium phage Zapner	dsDNA	246196	Mycolicibacterium smegmatis MC2 155	-	Actinomycetota	Prokaryote	NC_051724	0.0	0.0	0.0	1348
NC_022069	1340820	1340820-1	55213	Mycobacterium phage Jabbawokkie	dsDNA	246196	Mycolicibacterium smegmatis MC2 155	-	Actinomycetota	Prokaryote	NC_022069	0.0	0.0	0.0	1349
NC_042030	2920891	2920891-1	58714	Mycobacterium phage Yoshi	dsDNA	246196	Mycolicibacterium smegmatis MC2 155	-	Actinomycetota	Prokaryote	NC_042030	0.0	0.0	0.0048	1350
NC_051722	2041528	2041528-1	57437	Mycobacterium phage Demsculpinboyz	dsDNA	246196	Mycolicibacterium smegmatis MC2 155	-	Actinomycetota	Prokaryote	NC_051722	0.0	0.0	0.0	1351
NC_004686	2907834	2907834-1	56275	Mycobacterium phage Che9d	dsDNA	1763	Mycobacterium	-	Actinomycetota	Prokaryote	NC_004686	0.0	0.0	0.0	1352
NC_048850	2704043	2704043-1	56391	Mycobacterium phage Cornie	dsDNA	246196	Mycolicibacterium smegmatis MC2 155	-	Actinomycetota	Prokaryote	NC_048850	0.0309	0.0030	0.0	1353
NC_048729	2301701	2301701-1	58078	Mycobacterium phage Renaud18	dsDNA	246196	Mycolicibacterium smegmatis MC2 155	-	Actinomycetota	Prokaryote	NC_048729	0.0032	0.0	0.0	1354
NC_048788	2588513	2588513-1	56714	Mycobacterium phage ThetaBob	dsDNA	246196	Mycolicibacterium smegmatis MC2 155	-	Actinomycetota	Prokaryote	NC_048788	0.0	0.0	0.0050	1355
NC_048705	2163598	2163598-1	57742	Mycobacterium phage TChen	dsDNA	246196	Mycolicibacterium smegmatis MC2 155	-	Actinomycetota	Prokaryote	NC_048705	0.0	0.0125	0.0072	1356
NC_026588	1527512	1527512-1	60285	Mycobacterium phage Squirty	dsDNA	246196	Mycolicibacterium smegmatis MC2 155	-	Actinomycetota	Prokaryote	NC_026588	0.0318	0.0132	0.0	1357
NC_022060	1340821	1340821-1	54314	Mycobacterium phage Velveteen	dsDNA	246196	Mycolicibacterium smegmatis MC2 155	-	Actinomycetota	Prokaryote	NC_022060	0.0339	0.0	0.0	1358
NC_026604	1527463	1527463-1	53636	Mycobacterium phage Cerasum	dsDNA	246196	Mycolicibacterium smegmatis MC2 155	-	Actinomycetota	Prokaryote	NC_026604	0.0339	0.0	0.0	1359
NC_021334	1327036	1327036-1	53359	Mycobacterium phage WIVsmall	dsDNA	246196	Mycolicibacterium smegmatis MC2 155	-	Actinomycetota	Prokaryote	NC_021334	0.0	0.0	0.0	1360
NC_042323	2922213	2922213-1	57278	Mycobacterium phage Mozy	dsDNA	246196	Mycolicibacterium smegmatis MC2 155	-	Actinomycetota	Prokaryote	NC_042323	0.0	0.0	0.0	1361
NC_022055	1340708	1340708-1	59179	Mycobacterium phage Bobi	dsDNA	246196	Mycolicibacterium smegmatis MC2 155	-	Actinomycetota	Prokaryote	NC_022055	0.0044	0.0	0.0	1362
NC_028751	1675555	1675555-1	58671	Mycobacterium phage Quico	dsDNA	1772	Mycolicibacterium smegmatis	-	Actinomycetota	Prokaryote	NC_028751	0.0042	0.0	0.0	1363
NC_028889	1675549	1675549-1	59416	Mycobacterium phage Florinda	dsDNA	1772	Mycolicibacterium smegmatis	-	Actinomycetota	Prokaryote	NC_028889	0.0	0.0	0.0	1364
NC_051703	2301570	2301570-1	57526	Mycobacterium phage QuickMath	dsDNA	1763	Mycobacterium	-	Actinomycetota	Prokaryote	NC_051703	0.0	0.0	0.0	1365
NC_028792	1662284	1662284-1	56826	Mycobacterium phage Kimberlium	dsDNA	246196	Mycolicibacterium smegmatis MC2 155	-	Actinomycetota	Prokaryote	NC_028792	0.0	0.0	0.0	1366
NC_028813	1698713	1698713-1	57766	Mycobacterium phage Seagreen	dsDNA	246196	Mycolicibacterium smegmatis MC2 155	-	Actinomycetota	Prokaryote	NC_028813	0.0	0.0	0.0048	1367
NC_051695	2126954	2126954-1	56515	Mycobacterium phage OwlsT2W	dsDNA	246196	Mycolicibacterium smegmatis MC2 155	-	Actinomycetota	Prokaryote	NC_051695	0.0	0.0	0.0039	1368
NC_051710	2301571	2301571-1	58604	Mycobacterium phage Spikelee	dsDNA	1763	Mycobacterium	-	Actinomycetota	Prokaryote	NC_051710	0.0132	0.0	0.0049	1369
NC_011289	2914020	2914020-1	58578	Mycobacterium phage Ramsey	dsDNA	246196	Mycolicibacterium smegmatis MC2 155	-	Actinomycetota	Prokaryote	NC_011289	0.0099	0.0	0.0036	1370
NC_021538	1327771	1327771-1	59626	Mycobacterium phage Job42	dsDNA	246196	Mycolicibacterium smegmatis MC2 155	-	Actinomycetota	Prokaryote	NC_021538	0.0317	0.0	0.0	1371
NC_042315	2920892	2920892-1	56719	Mycobacterium phage RockyHorror	dsDNA	246196	Mycolicibacterium smegmatis MC2 155	-	Actinomycetota	Prokaryote	NC_042315	0.0329	0.0	0.0	1372
NC_026593	1536598	1536598-1	59419	Mycobacterium phage BuzzLyseyear	dsDNA	246196	Mycolicibacterium smegmatis MC2 155	-	Actinomycetota	Prokaryote	NC_026593	0.0317	0.0	0.0	1373
NC_055909	2790994	2790994-1	54468	Mycobacterium phage Plumbus	dsDNA	1772	Mycolicibacterium smegmatis	-	Actinomycetota	Prokaryote	NC_055909	0.0	0.0	0.0	1374
NC_023721	2922995	2922995-1	54411	Mycobacterium phage Drago	dsDNA	246196	Mycolicibacterium smegmatis MC2 155	-	Actinomycetota	Prokaryote	NC_023721	0.0	0.0	0.0036	1375
NC_011054	2902893	2902893-1	58037	Mycobacterium phage Boomer	dsDNA	1762	-	-	-	Prokaryote	NC_011054	0.0	0.0051	0.0050	1376
NC_041989	1036615	1036615-1	59315	Mycobacterium phage Shauna1	dsDNA	246196	Mycolicibacterium smegmatis MC2 155	-	Actinomycetota	Prokaryote	NC_041989	0.0	0.0	0.0	1377
NC_028823	1551711	1551711-1	58985	Mycobacterium phage Bipolar	dsDNA	246196	Mycolicibacterium smegmatis MC2 155	-	Actinomycetota	Prokaryote	NC_028823	0.0	0.0	0.0027	1378
NC_051672	1897501	1897501-1	60190	Mycobacterium phage Kersh	dsDNA	246196	Mycolicibacterium smegmatis MC2 155	-	Actinomycetota	Prokaryote	NC_051672	0.0	0.0062	0.0	1379
NC_026585	1536603	1536603-1	60727	Mycobacterium phage Estave1	dsDNA	246196	Mycolicibacterium smegmatis MC2 155	-	Actinomycetota	Prokaryote	NC_026585	0.0133	0.0160	0.0	1380
NC_004680	2907829	2907829-1	59472	Mycobacterium phage Che8	dsDNA	1763	Mycobacterium	-	Actinomycetota	Prokaryote	NC_004680	0.0	0.0	0.0010	1381
NC_055787	2502425	2502425-1	58069	Mycobacterium phage Ochi17	dsDNA	246196	Mycolicibacterium smegmatis MC2 155	-	Actinomycetota	Prokaryote	NC_055787	0.0	0.0	0.0024	1382
NC_028923	1541823	1541823-1	58472	Mycobacterium phage Llama	dsDNA	1763	Mycobacterium	-	Actinomycetota	Prokaryote	NC_028923	0.0	0.0	0.0024	1383
NC_031262	1815608	1815608-1	54751	Mycobacterium phage Brocalys	dsDNA	246196	Mycolicibacterium smegmatis MC2 155	-	Actinomycetota	Prokaryote	NC_031262	0.0324	0.0	0.0047	1384
NC_051650	2725612	2725612-1	58368	Mycobacterium phage DRBy19	dsDNA	1772	Mycolicibacterium smegmatis	-	Actinomycetota	Prokaryote	NC_051650	0.0	0.0	0.0	1385
NC_051714	2517970	2517970-1	58930	Mycobacterium phage SwagPigglett	dsDNA	1772	Mycolicibacterium smegmatis	-	Actinomycetota	Prokaryote	NC_051714	0.0132	0.0	0.0	1386
NC_051636	2182393	2182393-1	59815	Mycobacterium phage BobaPhett	dsDNA	246196	Mycolicibacterium smegmatis MC2 155	-	Actinomycetota	Prokaryote	NC_051636	0.0120	0.0	0.0	1387
NC_051681	2182398	2182398-1	58074	Mycobacterium phage Mattes	dsDNA	246196	Mycolicibacterium smegmatis MC2 155	-	Actinomycetota	Prokaryote	NC_051681	0.0329	0.0	0.0	1388
NC_023580	1445728	1445728-1	57775	Mycobacterium phage Saal	dsDNA	246196	Mycolicibacterium smegmatis MC2 155	-	Actinomycetota	Prokaryote	NC_023580	0.0308	0.0	0.0	1389
NC_051664	2283295	2283295-1	57955	Mycobacterium phage Gorge	dsDNA	1772	Mycolicibacterium smegmatis	-	Actinomycetota	Prokaryote	NC_051664	0.0308	0.0	0.0	1390
NC_051713	1913038	1913038-1	59346	Mycobacterium phage SuperGrey	dsDNA	246196	Mycolicibacterium smegmatis MC2 155	-	Actinomycetota	Prokaryote	NC_051713	0.0317	0.0	0.0071	1391
NC_051648	2656572	2656572-1	59478	Mycobacterium phage Donkeykong	dsDNA	246196	Mycolicibacterium smegmatis MC2 155	-	Actinomycetota	Prokaryote	NC_051648	0.0	0.0036	0.0047	1392
NC_051719	1897769	1897769-1	58608	Mycobacterium phage WillSterrel	dsDNA	246196	Mycolicibacterium smegmatis MC2 155	-	Actinomycetota	Prokaryote	NC_051719	0.0	0.0	0.0038	1393
NC_041986	1147141	1147141-1	61164	Mycobacterium phage Spartacus	dsDNA	246196	Mycolicibacterium smegmatis MC2 155	-	Actinomycetota	Prokaryote	NC_041986	0.0329	0.0	0.0074	1394
NC_041847	2922219	2922219-1	57701	Mycobacterium phage Mutaforma13	dsDNA	246196	Mycolicibacterium smegmatis MC2 155	-	Actinomycetota	Prokaryote	NC_041847	0.0	0.0	0.0	1395
NC_051658	2776877	2776877-1	58166	Mycobacterium phage Firehouse51	dsDNA	1772	Mycolicibacterium smegmatis	-	Actinomycetota	Prokaryote	NC_051658	0.0	0.0	0.0060	1396
NC_023699	2923001	2923001-1	59016	Mycobacterium phage SG4	dsDNA	246196	Mycolicibacterium smegmatis MC2 155	-	Actinomycetota	Prokaryote	NC_023699	0.0	0.0	0.0026	1397
NC_051652	2301563	2301563-1	59482	Mycobacterium phage EleanorGeorge	dsDNA	1772	Mycolicibacterium smegmatis	-	Actinomycetota	Prokaryote	NC_051652	0.0	0.0	0.0067	1398
NC_051717	2027903	2027903-1	54513	Mycobacterium phage Wachhund	dsDNA	246196	Mycolicibacterium smegmatis MC2 155	-	Actinomycetota	Prokaryote	NC_051717	0.0	0.0	0.0	1399
NC_028937	1673889	1673889-1	58338	Mycobacterium phage Ovechkin	dsDNA	246196	Mycolicibacterium smegmatis MC2 155	-	Actinomycetota	Prokaryote	NC_028937	0.0	0.0	0.0085	1400
NC_051661	2301612	2301612-1	57861	Mycobacterium phage Galactic	dsDNA	246196	Mycolicibacterium smegmatis MC2 155	-	Actinomycetota	Prokaryote	NC_051661	0.0346	0.0	0.0	1401
NC_051641	2182394	2182394-1	54685	Mycobacterium phage Byougenkin	dsDNA	246196	Mycolicibacterium smegmatis MC2 155	-	Actinomycetota	Prokaryote	NC_051641	0.0	0.0	0.0048	1402
NC_051687	2767561	2767561-1	57984	Mycobacterium phage Moonbeam	dsDNA	1772	Mycolicibacterium smegmatis	-	Actinomycetota	Prokaryote	NC_051687	0.0114	0.0	0.0	1403
NC_051653	2027893	2027893-1	56418	Mycobacterium phage Emma	dsDNA	246196	Mycolicibacterium smegmatis MC2 155	-	Actinomycetota	Prokaryote	NC_051653	0.0123	0.0	0.0	1404
NC_051684	2653763	2653763-1	58027	Mycobacterium phage MinionDave	dsDNA	246196	Mycolicibacterium smegmatis MC2 155	-	Actinomycetota	Prokaryote	NC_051684	0.0119	0.0	0.0	1405
NC_028842	1556289	1556289-1	57328	Mycobacterium phage CaptainTrips	dsDNA	246196	Mycolicibacterium smegmatis MC2 155	-	Actinomycetota	Prokaryote	NC_028842	0.0130	0.0	0.0	1406
NC_051676	2301700	2301700-1	58701	Mycobacterium phage KristaRAM	dsDNA	246196	Mycolicibacterium smegmatis MC2 155	-	Actinomycetota	Prokaryote	NC_051676	0.0	0.0	0.0049	1407
NC_051683	2315711	2315711-1	58106	Mycobacterium phage MilleniumForce	dsDNA	246196	Mycolicibacterium smegmatis MC2 155	-	Actinomycetota	Prokaryote	NC_051683	0.0	0.0	0.0133	1408
NC_028910	1698715	1698715-1	55617	Mycobacterium phage XFactor	dsDNA	246196	Mycolicibacterium smegmatis MC2 155	-	Actinomycetota	Prokaryote	NC_028910	0.0318	0.0	0.0062	1409
NC_051657	2484209	2484209-1	59306	Mycobacterium phage Filuzino	dsDNA	246196	Mycolicibacterium smegmatis MC2 155	-	Actinomycetota	Prokaryote	NC_051657	0.0045	0.0	0.0015	1410
NC_042317	2922203	2922203-1	58899	Mycobacterium phage DLane	dsDNA	246196	Mycolicibacterium smegmatis MC2 155	-	Actinomycetota	Prokaryote	NC_042317	0.0	0.0	0.0	1411
NC_051682	2163593	2163593-1	54356	Mycobacterium phage Melissauren88	dsDNA	246196	Mycolicibacterium smegmatis MC2 155	-	Actinomycetota	Prokaryote	NC_051682	0.0	0.0128	0.0	1412
NC_051634	2126812	2126812-1	57737	Mycobacterium phage Batiatus	dsDNA	246196	Mycolicibacterium smegmatis MC2 155	-	Actinomycetota	Prokaryote	NC_051634	0.0	0.0	0.0014	1413
NC_011288	2914018	2914018-1	58471	Mycobacterium phage Fruitloop	dsDNA	246196	Mycolicibacterium smegmatis MC2 155	-	Actinomycetota	Prokaryote	NC_011288	0.0	0.0	0.0037	1414
NC_013936	2902838	2902838-1	52141	Mycobacterium phage Ardmore	dsDNA	1772	Mycolicibacterium smegmatis	-	Actinomycetota	Prokaryote	NC_013936	0.0	0.0	0.0	1415
NC_051633	2315613	2315613-1	58569	Mycobacterium phage ArcusAngelus	dsDNA	1763	Mycobacterium	-	Actinomycetota	Prokaryote	NC_051633	0.0	0.0	0.0049	1416
NC_028961	1698712	1698712-1	55094	Mycobacterium phage PopTart	dsDNA	246196	Mycolicibacterium smegmatis MC2 155	-	Actinomycetota	Prokaryote	NC_028961	0.0	0.0	0.0	1417
NC_051647	2163591	2163591-1	57797	Mycobacterium phage DillTech15	dsDNA	246196	Mycolicibacterium smegmatis MC2 155	-	Actinomycetota	Prokaryote	NC_051647	0.0	0.0	0.0	1418
NC_028946	1698357	1698357-1	59652	Mycobacterium phage Dante	dsDNA	246196	Mycolicibacterium smegmatis MC2 155	-	Actinomycetota	Prokaryote	NC_028946	0.0310	0.0038	0.0081	1419
NC_051642	2656569	2656569-1	55189	Mycobacterium phage Chuckly	dsDNA	246196	Mycolicibacterium smegmatis MC2 155	-	Actinomycetota	Prokaryote	NC_051642	0.0	0.0	0.0036	1420
NC_023728	2922999	2922999-1	56461	Mycobacterium phage DeadP	dsDNA	246196	Mycolicibacterium smegmatis MC2 155	-	Actinomycetota	Prokaryote	NC_023728	0.0	0.0	0.0	1421
NC_014901	938131	938131-1	59230	Mycobacterium phage Wee	dsDNA	246196	Mycolicibacterium smegmatis MC2 155	-	Actinomycetota	Prokaryote	NC_014901	0.0	0.0	0.0036	1422
NC_025433	1204515	1204515-1	58550	Mycobacterium phage Taj	dsDNA	246196	Mycolicibacterium smegmatis MC2 155	-	Actinomycetota	Prokaryote	NC_025433	0.0	0.0	0.0036	1423
NC_009820	439809	439809-1	58692	Mycobacterium phage Tweety	dsDNA	1772	Mycolicibacterium smegmatis	-	Actinomycetota	Prokaryote	NC_009820	0.0	0.0	0.0037	1424
NC_022056	1340824	1340824-1	57155	Mycobacterium phage Hamulus	dsDNA	1762	-	-	-	Prokaryote	NC_022056	0.0	0.0	0.0037	1425
NC_042336	2923008	2923008-1	55363	Mycobacterium phage DotProduct	dsDNA	246196	Mycolicibacterium smegmatis MC2 155	-	Actinomycetota	Prokaryote	NC_042336	0.0	0.0	0.0	1426
NC_051638	1932895	1932895-1	57647	Mycobacterium phage Bubbles123	dsDNA	246196	Mycolicibacterium smegmatis MC2 155	-	Actinomycetota	Prokaryote	NC_051638	0.0140	0.0	0.0026	1427
NC_051718	2484216	2484216-1	59093	Mycobacterium phage Whouxphf	dsDNA	246196	Mycolicibacterium smegmatis MC2 155	-	Actinomycetota	Prokaryote	NC_051718	0.0114	0.0	0.0	1428
NC_051635	2656561	2656561-1	58824	Mycobacterium phage Blexus	dsDNA	1772	Mycolicibacterium smegmatis	-	Actinomycetota	Prokaryote	NC_051635	0.0109	0.0	0.0	1429
NC_051668	2767559	2767559-1	55471	Mycobacterium phage Hlubikazi	dsDNA	1772	Mycolicibacterium smegmatis	-	Actinomycetota	Prokaryote	NC_051668	0.0319	0.0	0.0	1430
NC_051706	2250367	2250367-1	59540	Mycobacterium phage Sandalphon	dsDNA	246196	Mycolicibacterium smegmatis MC2 155	-	Actinomycetota	Prokaryote	NC_051706	0.0316	0.0	0.0	1431
NC_051685	2653764	2653764-1	59268	Mycobacterium phage Minnie	dsDNA	246196	Mycolicibacterium smegmatis MC2 155	-	Actinomycetota	Prokaryote	NC_051685	0.0305	0.0	0.0	1432
NC_051705	2768139	2768139-1	57356	Mycobacterium phage Royals2015	dsDNA	246196	Mycolicibacterium smegmatis MC2 155	-	Actinomycetota	Prokaryote	NC_051705	0.0	0.0	0.0027	1433
NC_026595	1527511	1527511-1	54986	Mycobacterium phage Hades	dsDNA	246196	Mycolicibacterium smegmatis MC2 155	-	Actinomycetota	Prokaryote	NC_026595	0.0	0.0	0.0027	1434
NC_051662	2767557	2767557-1	54974	Mycobacterium phage Gandalph	dsDNA	246196	Mycolicibacterium smegmatis MC2 155	-	Actinomycetota	Prokaryote	NC_051662	0.0	0.0	0.0047	1435
NC_051691	2301710	2301710-1	58009	Mycobacterium phage Nivrat	dsDNA	246196	Mycolicibacterium smegmatis MC2 155	-	Actinomycetota	Prokaryote	NC_051691	0.0317	0.0052	0.0	1436
NC_055825	2656590	2656590-1	58136	Mycobacterium phage LilMoolah	dsDNA	1772	Mycolicibacterium smegmatis	-	Actinomycetota	Prokaryote	NC_055825	0.0323	0.0040	0.0	1437
NC_051711	2023953	2023953-1	55735	Mycobacterium phage Spoonbill	dsDNA	246196	Mycolicibacterium smegmatis MC2 155	-	Actinomycetota	Prokaryote	NC_051711	0.0	0.0	0.0	1438
NC_051694	2250364	2250364-1	58297	Mycobacterium phage OlympiaSaint	dsDNA	1763	Mycobacterium	-	Actinomycetota	Prokaryote	NC_051694	0.0319	0.0	0.0	1439
NC_041988	1036616	1036616-1	59794	Mycobacterium phage ShiLan	dsDNA	246196	Mycolicibacterium smegmatis MC2 155	-	Actinomycetota	Prokaryote	NC_041988	0.0	0.0063	0.0	1440
NC_051678	2419980	2419980-1	58423	Mycobacterium phage Lizziana	dsDNA	246196	Mycolicibacterium smegmatis MC2 155	-	Actinomycetota	Prokaryote	NC_051678	0.0341	0.0	0.0	1441
NC_051639	2301702	2301702-1	58098	Mycobacterium phage Burwell21	dsDNA	246196	Mycolicibacterium smegmatis MC2 155	-	Actinomycetota	Prokaryote	NC_051639	0.0131	0.0	0.0	1442
NC_051702	2081627	2081627-1	58230	Mycobacterium phage Priscilla	dsDNA	246196	Mycolicibacterium smegmatis MC2 155	-	Actinomycetota	Prokaryote	NC_051702	0.0121	0.0	0.0	1443
NC_028678	1739967	1739967-1	56669	Mycobacterium phage Cabrinians	dsDNA	246196	Mycolicibacterium smegmatis MC2 155	-	Actinomycetota	Prokaryote	NC_028678	0.0121	0.0	0.0	1444
NC_042319	2922205	2922205-1	55600	Mycobacterium phage Ibhubesi	dsDNA	246196	Mycolicibacterium smegmatis MC2 155	-	Actinomycetota	Prokaryote	NC_042319	0.0	0.0	0.0	1445
NC_051665	2282909	2282909-1	58731	Mycobacterium phage Harley	dsDNA	246196	Mycolicibacterium smegmatis MC2 155	-	Actinomycetota	Prokaryote	NC_051665	0.0	0.0	0.0047	1446
NC_051690	2652404	2652404-1	54857	Mycobacterium phage Nitzel	dsDNA	1772	Mycolicibacterium smegmatis	-	Actinomycetota	Prokaryote	NC_051690	0.0	0.0	0.0038	1447
NC_051699	2500793	2500793-1	58666	Mycobacterium phage Poenanya	dsDNA	246196	Mycolicibacterium smegmatis MC2 155	-	Actinomycetota	Prokaryote	NC_051699	0.0	0.0013	0.0046	1448
NC_026596	1527580	1527580-1	57052	Mycobacterium phage Inventum	dsDNA	246196	Mycolicibacterium smegmatis MC2 155	-	Actinomycetota	Prokaryote	NC_026596	0.0	0.0	0.0034	1449
NC_041855	2927992	2927992-1	58866	Mycobacterium phage Dorothy	dsDNA	246196	Mycolicibacterium smegmatis MC2 155	-	Actinomycetota	Prokaryote	NC_041855	0.0032	0.0063	0.0059	1450
NC_051704	2027900	2027900-1	57789	Mycobacterium phage RitaG	dsDNA	246196	Mycolicibacterium smegmatis MC2 155	-	Actinomycetota	Prokaryote	NC_051704	0.0	0.0	0.0034	1451
NC_051700	2584498	2584498-1	58758	Mycobacterium phage Polka14	dsDNA	246196	Mycolicibacterium smegmatis MC2 155	-	Actinomycetota	Prokaryote	NC_051700	0.0042	0.0	0.0070	1452
NC_051654	1913118	1913118-1	57155	Mycobacterium phage Empress	dsDNA	246196	Mycolicibacterium smegmatis MC2 155	-	Actinomycetota	Prokaryote	NC_051654	0.0022	0.0014	0.0	1453
NC_051693	2079284	2079284-1	57159	Mycobacterium phage OldBen	dsDNA	246196	Mycolicibacterium smegmatis MC2 155	-	Actinomycetota	Prokaryote	NC_051693	0.0023	0.0	0.0034	1454
NC_051669	2301566	2301566-1	58962	Mycobacterium phage JoeyJr	dsDNA	1763	Mycobacterium	-	Actinomycetota	Prokaryote	NC_051669	0.0032	0.0	0.0023	1455
NC_055730	2027894	2027894-1	55765	Mycobacterium phage Geralt	dsDNA	246196	Mycolicibacterium smegmatis MC2 155	-	Actinomycetota	Prokaryote	NC_055730	0.0	0.0	0.0059	1456
NC_022068	1340822	1340822-1	58043	Mycobacterium phage Daenerys	dsDNA	246196	Mycolicibacterium smegmatis MC2 155	-	Actinomycetota	Prokaryote	NC_022068	0.0032	0.0	0.0023	1457
NC_028654	1739966	1739966-1	56275	Mycobacterium phage Sparkdehlily	dsDNA	246196	Mycolicibacterium smegmatis MC2 155	-	Actinomycetota	Prokaryote	NC_028654	0.0	0.0	0.0	1458
NC_051679	2591129	2591129-1	55945	Mycobacterium phage Mahavrat	dsDNA	246196	Mycolicibacterium smegmatis MC2 155	-	Actinomycetota	Prokaryote	NC_051679	0.0	0.0	0.0	1459
NC_051656	2530128	2530128-1	60228	Mycobacterium phage Fancypants	dsDNA	246196	Mycolicibacterium smegmatis MC2 155	-	Actinomycetota	Prokaryote	NC_051656	0.0124	0.0	0.0	1460
NC_008205	2911439	2911439-1	56692	Mycobacterium phage PMC	dsDNA	1762	-	-	-	Prokaryote	NC_008205	0.0	0.0	0.0074	1461
NC_051651	2656575	2656575-1	58150	Mycobacterium phage Eish	dsDNA	246196	Mycolicibacterium smegmatis MC2 155	-	Actinomycetota	Prokaryote	NC_051651	0.0336	0.0	0.0048	1462
NC_028844	1698356	1698356-1	57293	Mycobacterium phage Phatniss	dsDNA	246196	Mycolicibacterium smegmatis MC2 155	-	Actinomycetota	Prokaryote	NC_028844	0.0	0.0	0.0	1463
NC_008196	2681623	2681623-1	56852	Mycobacterium phage Llij	dsDNA	1762	-	-	-	Prokaryote	NC_008196	0.0	0.0052	0.0024	1464
NC_051649	2592659	2592659-1	58397	Mycobacterium phage Doug	dsDNA	1772	Mycolicibacterium smegmatis	-	Actinomycetota	Prokaryote	NC_051649	0.0322	0.0037	0.0	1465
NC_011287	2914019	2914019-1	58554	Mycobacterium phage Pacc40	dsDNA	246196	Mycolicibacterium smegmatis MC2 155	-	Actinomycetota	Prokaryote	NC_011287	0.0301	0.0	0.0	1466
NC_051637	2708630	2708630-1	60222	Mycobacterium phage BodEinwohner17	dsDNA	246196	Mycolicibacterium smegmatis MC2 155	-	Actinomycetota	Prokaryote	NC_051637	0.0337	0.0	0.0083	1467
NC_051675	2283296	2283296-1	53058	Mycobacterium phage Krakatau	dsDNA	246196	Mycolicibacterium smegmatis MC2 155	-	Actinomycetota	Prokaryote	NC_051675	0.0	0.0	0.0	1468
NC_051696	2041544	2041544-1	56125	Mycobacterium phage Phasih	dsDNA	246196	Mycolicibacterium smegmatis MC2 155	-	Actinomycetota	Prokaryote	NC_051696	0.0	0.0051	0.0025	1469
NC_051663	2301565	2301565-1	57754	Mycobacterium phage Girr	dsDNA	246196	Mycolicibacterium smegmatis MC2 155	-	Actinomycetota	Prokaryote	NC_051663	0.0319	0.0	0.0036	1470
NC_051720	2488980	2488980-1	58079	Mycobacterium phage Zerg	dsDNA	246196	Mycolicibacterium smegmatis MC2 155	-	Actinomycetota	Prokaryote	NC_051720	0.0319	0.0	0.0050	1471
NC_051680	2283297	2283297-1	57001	Mycobacterium phage Mantra	dsDNA	246196	Mycolicibacterium smegmatis MC2 155	-	Actinomycetota	Prokaryote	NC_051680	0.0034	0.0	0.0	1472
NC_021301	1327777	1327777-1	56279	Mycobacterium phage SiSi	dsDNA	246196	Mycolicibacterium smegmatis MC2 155	-	Actinomycetota	Prokaryote	NC_021301	0.0334	0.0025	0.0	1473
NC_051716	2719209	2719209-1	56147	Mycobacterium phage Veteran	dsDNA	246196	Mycolicibacterium smegmatis MC2 155	-	Actinomycetota	Prokaryote	NC_051716	0.0307	0.0041	0.0	1474
NC_023746	2922991	2922991-1	57387	Mycobacterium phage GUmbie	dsDNA	246196	Mycolicibacterium smegmatis MC2 155	-	Actinomycetota	Prokaryote	NC_023746	0.0318	0.0	0.0	1475
NC_015463	753084	753084-1	72332	Synechococcus phage S-CBS2	dsDNA	232353	Synechococcus sp. CB0204	-	Cyanobacteriota	Prokaryote	NC_015463	0.0	0.0018	0.0	1476
NC_016766	756275	756275-1	69420	Synechococcus phage S-CBS4	dsDNA	232348	Synechococcus sp. CB0101	-	Cyanobacteriota	Prokaryote	NC_016766	0.0044	0.0028	0.0	1477
NC_020854	889953	889953-1	40658	Cyanophage KBS-S-2A	dsDNA	2626047	-	-	-	Prokaryote	NC_020854	0.0	0.0	0.0	1478
NC_015465	753085	753085-1	33004	Synechococcus phage S-CBS3	dsDNA	305430	Synechococcus sp. CB0202	-	Cyanobacteriota	Prokaryote	NC_015465	0.0104	0.0	0.0	1479
NC_016164	909297	909297-1	30332	Synechococcus phage S-CBS1	dsDNA	232352	Synechococcus sp. CB0201	-	Cyanobacteriota	Prokaryote	NC_016164	0.0	0.0	0.0	1480
NC_047910	2070182	2070182-1	49573	Faecalibacterium phage FP_Epona	dsDNA	853	Faecalibacterium prausnitzii	-	Bacillota	Prokaryote	NC_047910	0.0	0.0	0.0	1481
NC_024369	1500713	1500713-1	41569	Vibrio phage X29	dsDNA	666	Vibrio cholerae	-	Pseudomonadota	Prokaryote	NC_024369	0.0015	0.0	0.0041	1482
NC_047914	2070186	2070186-1	54286	Faecalibacterium phage FP_Taranis	dsDNA	853	Faecalibacterium prausnitzii	-	Bacillota	Prokaryote	NC_047914	0.0	0.0	0.0028	1483
NC_047911	2070183	2070183-1	48211	Faecalibacterium phage FP_Lagaffe	dsDNA	853	Faecalibacterium prausnitzii	-	Bacillota	Prokaryote	NC_047911	0.0	0.0	0.0036	1484
NC_009016	2913982	2913982-1	38197	Vibrio phage VP882	dsDNA	670	Vibrio parahaemolyticus	-	Pseudomonadota	Prokaryote	NC_009016	0.0	0.0	0.0037	1485
NC_010342	2914010	2914010-1	39245	Halomonas phage phiHAP-1	dsDNA	77097	Halomonas aquamarina	-	Pseudomonadota	Prokaryote	NC_010342	0.0	0.0	0.0	1486
NC_019722	1229754	1229754-1	41351	Vibrio phage vB_VpaM_MAR	dsDNA	670	Vibrio parahaemolyticus	-	Pseudomonadota	Prokaryote	NC_019722	0.0022	0.0	0.0	1487
NC_027981	631719	631719-1	42612	Vibrio phage VP585	dsDNA	670	Vibrio parahaemolyticus	-	Pseudomonadota	Prokaryote	NC_027981	0.0022	0.0	0.0	1488
NC_004456	207597	207597-1	43198	Vibrio phage VHML	dsDNA	669	Vibrio harveyi	-	Pseudomonadota	Prokaryote	NC_004456	0.0	0.0	0.0	1489
JX507079	1229761	1229761-1	59363	Acidithiobacillus phage AcaML1	dsDNA	637389	Acidithiobacillus caldus ATCC 51756	-	Pseudomonadota	Prokaryote	JX507079	0.0167	0.0113	0.0063	1490
NC_055837	2723899	2723899-1	44153	Xanthomonas phage FoX3	dsDNA	340	Xanthomonas campestris pv. campestris	-	Pseudomonadota	Prokaryote	NC_055837	0.0	0.0	0.0	1491
NC_055835	2723897	2723897-1	44763	Xanthomonas phage FoX1	dsDNA	340	Xanthomonas campestris pv. campestris	-	Pseudomonadota	Prokaryote	NC_055835	0.0	0.0	0.0	1492
NC_055838	2723901	2723901-1	43872	Xanthomonas phage FoX5	dsDNA	340	Xanthomonas campestris pv. campestris	-	Pseudomonadota	Prokaryote	NC_055838	0.0	0.0	0.0	1493
NC_055836	2723898	2723898-1	44086	Xanthomonas phage FoX2	dsDNA	340	Xanthomonas campestris pv. campestris	-	Pseudomonadota	Prokaryote	NC_055836	0.0024	0.0	0.0	1494
NC_054146	2201420	2201420-1	44526	Ralstonia phage phiRSP	dsDNA	305	Ralstonia solanacearum	-	Pseudomonadota	Prokaryote	NC_054146	0.0033	0.0038	0.0	1495
NC_054148	2767579	2767579-1	43707	Burkholderia phage Mica	dsDNA	95486	Burkholderia cenocepacia	-	Pseudomonadota	Prokaryote	NC_054148	0.0	0.0069	0.0	1496
NC_054147	2767570	2767570-1	42452	Achromobacter phage Mano	dsDNA	85698	Achromobacter xylosoxidans	-	Pseudomonadota	Prokaryote	NC_054147	0.0167	0.0051	0.0083	1497
NC_023006	1279082	1279082-1	43564	Pseudomonas phage PPpW-3	dsDNA	70775	Pseudomonas plecoglossicida	-	Pseudomonadota	Prokaryote	NC_023006	0.0	0.0	0.0018	1498
NC_054149	2749430	2749430-1	44033	Pseudomonas phage Persinger	dsDNA	287	Pseudomonas aeruginosa	-	Pseudomonadota	Prokaryote	NC_054149	0.0	0.0062	0.0077	1499
NC_031048	1864622	1864622-1	41918	Enterobacter phage Arya	dsDNA	1676277	Enterobacter sp. CT7	-	Pseudomonadota	Prokaryote	NC_031048	0.0	0.0	0.0	1500
NC_027995	669875	669875-1	41666	Escherichia phage vB_EcoM_ECO1230-10	dsDNA	562	Escherichia coli	-	Pseudomonadota	Prokaryote	NC_027995	0.0	0.0	0.0	1501
NC_041926	1970797	1970797-1	41289	Escherichia phage vB_EcoM_ECOO78	dsDNA	2072463	Escherichia coli O78	-	Pseudomonadota	Prokaryote	NC_041926	0.0	0.0	0.0	1502
NC_025430	1541883	1541883-1	42351	Escherichia phage vB_EcoM-ep3	dsDNA	562	Escherichia coli	-	Pseudomonadota	Prokaryote	NC_025430	0.0	0.0	0.0	1503
NC_030940	1754217	1754217-1	32637	Pseudomonas phage phi3	dsDNA	287	Pseudomonas aeruginosa	Peduoviridae	Pseudomonadota	Prokaryote	NC_030940	0.0072	0.0086	0.0111	1504
NC_047790	1916107	1916107-1	35209	Pseudoalteromonas phage C5a	dsDNA	53249	Pseudoalteromonas sp.	Peduoviridae	Pseudomonadota	Prokaryote	NC_047790	0.0	0.0	0.0182	1505
NC_055862	2759177	2759177-1	36616	Vibrio phage ValB1MD-2	dsDNA	663	Vibrio alginolyticus	Peduoviridae	Pseudomonadota	Prokaryote	NC_055862	0.0	0.0	0.0	1506
NC_003313	2905721	2905721-1	33106	Bacteriophage K139	dsDNA	45888	Vibrio cholerae O139	Peduoviridae	Pseudomonadota	Prokaryote	NC_003313	0.0	0.0	0.0	1507
NC_022747	1341101	1341101-1	34145	Vibrio phage VPUSM 8	dsDNA	666	Vibrio cholerae	Peduoviridae	Pseudomonadota	Prokaryote	NC_022747	0.0	0.0	0.0	1508
NC_010275	493906	493906-1	33507	Vibrio phage Kappa	dsDNA	662	Vibrio	Peduoviridae	Pseudomonadota	Prokaryote	NC_010275	0.0	0.0	0.0	1509
NC_047775	1897436	1897436-1	32826	Salinivibrio phage SMHB1	dsDNA	1886796	Salinivibrio sp.	Peduoviridae	Pseudomonadota	Prokaryote	NC_047775	0.0	0.0	0.0056	1510
NC_048066	1881262	1881262-1	32014	Vibrio phage 1.202.O._10N.222.45.E8	dsDNA	47951	Vibrio cyclitrophicus	Peduoviridae	Pseudomonadota	Prokaryote	NC_048066	0.0	0.0	0.0	1511
NC_049477	2660715	2660715-1	33851	Vibrio phage Valm-yong1	dsDNA	663	Vibrio alginolyticus	Peduoviridae	Pseudomonadota	Prokaryote	NC_049477	0.0	0.0	0.0	1512
NC_027368	1451050	1451050-1	33828	Vibrio phage PV94	dsDNA	672	Vibrio vulnificus	Peduoviridae	Pseudomonadota	Prokaryote	NC_027368	0.0	0.0	0.0	1513
NC_008193	2911430	2911430-1	30505	Pasteurella phage F108	dsDNA	747	Pasteurella multocida	Peduoviridae	Pseudomonadota	Prokaryote	NC_008193	0.0	0.0	0.0	1514
NC_003315	2932882	2932882-1	31508	Haemophilus phage HP2	dsDNA	727	Haemophilus influenzae	Peduoviridae	Pseudomonadota	Prokaryote	NC_003315	0.0	0.0	0.0	1515
NC_001697	2992577	2992577-1	32355	Haemophilus phage HP1	dsDNA	727	Haemophilus influenzae	Peduoviridae	Pseudomonadota	Prokaryote	NC_001697	0.0	0.0	0.0	1516
NC_009542	2913974	2913974-1	33985	Aeromonas phage phiO18P	dsDNA	651	Aeromonas media	Peduoviridae	Pseudomonadota	Prokaryote	NC_009542	0.0059	0.0041	0.0057	1517
NC_049460	2592212	2592212-1	30164	Salmonella phage SI7	dsDNA	599	Salmonella sp.	Peduoviridae	Pseudomonadota	Prokaryote	NC_049460	0.0	0.0	0.0	1518
NC_070917	2914024	2914024-1	29180	Yersinia phage vB_YenM_324	dsDNA	630	Yersinia enterocolitica	Peduoviridae	Pseudomonadota	Prokaryote	NC_070917	0.0	0.0	0.0	1519
NC_049392	2695847	2695847-1	29203	Escherichia phage ESSI2_ev239	dsDNA	561	Escherichia	Peduoviridae	Pseudomonadota	Prokaryote	NC_049392	0.0	0.0	0.0	1520
NC_047854	947842	947842-1	28765	Cronobacter phage ESSI-2	dsDNA	28141	Cronobacter sakazakii	Peduoviridae	Pseudomonadota	Prokaryote	NC_047854	0.0	0.0	0.0	1521
NC_049394	2695848	2695848-1	30927	Escherichia phage ESSI2_ev129	dsDNA	561	Escherichia	Peduoviridae	Pseudomonadota	Prokaryote	NC_049394	0.0	0.0	0.0	1522
NC_049393	2695849	2695849-1	30597	Escherichia phage ESSI2_ev040	dsDNA	561	Escherichia	Peduoviridae	Pseudomonadota	Prokaryote	NC_049393	0.0	0.0	0.0	1523
NC_049395	2695850	2695850-1	30584	Escherichia phage ESSI2_ev015	dsDNA	561	Escherichia	Peduoviridae	Pseudomonadota	Prokaryote	NC_049395	0.0	0.0	0.0	1524
NC_028898	1572744	1572744-1	35764	Mannheimia phage vB_MhM_587AP1	dsDNA	75985	Mannheimia haemolytica	Peduoviridae	Pseudomonadota	Prokaryote	NC_028898	0.0	0.0	0.0	1525
NC_047750	1572746	1572746-1	36745	Mannheimia phage vB_MhM_1127AP1	dsDNA	75985	Mannheimia haemolytica	Peduoviridae	Pseudomonadota	Prokaryote	NC_047750	0.0	0.0	0.0	1526
DQ426905	376821	376821-1	34600	Mannheimia phage phiMhaA1-BAA410	dsDNA	75985	Mannheimia haemolytica	Peduoviridae	Pseudomonadota	Prokaryote	DQ426905	0.0	0.0	0.0	1527
JN255163	1182515	1182515-1	34719	Mannheimia phage vB_MhM_1152AP	dsDNA	75985	Mannheimia haemolytica	Peduoviridae	Pseudomonadota	Prokaryote	JN255163	0.0	0.0	0.0	1528
NC_008201	2681596	2681596-1	34525	Mannheimia phage PHL101	dsDNA	75985	Mannheimia haemolytica	Peduoviridae	Pseudomonadota	Prokaryote	NC_008201	0.0	0.0	0.0	1529
NC_023588	1168563	1168563-1	33525	Stenotrophomonas phage Smp131	dsDNA	40324	Stenotrophomonas maltophilia	Peduoviridae	Pseudomonadota	Prokaryote	NC_023588	0.0100	0.0025	0.0036	1530
NC_048109	2483611	2483611-1	37152	Pseudomonas phage Dobby	dsDNA	287	Pseudomonas aeruginosa	Peduoviridae	Pseudomonadota	Prokaryote	NC_048109	0.0491	0.0060	0.0097	1531
NC_055793	2563525	2563525-1	35343	Pseudomonas phage vB_Pae_BR319a	dsDNA	287	Pseudomonas aeruginosa	Peduoviridae	Pseudomonadota	Prokaryote	NC_055793	0.0411	0.0038	0.0158	1532
NC_003278	2993857	2993857-1	35580	Pseudomonas phage phiCTX	dsDNA	287	Pseudomonas aeruginosa	Peduoviridae	Pseudomonadota	Prokaryote	NC_003278	0.0417	0.0075	0.0159	1533
Y13918	35343	35343-1	35559	Citexvirus phiCTX	dsDNA	287	Pseudomonas aeruginosa	Peduoviridae	Pseudomonadota	Prokaryote	Y13918	0.0417	0.0075	0.0159	1534
NC_021343	1282994	1282994-1	35430	Burkholderia phage ST79	dsDNA	28450	Burkholderia pseudomallei	Peduoviridae	Pseudomonadota	Prokaryote	NC_021343	0.0	0.0	0.0	1535
NC_025115	1530085	1530085-1	40002	Ralstonia phage RSY1	dsDNA	305	Ralstonia solanacearum	Peduoviridae	Pseudomonadota	Prokaryote	NC_025115	0.0096	0.0147	0.0073	1536
NC_049432	2991867	2991867-1	39309	Ralstonia phage RsoM1USA	dsDNA	305	Ralstonia solanacearum	Peduoviridae	Pseudomonadota	Prokaryote	NC_049432	0.0136	0.0125	0.0036	1537
NC_009382	2993856	2993856-1	38760	Ralstonia phage RSA1	dsDNA	305	Ralstonia solanacearum	Peduoviridae	Pseudomonadota	Prokaryote	NC_009382	0.0147	0.0062	0.0231	1538
NC_015265	910473	910473-1	37236	Burkholderia phage KS5	dsDNA	95486	Burkholderia cenocepacia	Peduoviridae	Pseudomonadota	Prokaryote	NC_015265	0.0032	0.0121	0.0075	1539
NC_055863	2767578	2767578-1	38038	Burkholderia phage Mana	dsDNA	28095	Burkholderia gladioli	Peduoviridae	Pseudomonadota	Prokaryote	NC_055863	0.0063	0.0134	0.0036	1540
NC_047752	1636201	1636201-1	36499	Burkholderia phage AP3	dsDNA	95486	Burkholderia cenocepacia	Peduoviridae	Pseudomonadota	Prokaryote	NC_047752	0.0123	0.0094	0.0035	1541
NC_055722	2716322	2716322-1	32090	Burkholderia phage FLC5	dsDNA	32008	Burkholderia	Peduoviridae	Pseudomonadota	Prokaryote	NC_055722	0.0	0.0	0.0	1542
NC_015273	910475	910475-1	32317	Burkholderia phage KS14	dsDNA	87882	-	Peduoviridae	-	Prokaryote	NC_015273	0.0	0.0039	0.0	1543
NC_070910	2906468	2906468-1	32867	Burkholderia phage FLC10	dsDNA	337	Burkholderia glumae	Peduoviridae	Pseudomonadota	Prokaryote	NC_070910	0.0	0.0013	0.0046	1544
NC_015266	910474	910474-1	40555	Burkholderia phage KL3	dsDNA	152480	Burkholderia ambifaria	Peduoviridae	Pseudomonadota	Prokaryote	NC_015266	0.0162	0.0069	0.0027	1545
NC_009236	2881401	2881401-1	36690	Burkholderia phage phiE12-2	dsDNA	28450	Burkholderia pseudomallei	Peduoviridae	Pseudomonadota	Prokaryote	NC_009236	0.0093	0.0098	0.0015	1546
NC_055911	2781364	2781364-1	37727	Burkholderia phage phiE094	dsDNA	111527	-	Peduoviridae	-	Prokaryote	NC_055911	0.0186	0.0202	0.0073	1547
NC_070912	2914172	2914172-1	36280	Burkholderia phage PhiBP82.2	dsDNA	28450	Burkholderia pseudomallei	Peduoviridae	Pseudomonadota	Prokaryote	NC_070912	0.0148	0.0205	0.0051	1548
NC_009234	2883941	2883941-1	35741	Burkholderia phage phiE202	dsDNA	57975	Burkholderia thailandensis	Peduoviridae	Pseudomonadota	Prokaryote	NC_009234	0.0187	0.0190	0.0073	1549
NC_007145	2681592	2681592-1	37639	Burkholderia phage phiE52237	dsDNA	28450	Burkholderia pseudomallei	Peduoviridae	Pseudomonadota	Prokaryote	NC_007145	0.0153	0.0211	0.0099	1550
JX681814	1235712	1235712-1	37637	Burkholderia phage phiX216	dsDNA	28450	Burkholderia pseudomallei	Peduoviridae	Pseudomonadota	Prokaryote	JX681814	0.0207	0.0204	0.0104	1551
CP008753	1514988	1514988-1	37631	Burkholderia phage BEK	dsDNA	441158	Burkholderia pseudomallei 9	Peduoviridae	Pseudomonadota	Prokaryote	CP008753	0.0164	0.0235	0.0084	1552
NC_070920	2866684	2866684-1	40166	Shewanella phage vB_SspM_M16-3	dsDNA	2830837	Shewanella sp. M16	Peduoviridae	Pseudomonadota	Prokaryote	NC_070920	0.0	0.0	0.0040	1553
NC_070919	2894367	2894367-1	37312	Aeromonas phage vB_AsaM_LPM4	dsDNA	382245	Aeromonas salmonicida subsp. salmonicida A449	Peduoviridae	Pseudomonadota	Prokaryote	NC_070919	0.0	0.0	0.0199	1554
NC_049343	2716352	2716352-1	33041	Escherichia phage 500465-2	dsDNA	562	Escherichia coli	Peduoviridae	Pseudomonadota	Prokaryote	NC_049343	0.0	0.0	0.0	1555
NC_049391	2844224	2844224-1	37100	Xuanwuvirus P884B11	dsDNA	562	Escherichia coli	Peduoviridae	Pseudomonadota	Prokaryote	NC_049391	0.0	0.0	0.0	1556
NC_026014	1567486	1567486-1	35814	Escherichia phage P88	dsDNA	562	Escherichia coli	Peduoviridae	Pseudomonadota	Prokaryote	NC_026014	0.0	0.0	0.0	1557
NC_049344	2716354	2716354-1	37583	Escherichia phage 520873	dsDNA	562	Escherichia coli	Peduoviridae	Pseudomonadota	Prokaryote	NC_049344	0.0	0.0021	0.0	1558
NC_049341	2716350	2716350-1	31194	Escherichia phage 503458	dsDNA	562	Escherichia coli	Peduoviridae	Pseudomonadota	Prokaryote	NC_049341	0.0	0.0	0.0	1559
NC_028701	1647466	1647466-1	33509	Salmonella phage SEN5	dsDNA	59202	Salmonella enterica subsp. salamae	Peduoviridae	Pseudomonadota	Prokaryote	NC_028701	0.0	0.0	0.0	1560
NC_029015	1647465	1647465-1	33509	Salmonella phage SEN4	dsDNA	59202	Salmonella enterica subsp. salamae	Peduoviridae	Pseudomonadota	Prokaryote	NC_029015	0.0	0.0	0.0	1561
NC_049450	2510483	2510483-1	38322	Klebsiella phage ST16-OXA48phi5.4	dsDNA	573	Klebsiella pneumoniae	Peduoviridae	Pseudomonadota	Prokaryote	NC_049450	0.0	0.0	0.0	1562
NC_047817	1960657	1960657-1	35100	Klebsiella phage 3LV2017	dsDNA	573	Klebsiella pneumoniae	Peduoviridae	Pseudomonadota	Prokaryote	NC_047817	0.0	0.0	0.0	1563
NC_049429	2340712	2340712-1	31978	Enterobacter phage phiT5282H	dsDNA	550	Enterobacter cloacae	Peduoviridae	Pseudomonadota	Prokaryote	NC_049429	0.0	0.0	0.0	1564
NC_070913	2918926	2918926-1	36481	Yersinia phage vB_YenM_42.18	dsDNA	630	Yersinia enterocolitica	Peduoviridae	Pseudomonadota	Prokaryote	NC_070913	0.0	0.0	0.0	1565
NC_049453	2510464	2510464-1	39086	Klebsiella phage ST13-OXA48phi12.1	dsDNA	573	Klebsiella pneumoniae	Peduoviridae	Pseudomonadota	Prokaryote	NC_049453	0.0	0.0	0.0	1566
NC_049452	2510470	2510470-1	32302	Klebsiella phage ST512-KPC3phi13.2	dsDNA	573	Klebsiella pneumoniae	Peduoviridae	Pseudomonadota	Prokaryote	NC_049452	0.0	0.0	0.0	1567
NC_049448	2510486	2510486-1	39642	Klebsiella phage ST437-OXA245phi4.1	dsDNA	573	Klebsiella pneumoniae	Peduoviridae	Pseudomonadota	Prokaryote	NC_049448	0.0	0.0	0.0	1568
NC_049454	2510455	2510455-1	33839	Klebsiella phage ST15-OXA48phi14.1	dsDNA	573	Klebsiella pneumoniae	Peduoviridae	Pseudomonadota	Prokaryote	NC_049454	0.0	0.0	0.0	1569
NC_049342	2716351	2716351-1	39179	Escherichia phage 500465-1	dsDNA	562	Escherichia coli	Peduoviridae	Pseudomonadota	Prokaryote	NC_049342	0.0	0.0	0.0	1570
NC_047818	1960658	1960658-1	33540	Klebsiella phage 4LV2017	dsDNA	573	Klebsiella pneumoniae	Peduoviridae	Pseudomonadota	Prokaryote	NC_047818	0.0	0.0	0.0	1571
NC_070909	2904709	2904709-1	33368	Escherichia phage Cartapus	dsDNA	591946	Escherichia coli LF82	Peduoviridae	Pseudomonadota	Prokaryote	NC_070909	0.0	0.0	0.0	1572
NC_019488	929814	929814-1	34117	Salmonella phage RE2010	dsDNA	272989	Salmonella enterica subsp. enterica serovar Enteritidis str. LK5	Peduoviridae	Pseudomonadota	Prokaryote	NC_019488	0.0	0.0	0.0	1573
NC_047753	1647468	1647468-1	35203	Salmonella phage SEN8	dsDNA	59202	Salmonella enterica subsp. salamae	Peduoviridae	Pseudomonadota	Prokaryote	NC_047753	0.0	0.0	0.0	1574
NC_010463	194701	194701-1	33693	Felsduovirus Fels2	dsDNA	99287	Salmonella enterica subsp. enterica serovar Typhimurium str. LT2	Peduoviridae	Pseudomonadota	Prokaryote	NC_010463	0.0	0.0	0.0	1575
NC_019932	947843	947843-1	29564	Erwinia phage ENT90	dsDNA	552	Erwinia amylovora	Peduoviridae	Pseudomonadota	Prokaryote	NC_019932	0.0	0.0	0.0	1576
NC_070918	2914028	2914028-1	32949	Yersinia phage vB_YenM_31.17	dsDNA	630	Yersinia enterocolitica	Peduoviridae	Pseudomonadota	Prokaryote	NC_070918	0.0	0.0	0.0	1577
NC_070916	2918920	2918920-1	29546	Yersinia phage vB_YenM_06.16-2	dsDNA	630	Yersinia enterocolitica	Peduoviridae	Pseudomonadota	Prokaryote	NC_070916	0.0	0.0	0.0	1578
NC_070915	2918927	2918927-1	33247	Yersinia phage vB_YenM_56.17	dsDNA	630	Yersinia enterocolitica	Peduoviridae	Pseudomonadota	Prokaryote	NC_070915	0.0	0.0	0.0	1579
NC_070914	2918921	2918921-1	30280	Yersinia phage vB_YenM_201.16	dsDNA	630	Yersinia enterocolitica	Peduoviridae	Pseudomonadota	Prokaryote	NC_070914	0.0	0.0	0.0	1580
NC_049451	2510480	2510480-1	34141	Klebsiella phage ST147-VIM1phi7.1	dsDNA	573	Klebsiella pneumoniae	Peduoviridae	Pseudomonadota	Prokaryote	NC_049451	0.0	0.0	0.0	1581
NC_005340	2907836	2907836-1	30636	Salmonella phage PSP3	dsDNA	590	Salmonella	Peduoviridae	Pseudomonadota	Prokaryote	NC_005340	0.0	0.0	0.0	1582
NC_049459	2592223	2592223-1	31123	Salmonella phage SW9	dsDNA	599	Salmonella sp.	Peduoviridae	Pseudomonadota	Prokaryote	NC_049459	0.0	0.0	0.0	1583
NC_029003	1647455	1647455-1	29733	Salmonella phage SEN1	dsDNA	59202	Salmonella enterica subsp. salamae	Peduoviridae	Pseudomonadota	Prokaryote	NC_029003	0.0	0.0	0.0	1584
NC_047833	2014586	2014586-1	30413	Erwinia phage EtG	dsDNA	65700	Erwinia tracheiphila	Peduoviridae	Pseudomonadota	Prokaryote	NC_047833	0.0	0.0	0.0	1585
NC_070911	2861008	2861008-1	29512	Salmonella phage BIS20	dsDNA	28901	Salmonella enterica	Peduoviridae	Pseudomonadota	Prokaryote	NC_070911	0.0	0.0	0.0	1586
NC_001317	2681630	2681630-1	30624	Escherichia phage 186	dsDNA	562	Escherichia coli	Peduoviridae	Pseudomonadota	Prokaryote	NC_001317	0.0	0.0	0.0	1587
NC_021774	1173769	1173769-1	29742	Salmonella phage FSLSP004	dsDNA	108619	Salmonella enterica subsp. enterica serovar Newport	Peduoviridae	Pseudomonadota	Prokaryote	NC_021774	0.0	0.0	0.0	1588
NC_028896	1649239	1649239-1	32675	Escherichia phage pro147	dsDNA	562	Escherichia coli	Peduoviridae	Pseudomonadota	Prokaryote	NC_028896	0.0	0.0	0.0	1589
NC_055845	2736200	2736200-1	32336	Yersinia phage vB_YpM_46	dsDNA	632	Yersinia pestis	Peduoviridae	Pseudomonadota	Prokaryote	NC_055845	0.0	0.0	0.0	1590
NC_049390	2844219	2844219-1	32848	Peduovirus P24A7b	dsDNA	562	Escherichia coli	Peduoviridae	Pseudomonadota	Prokaryote	NC_049390	0.0	0.0	0.0	1591
NC_049385	2844218	2844218-1	31342	Peduovirus P22H4	dsDNA	562	Escherichia coli	Peduoviridae	Pseudomonadota	Prokaryote	NC_049385	0.0	0.0	0.0	1592
NC_001895	2905681	2905681-1	33593	Bacteriophage P2	dsDNA	562	Escherichia coli	Peduoviridae	Pseudomonadota	Prokaryote	NC_001895	0.0	0.0	0.0	1593
NC_049386	2844217	2844217-1	32662	Peduovirus P22H1	dsDNA	562	Escherichia coli	Peduoviridae	Pseudomonadota	Prokaryote	NC_049386	0.0	0.0	0.0	1594
NC_049388	2844221	2844221-1	32150	Peduovirus P24C9	dsDNA	562	Escherichia coli	Peduoviridae	Pseudomonadota	Prokaryote	NC_049388	0.0	0.0	0.0	1595
NC_049389	2844222	2844222-1	31128	Peduovirus P24E6b	dsDNA	562	Escherichia coli	Peduoviridae	Pseudomonadota	Prokaryote	NC_049389	0.0	0.0	0.0	1596
NC_070902	2915325	2915325-1	31564	Escherichia phage 11W	dsDNA	562	Escherichia coli	Peduoviridae	Pseudomonadota	Prokaryote	NC_070902	0.0	0.0	0.0	1597
NC_022750	1357825	1357825-1	33628	Enterobacteria phage fiAA91-ss	dsDNA	543	Enterobacteriaceae	Peduoviridae	Pseudomonadota	Prokaryote	NC_022750	0.0	0.0	0.0	1598
NC_028943	1649240	1649240-1	29237	Escherichia phage pro483	dsDNA	562	Escherichia coli	Peduoviridae	Pseudomonadota	Prokaryote	NC_028943	0.0	0.0	0.0	1599
NC_041848	2681594	2681594-1	31200	Escherichia phage P2	dsDNA	562	Escherichia coli	Peduoviridae	Pseudomonadota	Prokaryote	NC_041848	0.0	0.0	0.0	1600
NC_070907	2724352	2724352-1	33007	Yersinia phage P37	dsDNA	632	Yersinia pestis	Peduoviridae	Pseudomonadota	Prokaryote	NC_070907	0.0	0.0	0.0	1601
NC_070903	2881011	2881011-1	33349	Escherichia phage P2_AC1	dsDNA	561	Escherichia	Peduoviridae	Pseudomonadota	Prokaryote	NC_070903	0.0	0.0	0.0	1602
NC_070908	2852116	2852116-1	31962	Yersinia phage HQ103	dsDNA	665028	Yersinia pestis EV76-CN	Peduoviridae	Pseudomonadota	Prokaryote	NC_070908	0.0	0.0	0.0	1603
NC_005056	2681595	2681595-1	32684	Escherichia phage Wphi	dsDNA	566546	Escherichia coli W	Peduoviridae	Pseudomonadota	Prokaryote	NC_005056	0.0	0.0	0.0	1604
NC_073747	2939039	2939039-1	28946	Salmonella phage STYP1	dsDNA	90370	Salmonella enterica subsp. enterica serovar Typhi	Peduoviridae	Pseudomonadota	Prokaryote	NC_073747	0.0	0.0	0.0	1605
NC_049461	2592161	2592161-1	31834	Bacteriophage R18C	dsDNA	543	Enterobacteriaceae	Peduoviridae	Pseudomonadota	Prokaryote	NC_049461	0.0	0.0	0.0	1606
NC_004745	2992578	2992578-1	30728	Yersinia phage L-413C	dsDNA	632	Yersinia pestis	Peduoviridae	Pseudomonadota	Prokaryote	NC_004745	0.0	0.0	0.0	1607
NC_049457	2576484	2576484-1	33807	Escherichia phage vB_EcoM-12474III	dsDNA	562	Escherichia coli	Peduoviridae	Pseudomonadota	Prokaryote	NC_049457	0.0	0.0	0.0	1608
NC_049387	2844220	2844220-1	32118	Peduovirus P24B2	dsDNA	562	Escherichia coli	Peduoviridae	Pseudomonadota	Prokaryote	NC_049387	0.0	0.0	0.0	1609
NC_055846	2736202	2736202-1	31096	Yersinia phage vB_YpM_50	dsDNA	632	Yersinia pestis	Peduoviridae	Pseudomonadota	Prokaryote	NC_055846	0.0	0.0	0.0	1610
NC_055844	2736197	2736197-1	31809	Yersinia phage vB_YpM_22	dsDNA	632	Yersinia pestis	Peduoviridae	Pseudomonadota	Prokaryote	NC_055844	0.0	0.0	0.0	1611
NC_048022	2283015	2283015-1	30930	Eggerthella phage PMBT5	dsDNA	84112	Eggerthella lenta	-	Actinomycetota	Prokaryote	NC_048022	0.0	0.0	0.0	1612
NC_031017	1871687	1871687-1	32409	Lactococcus phage 63301	dsDNA	1358	Lactococcus lactis	-	Bacillota	Prokaryote	NC_031017	0.0	0.0	0.0	1613
NC_073471	2483661	2483661-1	35189	Rothia phage Spartoi	dsDNA	2047	Rothia dentocariosa	-	Actinomycetota	Prokaryote	NC_073471	0.0	0.0	0.0	1614
NC_027371	1498188	1498188-1	29741	Propionibacterium phage Pacnes 2012-15	dsDNA	1747	Cutibacterium acnes	-	Actinomycetota	Prokaryote	NC_027371	0.0	0.0	0.0	1615
NC_027625	1655014	1655014-1	29461	Propionibacterium phage Kubed	dsDNA	1747	Cutibacterium acnes	-	Actinomycetota	Prokaryote	NC_027625	0.0	0.0	0.0	1616
NC_018847	1229793	1229793-1	29516	Propionibacterium phage ATCC29399B_T	dsDNA	1747	Cutibacterium acnes	-	Actinomycetota	Prokaryote	NC_018847	0.0	0.0	0.0	1617
NC_018851	1229794	1229794-1	29516	Propionibacterium phage ATCC29399B_C	dsDNA	1747	Cutibacterium acnes	-	Actinomycetota	Prokaryote	NC_018851	0.0	0.0	0.0	1618
JX570703	1235651	1235651-1	29503	Propionibacterium phage PHL073M02	dsDNA	1747	Cutibacterium acnes	-	Actinomycetota	Prokaryote	JX570703	0.0	0.0	0.0	1619
NC_022336	1235645	1235645-1	29511	Propionibacterium phage PHL010M04	dsDNA	1747	Cutibacterium acnes	-	Actinomycetota	Prokaryote	NC_022336	0.0	0.0	0.0	1620
JX570711	1235648	1235648-1	29512	Propionibacterium phage PHL066M04	dsDNA	1747	Cutibacterium acnes	-	Actinomycetota	Prokaryote	JX570711	0.0	0.0	0.0	1621
NC_041957	1500824	1500824-1	29511	Propionibacterium phage PHL151N00	dsDNA	1747	Cutibacterium acnes	-	Actinomycetota	Prokaryote	NC_041957	0.0	0.0	0.0	1622
NC_027347	1500823	1500823-1	29511	Propionibacterium phage PHL151M00	dsDNA	1747	Cutibacterium acnes	-	Actinomycetota	Prokaryote	NC_027347	0.0	0.0	0.0	1623
NC_027386	1500825	1500825-1	29247	Propionibacterium phage PHL152M00	dsDNA	1747	Cutibacterium acnes	-	Actinomycetota	Prokaryote	NC_027386	0.0	0.0	0.0	1624
NC_027354	1500831	1500831-1	29323	Propionibacterium phage PHL301M00	dsDNA	1747	Cutibacterium acnes	-	Actinomycetota	Prokaryote	NC_027354	0.0	0.0	0.0	1625
NC_041956	1500819	1500819-1	29422	Propionibacterium phage PHL117M01	dsDNA	1747	Cutibacterium acnes	-	Actinomycetota	Prokaryote	NC_041956	0.0	0.0	0.0	1626
KJ578764	1500804	1500804-1	29407	Propionibacterium phage PHL064M02	dsDNA	1747	Cutibacterium acnes	-	Actinomycetota	Prokaryote	KJ578764	0.0	0.0	0.0	1627
KJ578763	1500803	1500803-1	29424	Propionibacterium phage PHL064M01	dsDNA	1747	Cutibacterium acnes	-	Actinomycetota	Prokaryote	KJ578763	0.0	0.0	0.0	1628
NC_027373	1500800	1500800-1	29423	Propionibacterium phage PHL030N00	dsDNA	1747	Cutibacterium acnes	-	Actinomycetota	Prokaryote	NC_027373	0.0	0.0	0.0	1629
NC_031005	1654782	1654782-1	29338	Propionibacterium phage QueenBey	dsDNA	1747	Cutibacterium acnes	-	Actinomycetota	Prokaryote	NC_031005	0.0	0.0	0.0	1630
NC_027295	1500830	1500830-1	29806	Propionibacterium phage PHL199M00	dsDNA	1747	Cutibacterium acnes	-	Actinomycetota	Prokaryote	NC_027295	0.0	0.0	0.0	1631
KJ578775	1500815	1500815-1	29464	Propionibacterium phage PHL114N00	dsDNA	1747	Cutibacterium acnes	-	Actinomycetota	Prokaryote	KJ578775	0.0	0.0	0.0	1632
NC_022340	1235656	1235656-1	29464	Propionibacterium phage PHL114L00	dsDNA	1747	Cutibacterium acnes	-	Actinomycetota	Prokaryote	NC_022340	0.0	0.0	0.0	1633
NC_027333	1500807	1500807-1	29421	Propionibacterium phage PHL070N00	dsDNA	1747	Cutibacterium acnes	-	Actinomycetota	Prokaryote	NC_027333	0.0	0.0	0.0	1634
NC_027630	1655017	1655017-1	29506	Propionibacterium phage Ouroboros	dsDNA	1747	Cutibacterium acnes	-	Actinomycetota	Prokaryote	NC_027630	0.0	0.0	0.0	1635
NC_018838	1229790	1229790-1	29505	Propionibacterium phage P100_A	dsDNA	1747	Cutibacterium acnes	-	Actinomycetota	Prokaryote	NC_018838	0.0	0.0	0.0	1636
NC_027628	1655015	1655015-1	29517	Propionibacterium phage Lauchelly	dsDNA	1747	Cutibacterium acnes	-	Actinomycetota	Prokaryote	NC_027628	0.0	0.0	0.0	1637
NC_031084	1654740	1654740-1	29249	Propionibacterium phage BruceLethal	dsDNA	1747	Cutibacterium acnes	-	Actinomycetota	Prokaryote	NC_031084	0.0	0.0	0.0	1638
NC_027346	1500827	1500827-1	29327	Propionibacterium phage PHL171M01	dsDNA	1747	Cutibacterium acnes	-	Actinomycetota	Prokaryote	NC_027346	0.0	0.0	0.0	1639
NC_022339	1235646	1235646-1	29443	Propionibacterium phage PHL037M02	dsDNA	1747	Cutibacterium acnes	-	Actinomycetota	Prokaryote	NC_022339	0.0	0.0	0.0	1640
JX570707	1235652	1235652-1	29451	Propionibacterium phage PHL085M01	dsDNA	1747	Cutibacterium acnes	-	Actinomycetota	Prokaryote	JX570707	0.0	0.0	0.0	1641
JX570708	1235657	1235657-1	29453	Propionibacterium phage PHL115M02	dsDNA	1747	Cutibacterium acnes	-	Actinomycetota	Prokaryote	JX570708	0.0	0.0	0.0	1642
NC_027361	1500812	1500812-1	29454	Propionibacterium phage PHL085N00	dsDNA	1747	Cutibacterium acnes	-	Actinomycetota	Prokaryote	NC_027361	0.0	0.0	0.0	1643
NC_027391	1500801	1500801-1	29412	Propionibacterium phage PHL041M10	dsDNA	1747	Cutibacterium acnes	-	Actinomycetota	Prokaryote	NC_027391	0.0033	0.0	0.0	1644
NC_027621	1655023	1655023-1	29463	Propionibacterium phage Wizzo	dsDNA	1747	Cutibacterium acnes	-	Actinomycetota	Prokaryote	NC_027621	0.0	0.0	0.0	1645
NC_027629	1655012	1655012-1	28876	Propionibacterium phage Attacne	dsDNA	1747	Cutibacterium acnes	-	Actinomycetota	Prokaryote	NC_027629	0.0	0.0	0.0	1646
NC_027385	1500813	1500813-1	29261	Propionibacterium phage PHL092M00	dsDNA	1747	Cutibacterium acnes	-	Actinomycetota	Prokaryote	NC_027385	0.0	0.0	0.0	1647
NC_018839	1229784	1229784-1	29729	Propionibacterium phage P14	dsDNA	1747	Cutibacterium acnes	-	Actinomycetota	Prokaryote	NC_018839	0.0	0.0	0.0	1648
KJ578777	1500817	1500817-1	29396	Propionibacterium phage PHL116M10	dsDNA	1747	Cutibacterium acnes	-	Actinomycetota	Prokaryote	KJ578777	0.0	0.0	0.0	1649
NC_027362	1500816	1500816-1	29394	Propionibacterium phage PHL116M00	dsDNA	1747	Cutibacterium acnes	-	Actinomycetota	Prokaryote	NC_027362	0.0	0.0	0.0	1650
NC_022341	1235655	1235655-1	29200	Propionibacterium phage PHL113M01	dsDNA	1747	Cutibacterium acnes	-	Actinomycetota	Prokaryote	NC_022341	0.0	0.0	0.0	1651
NC_022342	1235653	1235653-1	29140	Propionibacterium phage PHL111M01	dsDNA	1747	Cutibacterium acnes	-	Actinomycetota	Prokaryote	NC_022342	0.0	0.0	0.0	1652
NC_027622	1655022	1655022-1	29330	Propionibacterium phage Stormborn	dsDNA	1747	Cutibacterium acnes	-	Actinomycetota	Prokaryote	NC_027622	0.0	0.0	0.0	1653
NC_018849	1229788	1229788-1	29202	Propionibacterium phage P105	dsDNA	1747	Cutibacterium acnes	-	Actinomycetota	Prokaryote	NC_018849	0.0	0.0	0.0	1654
NC_027624	1655020	1655020-1	29594	Propionibacterium phage SKKY	dsDNA	1747	Cutibacterium acnes	-	Actinomycetota	Prokaryote	NC_027624	0.0	0.0	0.0	1655
NC_031003	1654781	1654781-1	29254	Propionibacterium phage Moyashi	dsDNA	1747	Cutibacterium acnes	-	Actinomycetota	Prokaryote	NC_031003	0.0	0.0	0.0	1656
NC_027620	1655016	1655016-1	29726	Propionibacterium phage MrAK	dsDNA	1747	Cutibacterium acnes	-	Actinomycetota	Prokaryote	NC_027620	0.0	0.0	0.0	1657
NC_041955	1500810	1500810-1	29491	Propionibacterium phage PHL082M03	dsDNA	1747	Cutibacterium acnes	-	Actinomycetota	Prokaryote	NC_041955	0.0	0.0	0.0	1658
KJ578768	1500808	1500808-1	29491	Propionibacterium phage PHL082M00	dsDNA	1747	Cutibacterium acnes	-	Actinomycetota	Prokaryote	KJ578768	0.0	0.0	0.0	1659
KJ578771	1500811	1500811-1	29491	Propionibacterium phage PHL082M04	dsDNA	1747	Cutibacterium acnes	-	Actinomycetota	Prokaryote	KJ578771	0.0	0.0	0.0	1660
KJ578769	1500809	1500809-1	29491	Propionibacterium phage PHL082M02	dsDNA	1747	Cutibacterium acnes	-	Actinomycetota	Prokaryote	KJ578769	0.0	0.0	0.0	1661
NC_027623	1655018	1655018-1	29324	Propionibacterium phage Pirate	dsDNA	1747	Cutibacterium acnes	-	Actinomycetota	Prokaryote	NC_027623	0.0	0.0	0.0	1662
NC_041954	1655013	1655013-1	29339	Propionibacterium phage Keiki	dsDNA	1747	Cutibacterium acnes	-	Actinomycetota	Prokaryote	NC_041954	0.0	0.0	0.0	1663
NC_022334	1235654	1235654-1	29266	Propionibacterium phage PHL112N00	dsDNA	1747	Cutibacterium acnes	-	Actinomycetota	Prokaryote	NC_022334	0.0	0.0	0.0	1664
NC_028694	1747271	1747271-1	29407	Propionibacterium phage PA1-14	dsDNA	1747	Cutibacterium acnes	-	Actinomycetota	Prokaryote	NC_028694	0.0	0.0	0.0	1665
NC_015454	504501	504501-1	29074	Propionibacterium phage PAD20	dsDNA	1747	Cutibacterium acnes	-	Actinomycetota	Prokaryote	NC_015454	0.0	0.0	0.0	1666
NC_015453	504553	504553-1	29017	Propionibacterium phage PAS50	dsDNA	1747	Cutibacterium acnes	-	Actinomycetota	Prokaryote	NC_015453	0.0	0.0	0.0	1667
NC_009541	376758	376758-1	29739	Propionibacterium phage PA6	dsDNA	1747	Cutibacterium acnes	-	Actinomycetota	Prokaryote	NC_009541	0.0	0.0	0.0	1668
NC_018840	1229791	1229791-1	29612	Propionibacterium phage P100_1	dsDNA	1747	Cutibacterium acnes	-	Actinomycetota	Prokaryote	NC_018840	0.0	0.0	0.0	1669
NC_027401	1500814	1500814-1	29751	Propionibacterium phage PHL095N00	dsDNA	1747	Cutibacterium acnes	-	Actinomycetota	Prokaryote	NC_027401	0.0	0.0	0.0	1670
NC_018834	1229782	1229782-1	29214	Propionibacterium phage P9.1	dsDNA	1747	Cutibacterium acnes	-	Actinomycetota	Prokaryote	NC_018834	0.0	0.0	0.0	1671
NC_027367	1500820	1500820-1	29003	Propionibacterium phage PHL132N00	dsDNA	1747	Cutibacterium acnes	-	Actinomycetota	Prokaryote	NC_027367	0.0	0.0	0.0	1672
NC_028967	1690805	1690805-1	29605	Propionibacterium phage PAC1	dsDNA	1747	Cutibacterium acnes	-	Actinomycetota	Prokaryote	NC_028967	0.0	0.0	0.0	1673
NC_022338	1235647	1235647-1	29514	Propionibacterium phage PHL060L00	dsDNA	1747	Cutibacterium acnes	-	Actinomycetota	Prokaryote	NC_022338	0.0	0.0	0.0	1674
NC_018841	1229786	1229786-1	29574	Propionibacterium phage P101A	dsDNA	1747	Cutibacterium acnes	-	Actinomycetota	Prokaryote	NC_018841	0.0	0.0	0.0	1675
NC_031119	1654780	1654780-1	29347	Propionibacterium phage Enoki	dsDNA	1747	Cutibacterium acnes	-	Actinomycetota	Prokaryote	NC_031119	0.0	0.0	0.0	1676
NC_027389	1500821	1500821-1	29494	Propionibacterium phage PHL141N00	dsDNA	1747	Cutibacterium acnes	-	Actinomycetota	Prokaryote	NC_027389	0.0	0.0	0.0	1677
NC_027370	1500828	1500828-1	29428	Propionibacterium phage PHL179M00	dsDNA	1747	Cutibacterium acnes	-	Actinomycetota	Prokaryote	NC_027370	0.0	0.0	0.0	1678
NC_018852	1229789	1229789-1	29506	Propionibacterium phage P100D	dsDNA	1747	Cutibacterium acnes	-	Actinomycetota	Prokaryote	NC_018852	0.0	0.0	0.0	1679
KJ578766	1500806	1500806-1	29386	Propionibacterium phage PHL067M09	dsDNA	1747	Cutibacterium acnes	-	Actinomycetota	Prokaryote	KJ578766	0.0011	0.0	0.0	1680
NC_022335	1235649	1235649-1	29377	Propionibacterium phage PHL067M10	dsDNA	1747	Cutibacterium acnes	-	Actinomycetota	Prokaryote	NC_022335	0.0	0.0	0.0	1681
NC_027380	1500805	1500805-1	29377	Propionibacterium phage PHL067M01	dsDNA	1747	Cutibacterium acnes	-	Actinomycetota	Prokaryote	NC_027380	0.0	0.0	0.0	1682
NC_027357	1500799	1500799-1	29496	Propionibacterium phage PHL025M00	dsDNA	1747	Cutibacterium acnes	-	Actinomycetota	Prokaryote	NC_027357	0.0	0.0	0.0	1683
NC_027336	1500798	1500798-1	29503	Propionibacterium phage PHL009M11	dsDNA	1747	Cutibacterium acnes	-	Actinomycetota	Prokaryote	NC_027336	0.0	0.0	0.0	1684
NC_027626	1655019	1655019-1	29347	Propionibacterium phage Procrass1	dsDNA	1747	Cutibacterium acnes	-	Actinomycetota	Prokaryote	NC_027626	0.0	0.0	0.0	1685
NC_027627	1655021	1655021-1	29440	Propionibacterium phage Solid	dsDNA	1747	Cutibacterium acnes	-	Actinomycetota	Prokaryote	NC_027627	0.0	0.0	0.0	1686
NC_018845	1229787	1229787-1	29371	Propionibacterium phage P104A	dsDNA	1747	Cutibacterium acnes	-	Actinomycetota	Prokaryote	NC_018845	0.0	0.0	0.0	1687
NC_018842	1229792	1229792-1	29348	Propionibacterium phage P1.1	dsDNA	1747	Cutibacterium acnes	-	Actinomycetota	Prokaryote	NC_018842	0.0	0.0	0.0	1688
NC_027376	1500832	1500832-1	29442	Propionibacterium phage PHL308M00	dsDNA	1747	Cutibacterium acnes	-	Actinomycetota	Prokaryote	NC_027376	0.0	0.0	0.0	1689
NC_027294	1500822	1500822-1	29438	Propionibacterium phage PHL150M00	dsDNA	1747	Cutibacterium acnes	-	Actinomycetota	Prokaryote	NC_027294	0.0	0.0	0.0	1690
NC_022337	1235650	1235650-1	29467	Propionibacterium phage PHL071N05	dsDNA	1747	Cutibacterium acnes	-	Actinomycetota	Prokaryote	NC_022337	0.0	0.0	0.0	1691
NC_027403	1500818	1500818-1	29255	Propionibacterium phage PHL117M00	dsDNA	1747	Cutibacterium acnes	-	Actinomycetota	Prokaryote	NC_027403	0.0	0.0	0.0	1692
NC_027392	1500829	1500829-1	29264	Propionibacterium phage PHL194M00	dsDNA	1747	Cutibacterium acnes	-	Actinomycetota	Prokaryote	NC_027392	0.0	0.0	0.0	1693
NC_027405	1500826	1500826-1	29264	Propionibacterium phage PHL163M00	dsDNA	1747	Cutibacterium acnes	-	Actinomycetota	Prokaryote	NC_027405	0.0	0.0	0.0	1694
NC_027400	1500802	1500802-1	29264	Propionibacterium phage PHL055N00	dsDNA	1747	Cutibacterium acnes	-	Actinomycetota	Prokaryote	NC_027400	0.0	0.0	0.0	1695
NC_048706	2182408	2182408-1	46133	Streptomyces phage FlowerPower	dsDNA	1930	Streptomyces scabiei	-	Actinomycetota	Prokaryote	NC_048706	0.0	0.0	0.0	1696
NC_048686	2053813	2053813-1	46094	Streptomyces phage Immanuel3	dsDNA	1911	Streptomyces griseus	-	Actinomycetota	Prokaryote	NC_048686	0.0	0.0040	0.0	1697
NC_048685	2053812	2053812-1	45177	Streptomyces phage Manuel	dsDNA	1916	Streptomyces lividans	-	Actinomycetota	Prokaryote	NC_048685	0.0	0.0	0.0	1698
NC_048684	2053723	2053723-1	45221	Streptomyces phage WRightOn	dsDNA	1938	Streptomyces viridochromogenes	-	Actinomycetota	Prokaryote	NC_048684	0.0	0.0	0.0	1699
NC_048854	2708562	2708562-1	45385	Streptomyces phage JXY1	dsDNA	1916	Streptomyces lividans	-	Actinomycetota	Prokaryote	NC_048854	0.0	0.0	0.0	1700
NC_048793	2588490	2588490-1	60899	Gordonia phage Kenosha	dsDNA	36822	Gordonia rubripertincta	-	Actinomycetota	Prokaryote	NC_048793	0.0	0.0	0.0	1701
NC_048823	2656542	2656542-1	61623	Gordonia phage Untouchable	dsDNA	36822	Gordonia rubripertincta	-	Actinomycetota	Prokaryote	NC_048823	0.0	0.0	0.0	1702
NC_048825	2656532	2656532-1	60531	Gordonia phage Crocheter	dsDNA	36822	Gordonia rubripertincta	-	Actinomycetota	Prokaryote	NC_048825	0.0	0.0	0.0	1703
NC_073326	2015871	2015871-1	58238	Arthrobacter phage Teacup	dsDNA	1771959	Arthrobacter sp. ATCC 21022	-	Actinomycetota	Prokaryote	NC_073326	0.0	0.0	0.0	1704
NC_070877	2603260	2603260-1	113685	Arthrobacter phage Qui	dsDNA	1665	Arthrobacter globiformis	-	Actinomycetota	Prokaryote	NC_070877	0.0	0.0	0.0	1705
NC_042042	2041354	2041354-1	43060	Streptomyces phage Scap1	dsDNA	1930	Streptomyces scabiei	-	Actinomycetota	Prokaryote	NC_042042	0.0021	0.0013	0.0064	1706
NC_042106	2079427	2079427-1	56341	Streptomyces phage Bing	dsDNA	1916	Streptomyces lividans	-	Actinomycetota	Prokaryote	NC_042106	0.0077	0.0051	0.0095	1707
NC_041889	1897525	1897525-1	56168	Streptomyces phage Rima	dsDNA	146537	Streptomyces azureus	-	Actinomycetota	Prokaryote	NC_041889	0.0034	0.0066	0.0	1708
NC_042016	2024284	2024284-1	56076	Streptomyces phage DrGrey	dsDNA	1911	Streptomyces griseus	-	Actinomycetota	Prokaryote	NC_042016	0.0110	0.0025	0.0027	1709
NC_003158	2847285	2847285-1	16492	Saline Natrinema sp. J7-1 virus 1	dsDNA	1172566	Natrinema sp. J7-1	Simuloviridae	Euryarchaeota	Prokaryote	NC_003158	0.0032	0.0	0.0	1710
NC_074652	2766529	2766529-1	18925	Natrinema versiforme icosahedral virus 1	dsDNA	88724	Natrinema versiforme	Simuloviridae	Euryarchaeota	Prokaryote	NC_074652	0.0032	0.0063	0.0	1711
NC_074651	2766528	2766528-1	17189	Haloterrigena jeotgali icosahedral virus 1	dsDNA	121872	Natrinema thermotolerans	Simuloviridae	Euryarchaeota	Prokaryote	NC_074651	0.0031	0.0111	0.0024	1712
NC_013758	710112	710112-1	8082	Haloarcula hispanica pleomorphic virus 1	dsDNA	51589	Haloarcula hispanica	Pleolipoviridae	Euryarchaeota	Prokaryote	NC_013758	0.0	0.0	0.0	1713
NC_074646	3071211	3071211-1	16992	Saline Natrinema sp. J7CE1 virus 2	dsDNA	1172566	Natrinema sp. J7-1	Pleolipoviridae	Euryarchaeota	Prokaryote	NC_074646	0.0	0.0	0.0	1714
NC_017088	1156720	1156720-1	8770	Halorubrum pleomorphic virus 3	dsDNA	1089748	Halorubrum sp. SP3-3	Pleolipoviridae	Euryarchaeota	Prokaryote	NC_017088	0.0	0.0	0.0	1715
NC_047943	1980140	1980140-1	15010	Haloarcula hispanica pleomorphic virus 4	dsDNA	51589	Haloarcula hispanica	Pleolipoviridae	Euryarchaeota	Prokaryote	NC_047943	0.0	0.0	0.0	1716
NC_047928	1879051	1879051-1	11648	Haloarcula hispanica pleomorphic virus 3	dsDNA	51589	Haloarcula hispanica	Pleolipoviridae	Euryarchaeota	Prokaryote	NC_047928	0.0	0.0	0.0	1717
NC_017090	1156722	1156722-1	9694	Halogeometricum pleomorphic virus 1	dsDNA	1089726	Halogeometricum sp. CG-9	Pleolipoviridae	Euryarchaeota	Prokaryote	NC_017090	0.0	0.0	0.0	1718
NC_048160	2126525	2126525-1	16159	Halorubrum pleomorphic virus 9	dsDNA	56688	Halorubrum	Pleolipoviridae	Euryarchaeota	Prokaryote	NC_048160	0.0022	0.0037	0.0	1719
NC_048156	2507578	2507578-1	9944	Halorubrum pleomorphic virus 12	dsDNA	1879286	Halorubrum sp.	Pleolipoviridae	Euryarchaeota	Prokaryote	NC_048156	0.0	0.0	0.0	1720
NC_048158	2507577	2507577-1	9368	Halorubrum pleomorphic virus 11	dsDNA	1879286	Halorubrum sp.	Pleolipoviridae	Euryarchaeota	Prokaryote	NC_048158	0.0	0.0	0.0	1721
NC_048157	2507576	2507576-1	9296	Halorubrum pleomorphic virus 10	dsDNA	1879286	Halorubrum sp.	Pleolipoviridae	Euryarchaeota	Prokaryote	NC_048157	0.0	0.0	0.0	1722
NC_027118	1076759	1076759-1	39422	Vibrio phage phiVC8	dsDNA	666	Vibrio cholerae	-	Pseudomonadota	Prokaryote	NC_027118	0.0	0.0	0.0	1723
NC_070933	2712957	2712957-1	41227	Ochrobactrum phage vB_OspP_OH	dsDNA	2203419	Ochrobactrum sp. POC9	-	Pseudomonadota	Prokaryote	NC_070933	0.0	0.0	0.0013	1724
NC_027299	1526550	1526550-1	42092	Sulfitobacter phage NYA-2014a	dsDNA	1525218	Sulfitobacter sp. CB2047	-	Pseudomonadota	Prokaryote	NC_027299	0.0	0.0	0.0040	1725
NC_020856	754043	754043-1	40931	Sulfitobacter phage pCB2047-C	dsDNA	1525218	Sulfitobacter sp. CB2047	-	Pseudomonadota	Prokaryote	NC_020856	0.0	0.0	0.0040	1726
NC_020858	754045	754045-1	40929	Sulfitobacter phage pCB2047-A	dsDNA	1525218	Sulfitobacter sp. CB2047	-	Pseudomonadota	Prokaryote	NC_020858	0.0	0.0	0.0040	1727
NC_030915	1838075	1838075-1	80650	Gordonia phage Orchid	dsDNA	2055	Gordonia terrae	-	Actinomycetota	Prokaryote	NC_030915	0.0	0.0	0.0	1728
NC_031109	1887650	1887650-1	78302	Gordonia phage Jumbo	dsDNA	2055	Gordonia terrae	-	Actinomycetota	Prokaryote	NC_031109	0.0	0.0	0.0	1729
NC_023706	691966	691966-1	75772	Rhodococcus phage ReqiDocB7	dsDNA	1827	Rhodococcus	-	Actinomycetota	Prokaryote	NC_023706	0.0	0.0036	0.0	1730
NC_030944	1838067	1838067-1	74073	Gordonia phage Demosthenes	dsDNA	2055	Gordonia terrae	-	Actinomycetota	Prokaryote	NC_030944	0.0027	0.0073	0.0	1731
NC_030914	1838071	1838071-1	75462	Gordonia phage Kvothe	dsDNA	2055	Gordonia terrae	-	Actinomycetota	Prokaryote	NC_030914	0.0	0.0038	0.0	1732
NC_041950	1821555	1821555-1	75380	Gordonia phage Katyusha	dsDNA	2055	Gordonia terrae	-	Actinomycetota	Prokaryote	NC_041950	0.0027	0.0037	0.0	1733
NC_016166	1100814	1100814-1	74431	Gordonia phage GTE7	dsDNA	85007	Mycobacteriales	-	Actinomycetota	Prokaryote	NC_016166	0.0	0.0037	0.0	1734
NC_028673	1647286	1647286-1	73419	Gordonia phage GMA7	dsDNA	410332	Gordonia malaquae	-	Actinomycetota	Prokaryote	NC_028673	0.0	0.0037	0.0	1735
NC_028865	1636545	1636545-1	76964	Tsukamurella phage TIN2	dsDNA	42777	Tsukamurella inchonensis	-	Actinomycetota	Prokaryote	NC_028865	0.0011	0.0087	0.0	1736
NC_041962	1636547	1636547-1	76268	Tsukamurella phage TIN4	dsDNA	42777	Tsukamurella inchonensis	-	Actinomycetota	Prokaryote	NC_041962	0.0066	0.0115	0.0	1737
NC_028966	1636546	1636546-1	76269	Tsukamurella phage TIN3	dsDNA	42777	Tsukamurella inchonensis	-	Actinomycetota	Prokaryote	NC_028966	0.0066	0.0115	0.0	1738
NC_030905	1838084	1838084-1	73752	Gordonia phage Woes	dsDNA	2055	Gordonia terrae	-	Actinomycetota	Prokaryote	NC_030905	0.0	0.0084	0.0	1739
NC_048207	2079281	2079281-1	75687	Gordonia phage SteveFrench	dsDNA	2055	Gordonia terrae	-	Actinomycetota	Prokaryote	NC_048207	0.0	0.0034	0.0	1740
NC_048768	2588132	2588132-1	76261	Gordonia phage Chelms	dsDNA	2055	Gordonia terrae	-	Actinomycetota	Prokaryote	NC_048768	0.0	0.0036	0.0037	1741
NC_048746	2502420	2502420-1	76485	Gordonia phage Sombrero	dsDNA	2055	Gordonia terrae	-	Actinomycetota	Prokaryote	NC_048746	0.0035	0.0077	0.0	1742
NC_048695	2079413	2079413-1	76008	Gordonia phage Adgers	dsDNA	2055	Gordonia terrae	-	Actinomycetota	Prokaryote	NC_048695	0.0024	0.0037	0.0	1743
NC_048820	2653716	2653716-1	77514	Gordonia phage Jellybones	dsDNA	36822	Gordonia rubripertincta	-	Actinomycetota	Prokaryote	NC_048820	0.0064	0.0031	0.0	1744
NC_047892	2047831	2047831-1	77354	Gordonia phage BirksAndSocks	dsDNA	2055	Gordonia terrae	-	Actinomycetota	Prokaryote	NC_047892	0.0079	0.0074	0.0	1745
NC_048851	2708629	2708629-1	77221	Gordonia phage John316	dsDNA	2055	Gordonia terrae	-	Actinomycetota	Prokaryote	NC_048851	0.0023	0.0037	0.0	1746
NC_048783	2591111	2591111-1	77394	Gordonia phage Beaver	dsDNA	36822	Gordonia rubripertincta	-	Actinomycetota	Prokaryote	NC_048783	0.0035	0.0061	0.0	1747
NC_047921	2079280	2079280-1	76889	Gordonia phage Flakey	dsDNA	2055	Gordonia terrae	-	Actinomycetota	Prokaryote	NC_047921	0.0011	0.0086	0.0	1748
NC_030924	1838073	1838073-1	75680	Gordonia phage Monty	dsDNA	2055	Gordonia terrae	-	Actinomycetota	Prokaryote	NC_030924	0.0	0.0037	0.0	1749
NC_031229	1821554	1821554-1	76972	Gordonia phage Hotorobo	dsDNA	2055	Gordonia terrae	-	Actinomycetota	Prokaryote	NC_031229	0.0011	0.0085	0.0	1750
NC_074654	2713157	2713157-1	18655	Thermoproteus spherical piliferous virus 1	dsDNA	1650659	Thermoproteus sp. CP80	Globuloviridae	Thermoproteota	Prokaryote	NC_074654	0.0	0.0	0.0	1751
NC_035464	2023155	2023155-1	9780	Metallosphaera turreted icosahedral virus	dsDNA	2020860	Metallosphaera sp.	-	Thermoproteota	Prokaryote	NC_035464	0.0	0.0	0.0	1752
NC_043030	700542	700542-1	5278	Aeropyrum pernix bacilliform virus 1	dsDNA	272557	Aeropyrum pernix K1	Clavaviridae	Thermoproteota	Prokaryote	NC_043030	0.0	0.0	0.0	1753
NC_019782	1206110	1206110-1	36566	Lactobacillus phage phiAQ113	dsDNA	1587	Lactobacillus helveticus	-	Bacillota	Prokaryote	NC_019782	0.0	0.0	0.0	1754
NC_070667	2365028	2365028-1	39069	Streptococcus phage CHPC1148	dsDNA	1308	Streptococcus thermophilus	Aliceevansviridae	Bacillota	Prokaryote	NC_070667	0.0	0.0	0.0047	1755
NC_070664	2365021	2365021-1	40037	Streptococcus phage CHPC1062	dsDNA	1308	Streptococcus thermophilus	Aliceevansviridae	Bacillota	Prokaryote	NC_070664	0.0	0.0	0.0057	1756
NC_031926	1792273	1792273-1	46575	Flavobacterium phage 2A	dsDNA	96345	Flavobacterium psychrophilum	Duneviridae	Bacteroidota	Prokaryote	NC_031926	0.0	0.0	0.0	1757
NC_021867	1325731	1325731-1	46978	Flavobacterium phage 6H	dsDNA	96345	Flavobacterium psychrophilum	Duneviridae	Bacteroidota	Prokaryote	NC_021867	0.0	0.0	0.0	1758
NC_041859	1814279	1814279-1	43226	Flavobacterium phage 23T	dsDNA	96345	Flavobacterium psychrophilum	Duneviridae	Bacteroidota	Prokaryote	NC_041859	0.0	0.0	0.0	1759
NC_041845	1033977	1033977-1	46450	Flavobacterium phage FCV-1	dsDNA	996	Flavobacterium columnare	-	Bacteroidota	Prokaryote	NC_041845	0.0129	0.0	0.0	1760
NC_027125	908819	908819-1	47142	Flavobacterium phage FCL-2	dsDNA	996	Flavobacterium columnare	-	Bacteroidota	Prokaryote	NC_027125	0.0313	0.0	0.0	1761
NC_020860	756280	756280-1	44557	Cellulophaga phage phiSM	dsDNA	192170	Cellulophaga sp. MM#3	-	Bacteroidota	Prokaryote	NC_020860	0.0	0.0	0.0	1762
KC821630	756279	756279-1	54427	Cellulophaga phage phi3:1	dsDNA	76594	Cellulophaga baltica	-	Bacteroidota	Prokaryote	KC821630	0.0	0.0	0.0	1763
KC821610	1327973	1327973-1	54015	Cellulophaga phage phi3ST:2	dsDNA	76594	Cellulophaga baltica	-	Bacteroidota	Prokaryote	KC821610	0.0	0.0	0.0	1764
KC821634	756281	756281-1	54016	Cellulophaga phage phi47:1	dsDNA	76594	Cellulophaga baltica	-	Bacteroidota	Prokaryote	KC821634	0.0	0.0	0.0	1765
KC821629	1327999	1327999-1	54012	Cellulophaga phage phi38:2	dsDNA	1348585	Cellulophaga baltica NN016038	-	Bacteroidota	Prokaryote	KC821629	0.0	0.0	0.0	1766
NC_011103	10704	10704-1	60195	Rhizobium phage 16-3	dsDNA	82115	-	-	-	Prokaryote	NC_011103	0.0	0.0	0.0073	1767
NC_031264	1718278	1718278-1	46877	Brucella phage BiPBO1	dsDNA	234	-	-	-	Prokaryote	NC_031264	0.0	0.0	0.0271	1768
NC_021804	1327993	1327993-1	28760	Cellulophaga phage phi39:1	dsDNA	76594	Cellulophaga baltica	-	Bacteroidota	Prokaryote	NC_021804	0.0046	0.0	0.0054	1769
KC348603	1289600	1289600-1	49973	Streptococcus phage phiD12	dsDNA	1004952	Streptococcus suis D12	-	Bacillota	Prokaryote	KC348603	0.0	0.0	0.0136	1770
KF751794	1470459	1470459-1	36734	Campylobacter phage CJIE4-2	dsDNA	32022	Campylobacter jejuni subsp. jejuni	-	Campylobacterota	Prokaryote	KF751794	0.0	0.0	0.0074	1771
KF751793	1470458	1470458-1	37940	Campylobacter phage CJIE4-1	dsDNA	32022	Campylobacter jejuni subsp. jejuni	-	Campylobacterota	Prokaryote	KF751793	0.0	0.0	0.0074	1772
KF751797	1470462	1470462-1	36991	Campylobacter phage CJIE4-5	dsDNA	32022	Campylobacter jejuni subsp. jejuni	-	Campylobacterota	Prokaryote	KF751797	0.0	0.0	0.0074	1773
KF751796	1470461	1470461-1	35459	Campylobacter phage CJIE4-4	dsDNA	32022	Campylobacter jejuni subsp. jejuni	-	Campylobacterota	Prokaryote	KF751796	0.0	0.0	0.0074	1774
KF751795	1470460	1470460-1	35417	Campylobacter phage CJIE4-3	dsDNA	1357994	Campylobacter jejuni subsp. jejuni 00-2425	-	Campylobacterota	Prokaryote	KF751795	0.0	0.0	0.0074	1775
NC_008265	396359	396359-1	38092	Clostridium phage phiSM101	dsDNA	289380	Clostridium perfringens SM101	-	Bacillota	Prokaryote	NC_008265	0.0	0.0	0.0097	1776
NC_003524	190478	190478-1	33507	Clostridium phage phi3626	dsDNA	1502	Clostridium perfringens	-	Bacillota	Prokaryote	NC_003524	0.0041	0.0	0.0061	1777
NC_009552	447909	447909-1	40863	Geobacillus virus E2	dsDNA	129337	Geobacillus	-	Bacillota	Prokaryote	NC_009552	0.0045	0.0	0.0119	1778
NC_019502	1124578	1124578-1	44401	Bacillus phage phIS3501	dsDNA	339854	Bacillus thuringiensis serovar israelensis ATCC 35646	-	Bacillota	Prokaryote	NC_019502	0.0	0.0	0.0096	1779
NC_023599	1357713	1357713-1	38772	Bacillus phage phiCM3	dsDNA	1428	Bacillus thuringiensis	-	Bacillota	Prokaryote	NC_023599	0.0	0.0	0.0120	1780
NC_018085	1194641	1194641-1	41992	Bacillus phage BtCS33	dsDNA	1428	Bacillus thuringiensis	-	Bacillota	Prokaryote	NC_018085	0.0	0.0	0.0098	1781
NC_054985	2249779	2249779-1	40448	Paenibacillus phage Wanderer	dsDNA	1464	Paenibacillus larvae	-	Bacillota	Prokaryote	NC_054985	0.0	0.0	0.0043	1782
NC_028767	1636261	1636261-1	45653	Paenibacillus phage Vegas	dsDNA	1464	Paenibacillus larvae	-	Bacillota	Prokaryote	NC_028767	0.0	0.0	0.0051	1783
NC_048718	2249767	2249767-1	38526	Paenibacillus phage Jacopo	dsDNA	1464	Paenibacillus larvae	-	Bacillota	Prokaryote	NC_048718	0.0058	0.0	0.0050	1784
NC_028788	1589750	1589750-1	37246	Paenibacillus phage Diva	dsDNA	1464	Paenibacillus larvae	-	Bacillota	Prokaryote	NC_028788	0.0058	0.0	0.0050	1785
NC_048688	2070189	2070189-1	39485	Paenibacillus phage BN12	dsDNA	1464	Paenibacillus larvae	-	Bacillota	Prokaryote	NC_048688	0.0021	0.0	0.0050	1786
NC_048691	2070196	2070196-1	37880	Paenibacillus phage Tadhana	dsDNA	1464	Paenibacillus larvae	-	Bacillota	Prokaryote	NC_048691	0.0021	0.0	0.0050	1787
NC_048690	2070195	2070195-1	40035	Paenibacillus phage Pagassa	dsDNA	1464	Paenibacillus larvae	-	Bacillota	Prokaryote	NC_048690	0.0021	0.0	0.0050	1788
NC_028758	1589749	1589749-1	35644	Paenibacillus phage HB10c2	dsDNA	1464	Paenibacillus larvae	-	Bacillota	Prokaryote	NC_028758	0.0021	0.0	0.0050	1789
NC_029084	1589752	1589752-1	37990	Paenibacillus phage Rani	dsDNA	1464	Paenibacillus larvae	-	Bacillota	Prokaryote	NC_029084	0.0021	0.0	0.0050	1790
KP296794	1589753	1589753-1	37971	Bacteriophage Redbud	dsDNA	1464	Paenibacillus larvae	-	Bacillota	Prokaryote	KP296794	0.0021	0.0	0.0050	1791
NC_028268	1032473	1032473-1	38049	Aeropyrum pernix spindle-shaped virus 1	dsDNA	56636	Aeropyrum pernix	-	Thermoproteota	Prokaryote	NC_028268	0.0	0.0	0.0	1792
NC_009804	2914007	2914007-1	83319	Thermus phage P74-26	dsDNA	274	Thermus thermophilus	-	Deinococcota	Prokaryote	NC_009804	0.0	0.0	0.0	1793
NC_009803	2914006	2914006-1	84201	Thermus phage P23-45	dsDNA	274	Thermus thermophilus	-	Deinococcota	Prokaryote	NC_009803	0.0	0.0	0.0	1794
NC_055061	1975614	1975614-1	17253	Rhodococcus phage Toil	dsDNA	37919	Rhodococcus opacus	Tectiviridae	Actinomycetota	Prokaryote	NC_055061	0.0	0.0	0.0	1795
NC_055060	2500797	2500797-1	18266	Streptomyces phage WheeHeim	dsDNA	1930	Streptomyces scabiei	Tectiviridae	Actinomycetota	Prokaryote	NC_055060	0.0	0.0	0.0	1796
NC_055059	2562185	2562185-1	18251	Streptomyces phage Forthebois	dsDNA	1930	Streptomyces scabiei	Tectiviridae	Actinomycetota	Prokaryote	NC_055059	0.0	0.0	0.0	1797
NC_042040	2027905	2027905-1	139262	Rhodococcus phage Trina	dsDNA	1833	Rhodococcus erythropolis	-	Actinomycetota	Prokaryote	NC_042040	0.0	0.0	0.0	1798
NC_055842	2725629	2725629-1	132885	Streptomyces phage Bmoc	dsDNA	146922	Streptomyces griseofuscus	-	Actinomycetota	Prokaryote	NC_055842	0.0	0.0	0.0	1799
NC_055822	2653725	2653725-1	133090	Streptomyces phage Daubenski	dsDNA	1911	Streptomyces griseus	-	Actinomycetota	Prokaryote	NC_055822	0.0	0.0	0.0	1800
NC_029098	1556290	1556290-1	133531	Streptomyces phage Jay2Jay	dsDNA	1916	Streptomyces lividans	-	Actinomycetota	Prokaryote	NC_029098	0.0	0.0	0.0	1801
NC_042012	2023995	2023995-1	133710	Streptomyces phage Samisti12	dsDNA	1911	Streptomyces griseus	-	Actinomycetota	Prokaryote	NC_042012	0.0	0.0	0.0	1802
NC_042011	2023994	2023994-1	133047	Streptomyces phage Peebs	dsDNA	1916	Streptomyces lividans	-	Actinomycetota	Prokaryote	NC_042011	0.0	0.0	0.0	1803
NC_042105	2079426	2079426-1	127084	Streptomyces phage BillNye	dsDNA	1938	Streptomyces viridochromogenes	-	Actinomycetota	Prokaryote	NC_042105	0.0	0.0	0.0	1804
NC_070785	2713267	2713267-1	126614	Streptomyces phage Wakanda	dsDNA	193460	Streptomyces sanglieri	-	Actinomycetota	Prokaryote	NC_070785	0.0021	0.0	0.0	1805
NC_070786	2713269	2713269-1	127551	Streptomyces phage Muntaha	dsDNA	193460	Streptomyces sanglieri	-	Actinomycetota	Prokaryote	NC_070786	0.0021	0.0	0.0	1806
NC_070784	2848887	2848887-1	130929	Streptomyces phage TunaTartare	dsDNA	68239	Streptomyces mirabilis	-	Actinomycetota	Prokaryote	NC_070784	0.0	0.0	0.0	1807
NC_070783	2767565	2767565-1	130666	Streptomyces phage Faust	dsDNA	1916	Streptomyces lividans	-	Actinomycetota	Prokaryote	NC_070783	0.0014	0.0	0.0	1808
NC_048742	2488789	2488789-1	128338	Streptomyces phage Gilson	dsDNA	146922	Streptomyces griseofuscus	-	Actinomycetota	Prokaryote	NC_048742	0.0	0.0	0.0	1809
NC_048728	2301714	2301714-1	129015	Streptomyces phage Comrade	dsDNA	1911	Streptomyces griseus	-	Actinomycetota	Prokaryote	NC_048728	0.0014	0.0	0.0	1810
NC_029031	461711	461711-1	45218	Synechococcus phage S-CBP42	dsDNA	1131	Synechococcus sp.	Autographiviridae	Cyanobacteriota	Prokaryote	NC_029031	0.0023	0.0	0.0	1811
NC_025455	756277	756277-1	46237	Synechococcus phage S-CBP2	dsDNA	255252	Synechococcus sp. CB0208	Autographiviridae	Cyanobacteriota	Prokaryote	NC_025455	0.0	0.0	0.0	1812
NC_020483	1283079	1283079-1	42084	Pelagibacter phage HTVC019P	dsDNA	335992	Candidatus Pelagibacter ubique HTCC1062	Autographiviridae	Pseudomonadota	Prokaryote	NC_020483	0.0	0.0	0.0	1813
NC_025431	1527771	1527771-1	45718	Mesorhizobium phage vB_MloP_Lo5R7ANS	dsDNA	381	Mesorhizobium loti	Autographiviridae	Pseudomonadota	Prokaryote	NC_025431	0.0061	0.0018	0.0016	1814
NC_047738	1220601	1220601-1	43444	Rhizobium phage RHEph01	dsDNA	29449	Rhizobium etli	Autographiviridae	Pseudomonadota	Prokaryote	NC_047738	0.0011	0.0070	0.0	1815
NC_047946	2070026	2070026-1	41297	Ralstonia phage RsoP1EGY	dsDNA	305	Ralstonia solanacearum	Autographiviridae	Pseudomonadota	Prokaryote	NC_047946	0.0	0.0020	0.0	1816
NC_047888	2041493	2041493-1	40657	Ralstonia phage DU_RP_I	dsDNA	305	Ralstonia solanacearum	Autographiviridae	Pseudomonadota	Prokaryote	NC_047888	0.0	0.0020	0.0	1817
NC_028702	1647385	1647385-1	38084	Delftia phage IME-DE1	dsDNA	1537702	Delftia sp. 670	Autographiviridae	Pseudomonadota	Prokaryote	NC_028702	0.0	0.0029	0.0	1818
NC_047982	2041351	2041351-1	39628	Ralstonia phage RPSC1	dsDNA	305	Ralstonia solanacearum	Autographiviridae	Pseudomonadota	Prokaryote	NC_047982	0.0067	0.0027	0.0	1819
NC_023736	913183	913183-1	40411	Ralstonia phage RSB2	dsDNA	305	Ralstonia solanacearum	Autographiviridae	Pseudomonadota	Prokaryote	NC_023736	0.0	0.0018	0.0	1820
NC_047751	1597967	1597967-1	38731	Ralstonia phage phiITL-1	dsDNA	305	Ralstonia solanacearum	Autographiviridae	Pseudomonadota	Prokaryote	NC_047751	0.0147	0.0030	0.0	1821
NC_047772	1897430	1897430-1	40395	Klebsiella phage vB_KpnP_KpV767	dsDNA	573	Klebsiella pneumoniae	Autographiviridae	Pseudomonadota	Prokaryote	NC_047772	0.0	0.0019	0.0	1822
NC_047969	2790305	2790305-1	41161	Klebsiella phage KP32_isolate 194	dsDNA	573	Klebsiella pneumoniae	Autographiviridae	Pseudomonadota	Prokaryote	NC_047969	0.0	0.0019	0.0	1823
NC_047799	1932362	1932362-1	40163	Klebsiella phage K5-4	dsDNA	570	Klebsiella	Autographiviridae	Pseudomonadota	Prokaryote	NC_047799	0.0	0.0019	0.0	1824
NC_011043	532077	532077-1	41181	Klebsiella phage K11	dsDNA	1497796	Klebsiella sp. 390	Autographiviridae	Pseudomonadota	Prokaryote	NC_011043	0.0	0.0019	0.0	1825
NC_048138	2492437	2492437-1	40352	Klebsiella phage Henu1	dsDNA	573	Klebsiella pneumoniae	Autographiviridae	Pseudomonadota	Prokaryote	NC_048138	0.0	0.0020	0.0	1826
NC_054890	2749426	2749426-1	41608	Pseudomonas phage vB_PsyP_3MF5	dsDNA	317	Pseudomonas syringae	Autographiviridae	Pseudomonadota	Prokaryote	NC_054890	0.0	0.0020	0.0	1827
NC_023005	1279083	1279083-1	41386	Pseudomonas phage PPpW-4	dsDNA	70775	Pseudomonas plecoglossicida	Autographiviridae	Pseudomonadota	Prokaryote	NC_023005	0.0	0.0019	0.0	1828
NC_015208	988656	988656-1	39562	Pseudomonas phage phi15	dsDNA	303	Pseudomonas putida	Autographiviridae	Pseudomonadota	Prokaryote	NC_015208	0.0	0.0033	0.0	1829
NC_047873	1873993	1873993-1	39215	Pseudomonas phage UNO-SLW1	dsDNA	306	Pseudomonas sp.	Autographiviridae	Pseudomonadota	Prokaryote	NC_047873	0.0	0.0	0.0	1830
NC_047997	2201462	2201462-1	40914	Pseudomonas phage PFP1	dsDNA	294	Pseudomonas fluorescens	Autographiviridae	Pseudomonadota	Prokaryote	NC_047997	0.0	0.0	0.0	1831
NC_015264	942165	942165-1	40973	Pseudomonas phage phiIBB-PF7A	dsDNA	294	Pseudomonas fluorescens	Autographiviridae	Pseudomonadota	Prokaryote	NC_015264	0.0	0.0017	0.0	1832
NC_021062	1204538	1204538-1	40192	Pseudomonas phage Phi-S1	dsDNA	294	Pseudomonas fluorescens	Autographiviridae	Pseudomonadota	Prokaryote	NC_021062	0.0	0.0018	0.0	1833
NC_027292	1562076	1562076-1	39167	Pseudomonas phage Pf-10	dsDNA	286	Pseudomonas	Autographiviridae	Pseudomonadota	Prokaryote	NC_027292	0.0	0.0018	0.0	1834
NC_047922	2079287	2079287-1	40923	Pseudomonas phage Henninger	dsDNA	306	Pseudomonas sp.	Autographiviridae	Pseudomonadota	Prokaryote	NC_047922	0.0	0.0018	0.0	1835
NC_048200	1729933	1729933-1	40466	Pseudomonas phage shl2	dsDNA	286	Pseudomonas	Autographiviridae	Pseudomonadota	Prokaryote	NC_048200	0.0043	0.0018	0.0	1836
NC_028661	1755692	1755692-1	41149	Pseudomonas phage PPPL-1	dsDNA	103796	Pseudomonas syringae pv. actinidiae	Autographiviridae	Pseudomonadota	Prokaryote	NC_028661	0.0	0.0019	0.0	1837
NC_048201	1729936	1729936-1	40242	Pseudomonas phage 17A	dsDNA	286	Pseudomonas	Autographiviridae	Pseudomonadota	Prokaryote	NC_048201	0.0	0.0018	0.0	1838
NC_004665	197783	197783-1	37359	Pseudomonas phage gh-1	dsDNA	303	Pseudomonas putida	Autographiviridae	Pseudomonadota	Prokaryote	NC_004665	0.0	0.0018	0.0	1839
NC_047826	2783803	2783803-1	40214	Pseudomonas phage WRT	dsDNA	136843	Pseudomonas fluorescens group	Autographiviridae	Pseudomonadota	Prokaryote	NC_047826	0.0	0.0030	0.0	1840
NC_047827	2783802	2783802-1	40491	Pseudomonas phage KNP	dsDNA	136843	Pseudomonas fluorescens group	Autographiviridae	Pseudomonadota	Prokaryote	NC_047827	0.0	0.0030	0.0	1841
NC_047874	2761363	2761363-1	39195	Pseudomonas phage Pf1 ERZ-2017	dsDNA	294	Pseudomonas fluorescens	Autographiviridae	Pseudomonadota	Prokaryote	NC_047874	0.0	0.0018	0.0	1842
NC_024362	1500756	1500756-1	40472	Pseudomonas phage phiPSA2	dsDNA	103796	Pseudomonas syringae pv. actinidiae	Autographiviridae	Pseudomonadota	Prokaryote	NC_024362	0.0	0.0018	0.0	1843
NC_047747	1629654	1629654-1	40525	Pseudomonas phage phiPsa17	dsDNA	1104681	Pseudomonas syringae pv. actinidiae ICMP 18800	Autographiviridae	Pseudomonadota	Prokaryote	NC_047747	0.0	0.0018	0.0	1844
NC_047954	2163985	2163985-1	46644	Pseudomonas phage Njord	dsDNA	663959	Pseudomonas syringae pv. avii	Autographiviridae	Pseudomonadota	Prokaryote	NC_047954	0.0	0.0	0.0	1845
NC_047956	2163982	2163982-1	46585	Pseudomonas phage Achelous	dsDNA	663959	Pseudomonas syringae pv. avii	Autographiviridae	Pseudomonadota	Prokaryote	NC_047956	0.0	0.0	0.0	1846
NC_047955	2163984	2163984-1	45779	Pseudomonas phage Nerthus	dsDNA	663959	Pseudomonas syringae pv. avii	Autographiviridae	Pseudomonadota	Prokaryote	NC_047955	0.0	0.0	0.0	1847
NC_047957	2163983	2163983-1	45756	Pseudomonas phage Alpheus	dsDNA	663959	Pseudomonas syringae pv. avii	Autographiviridae	Pseudomonadota	Prokaryote	NC_047957	0.0	0.0	0.0	1848
NC_030923	1777063	1777063-1	45417	Pseudomonas phage YMC11/06/C171_PPU_BP	dsDNA	303	Pseudomonas putida	Autographiviridae	Pseudomonadota	Prokaryote	NC_030923	0.0	0.0	0.0	1849
NC_028870	1610835	1610835-1	43595	Klebsiella phage vB_KpnP_SU552A	dsDNA	573	Klebsiella pneumoniae	Autographiviridae	Pseudomonadota	Prokaryote	NC_028870	0.0	0.0	0.0	1850
NC_022917	1402875	1402875-1	44578	Ralstonia phage RSB3	dsDNA	305	Ralstonia solanacearum	Autographiviridae	Pseudomonadota	Prokaryote	NC_022917	0.0042	0.0	0.0	1851
NC_047800	2783867	2783867-1	44793	Ralstonia phage phiAp1	dsDNA	305	Ralstonia solanacearum	Autographiviridae	Pseudomonadota	Prokaryote	NC_047800	0.0	0.0038	0.0	1852
NC_013638	693582	693582-1	43144	Pseudomonas phage phi-2	dsDNA	216595	Pseudomonas fluorescens SBW25	Autographiviridae	Pseudomonadota	Prokaryote	NC_013638	0.0	0.0	0.0	1853
NC_009936	386793	386793-1	41593	Pseudomonas phage LKA1	dsDNA	208964	Pseudomonas aeruginosa PAO1	Autographiviridae	Pseudomonadota	Prokaryote	NC_009936	0.0	0.0	0.0	1854
NC_009935	386792	386792-1	43200	Pseudomonas phage LKD16	dsDNA	287	Pseudomonas aeruginosa	Autographiviridae	Pseudomonadota	Prokaryote	NC_009935	0.0	0.0	0.0	1855
NC_012418	627480	627480-1	43152	Pseudomonas phage phikF77	dsDNA	287	Pseudomonas aeruginosa	Autographiviridae	Pseudomonadota	Prokaryote	NC_012418	0.0	0.0039	0.0	1856
NC_026602	1548902	1548902-1	43639	Pseudomonas phage vB_PaeP_PAO1_Ab05	dsDNA	287	Pseudomonas aeruginosa	Autographiviridae	Pseudomonadota	Prokaryote	NC_026602	0.0	0.0	0.0	1857
NC_047953	2161784	2161784-1	44205	Pseudomonas phage vB_PaeP_130_113	dsDNA	287	Pseudomonas aeruginosa	Autographiviridae	Pseudomonadota	Prokaryote	NC_047953	0.0	0.0	0.0047	1858
NC_027375	1527525	1527525-1	43227	Pseudomonas phage vB_PaeP_PPA-ABTNL	dsDNA	287	Pseudomonas aeruginosa	Autographiviridae	Pseudomonadota	Prokaryote	NC_027375	0.0	0.0	0.0046	1859
NC_022091	1225790	1225790-1	42874	Pseudomonas phage MPK7	dsDNA	208964	Pseudomonas aeruginosa PAO1	Autographiviridae	Pseudomonadota	Prokaryote	NC_022091	0.0	0.0	0.0	1860
NC_010326	484896	484896-1	43548	Pseudomonas phage LUZ19	dsDNA	208964	Pseudomonas aeruginosa PAO1	Autographiviridae	Pseudomonadota	Prokaryote	NC_010326	0.0	0.0	0.0	1861
NC_028836	1640972	1640972-1	42508	Pseudomonas phage DL62	dsDNA	208964	Pseudomonas aeruginosa PAO1	Autographiviridae	Pseudomonadota	Prokaryote	NC_028836	0.0	0.0	0.0	1862
NC_048168	2483418	2483418-1	43446	Pseudomonas phage RLP	dsDNA	287	Pseudomonas aeruginosa	Autographiviridae	Pseudomonadota	Prokaryote	NC_048168	0.0	0.0	0.0	1863
NC_047952	1962679	1962679-1	43337	Pseudomonas phage PAXYB1	dsDNA	208964	Pseudomonas aeruginosa PAO1	Autographiviridae	Pseudomonadota	Prokaryote	NC_047952	0.0032	0.0	0.0	1864
NC_022746	1262514	1262514-1	42957	Pseudomonas phage MPK6	dsDNA	287	Pseudomonas aeruginosa	Autographiviridae	Pseudomonadota	Prokaryote	NC_022746	0.0	0.0	0.0	1865
NC_011105	476523	476523-1	42954	Pseudomonas phage PT5	dsDNA	287	Pseudomonas aeruginosa	Autographiviridae	Pseudomonadota	Prokaryote	NC_011105	0.0	0.0	0.0	1866
NC_047967	1548908	1548908-1	42750	Pseudomonas phage vB_PaeP_PAO1_1-15pyo	dsDNA	287	Pseudomonas aeruginosa	Autographiviridae	Pseudomonadota	Prokaryote	NC_047967	0.0	0.0	0.0	1867
NC_017865	1141525	1141525-1	42966	Pseudomonas phage vB_Pae-TbilisiM32	dsDNA	287	Pseudomonas aeruginosa	Autographiviridae	Pseudomonadota	Prokaryote	NC_017865	0.0	0.0	0.0	1868
NC_011107	496396	496396-1	42961	Pseudomonas phage PT2	dsDNA	287	Pseudomonas aeruginosa	Autographiviridae	Pseudomonadota	Prokaryote	NC_011107	0.0	0.0	0.0	1869
KC969441	1327768	1327768-1	42519	Pseudomonas phage MBL	dsDNA	287	Pseudomonas aeruginosa	Autographiviridae	Pseudomonadota	Prokaryote	KC969441	0.0	0.0	0.0	1870
NC_047852	1815956	1815956-1	42351	Pseudomonas phage phiNFS	dsDNA	287	Pseudomonas aeruginosa	Autographiviridae	Pseudomonadota	Prokaryote	NC_047852	0.0	0.0	0.0	1871
NC_005045	204270	204270-1	42519	Pseudomonas phage phiKMV	dsDNA	287	Pseudomonas aeruginosa	Autographiviridae	Pseudomonadota	Prokaryote	NC_005045	0.0	0.0	0.0	1872
NC_012742	538979	538979-1	44080	Xanthomonas phage phiL7	dsDNA	340	Xanthomonas campestris pv. campestris	-	Pseudomonadota	Prokaryote	NC_012742	0.0	0.0	0.0083	1873
NC_019933	2994055	2994055-1	43870	Xanthomonas phage CP1	dsDNA	346	Xanthomonas citri	-	Pseudomonadota	Prokaryote	NC_019933	0.0	0.0	0.0080	1874
NC_007709	2994040	2994040-1	43785	Xanthomonas phage OP1	dsDNA	346	Xanthomonas citri	-	Pseudomonadota	Prokaryote	NC_007709	0.0	0.0	0.0053	1875
NC_004902	2907956	2907956-1	44373	Xanthomonas phage Xp10	dsDNA	347	Xanthomonas oryzae	-	Pseudomonadota	Prokaryote	NC_004902	0.0	0.0	0.0066	1876
NC_009543	2913975	2913975-1	44520	Xanthomonas phage Xop411	dsDNA	347	Xanthomonas oryzae	-	Pseudomonadota	Prokaryote	NC_009543	0.0	0.0	0.0053	1877
NC_047834	2928692	2928692-1	47631	Alteromonas phage vB_AspP-H4/4	dsDNA	232	Alteromonas sp.	Autographiviridae	Pseudomonadota	Prokaryote	NC_047834	0.0	0.0	0.0	1878
NC_047845	2024261	2024261-1	45423	Agrobacterium phage Atu_ph02	dsDNA	358	Agrobacterium tumefaciens	Autographiviridae	Pseudomonadota	Prokaryote	NC_047845	0.0	0.0	0.0	1879
NC_048133	2420320	2420320-1	30791	Aeromonas phage ZPAH7	dsDNA	644	Aeromonas hydrophila	Autographiviridae	Pseudomonadota	Prokaryote	NC_048133	0.0	0.0	0.0	1880
NC_019528	1141132	1141132-1	41572	Aeromonas phage phiAS7	dsDNA	29491	Aeromonas salmonicida subsp. salmonicida	Autographiviridae	Pseudomonadota	Prokaryote	NC_019528	0.0	0.0	0.0	1881
NC_047865	2507411	2507411-1	42439	Aeromonas phage CF7	dsDNA	196023	Aeromonas hydrophila subsp. hydrophila	Autographiviridae	Pseudomonadota	Prokaryote	NC_047865	0.0	0.0012	0.0	1882
NC_047866	1747286	1747286-1	42167	Aeromonas phage Ahp1	dsDNA	644	Aeromonas hydrophila	Autographiviridae	Pseudomonadota	Prokaryote	NC_047866	0.0	0.0	0.0	1883
NC_041885	1852562	1852562-1	40556	Pseudomonas phage VSW-3	dsDNA	286	Pseudomonas	Autographiviridae	Pseudomonadota	Prokaryote	NC_041885	0.0	0.0	0.0	1884
NC_042104	2079290	2079290-1	41651	Pseudomonas phage PollyC	dsDNA	306	Pseudomonas sp.	Autographiviridae	Pseudomonadota	Prokaryote	NC_042104	0.0	0.0	0.0	1885
NC_016764	1100790	1100790-1	40058	Pseudomonas phage Bf7	dsDNA	29442	Pseudomonas tolaasii	Autographiviridae	Pseudomonadota	Prokaryote	NC_016764	0.0033	0.0	0.0	1886
NC_031014	1873949	1873949-1	40008	Pseudomonas phage Andromeda	dsDNA	317	Pseudomonas syringae	Autographiviridae	Pseudomonadota	Prokaryote	NC_031014	0.0	0.0	0.0	1887
NC_022982	1415145	1415145-1	43869	Xylella phage Paz	dsDNA	2371	Xylella fastidiosa	Autographiviridae	Pseudomonadota	Prokaryote	NC_022982	0.0	0.0	0.0	1888
NC_022987	1415146	1415146-1	43940	Xylella phage Prado	dsDNA	2371	Xylella fastidiosa	Autographiviridae	Pseudomonadota	Prokaryote	NC_022987	0.0097	0.0051	0.0035	1889
NC_047762	1775250	1775250-1	44862	Xanthomonas phage XAJ24	dsDNA	195709	Xanthomonas arboricola pv. juglandis	Autographiviridae	Pseudomonadota	Prokaryote	NC_047762	0.0	0.0	0.0	1890
NC_047840	2024237	2024237-1	44597	Xanthomonas phage phi Xc10	dsDNA	339	Xanthomonas campestris	Autographiviridae	Pseudomonadota	Prokaryote	NC_047840	0.0087	0.0064	0.0070	1891
NC_030937	1784981	1784981-1	44262	Xanthomonas phage f30-Xaj	dsDNA	195709	Xanthomonas arboricola pv. juglandis	Autographiviridae	Pseudomonadota	Prokaryote	NC_030937	0.0075	0.0	0.0	1892
NC_030928	1784979	1784979-1	43851	Xanthomonas phage f20-Xaj	dsDNA	195709	Xanthomonas arboricola pv. juglandis	Autographiviridae	Pseudomonadota	Prokaryote	NC_030928	0.0	0.0	0.0040	1893
NC_041912	1927013	1927013-1	40551	Aquamicrobium phage P14	dsDNA	1224	-	Autographiviridae	-	Prokaryote	NC_041912	0.0	0.0	0.0	1894
NC_048029	2282912	2282912-1	43077	Sphingomonas phage Scott	dsDNA	13689	Sphingomonas paucimobilis	Autographiviridae	Pseudomonadota	Prokaryote	NC_048029	0.0043	0.0	0.0	1895
NC_029092	1701809	1701809-1	44974	Caulobacter phage Percy	dsDNA	155892	Caulobacter vibrioides	Autographiviridae	Pseudomonadota	Prokaryote	NC_029092	0.0042	0.0	0.0	1896
NC_022916	1401297	1401297-1	41604	Burkholderia phage JG068	dsDNA	95486	Burkholderia cenocepacia	Autographiviridae	Pseudomonadota	Prokaryote	NC_022916	0.0	0.0	0.0	1897
NC_029007	1538364	1538364-1	43745	Ralstonia phage RSJ5	dsDNA	305	Ralstonia solanacearum	Autographiviridae	Pseudomonadota	Prokaryote	NC_029007	0.0034	0.0	0.0023	1898
NC_028988	1481785	1481785-1	44360	Ralstonia phage RSJ2	dsDNA	305	Ralstonia solanacearum	Autographiviridae	Pseudomonadota	Prokaryote	NC_028988	0.0	0.0	0.0	1899
NC_047930	2060091	2060091-1	41135	Ralstonia phage RsoP1IDN	dsDNA	305	Ralstonia solanacearum	Autographiviridae	Pseudomonadota	Prokaryote	NC_047930	0.0	0.0	0.0078	1900
NC_011201	551790	551790-1	43079	Ralstonia phage RSB1	dsDNA	305	Ralstonia solanacearum	Autographiviridae	Pseudomonadota	Prokaryote	NC_011201	0.0066	0.0	0.0	1901
NC_047804	1932892	1932892-1	42042	Ralstonia phage RS-PII-1	dsDNA	305	Ralstonia solanacearum	Autographiviridae	Pseudomonadota	Prokaryote	NC_047804	0.0076	0.0036	0.0039	1902
NC_054891	2759719	2759719-1	43597	Ralstonia phage Anchaing	dsDNA	1310165	Ralstonia pseudosolanacearum	Autographiviridae	Pseudomonadota	Prokaryote	NC_054891	0.0046	0.0040	0.0085	1903
NC_047816	1958965	1958965-1	43211	Ralstonia phage RS-PI-1	dsDNA	305	Ralstonia solanacearum	Autographiviridae	Pseudomonadota	Prokaryote	NC_047816	0.0044	0.0	0.0038	1904
HG796219	1437328	1437328-1	42492	Burkholderia phage Bp-AMP2	dsDNA	272560	Burkholderia pseudomallei K96243	Autographiviridae	Pseudomonadota	Prokaryote	HG796219	0.0073	0.0	0.0024	1905
HG796220	1673729	1673729-1	41882	Burkholderia phage Bp-AMP3	dsDNA	272560	Burkholderia pseudomallei K96243	Autographiviridae	Pseudomonadota	Prokaryote	HG796220	0.0073	0.0	0.0021	1906
HG796221	1437329	1437329-1	42112	Burkholderia phage Bp-AMP4	dsDNA	272560	Burkholderia pseudomallei K96243	Autographiviridae	Pseudomonadota	Prokaryote	HG796221	0.0071	0.0	0.0024	1907
NC_047743	1432428	1432428-1	42409	Burkholderia phage Bp-AMP1	dsDNA	28450	Burkholderia pseudomallei	Autographiviridae	Pseudomonadota	Prokaryote	NC_047743	0.0073	0.0	0.0024	1908
NC_042018	2026080	2026080-1	235108	Erwinia phage vB_EamM_RisingSun	dsDNA	552	Erwinia amylovora	-	Pseudomonadota	Prokaryote	NC_042018	0.0	0.0	0.0	1909
NC_061421	2801834	2801834-1	307210	Klebsiella phage vB_KpM_FBKp24	dsDNA	573	Klebsiella pneumoniae	-	Pseudomonadota	Prokaryote	NC_061421	0.0	0.0	0.0	1910
NC_061418	2698923	2698923-1	296707	Klebsiella phage KpLz-2_45	dsDNA	573	Klebsiella pneumoniae	-	Pseudomonadota	Prokaryote	NC_061418	0.0	0.0	0.0	1911
NC_049850	2530032	2530032-1	263735	Burkholderia phage BcepSaruman	dsDNA	95486	Burkholderia cenocepacia	-	Pseudomonadota	Prokaryote	NC_049850	0.0032	0.0	0.0	1912
NC_048106	2053653	2053653-1	139069	Synechococcus phage S-CBWM1	dsDNA	1353134	Synechococcus sp. CBW1002	-	Cyanobacteriota	Prokaryote	NC_048106	0.0034	0.0	0.0	1913
NC_002515	2905920	2905920-1	11660	Mycoplasma phage P1	dsDNA	2107	Mycoplasmopsis pulmonis	-	Mycoplasmatota	Prokaryote	NC_002515	0.0	0.0	0.0	1914
NC_022096	1335230	1335230-1	258139	Pseudomonas phage PaBG	dsDNA	208964	Pseudomonas aeruginosa PAO1	-	Pseudomonadota	Prokaryote	NC_022096	0.0	0.0	0.0	1915
NC_017972	1161927	1161927-1	280538	Pseudomonas phage Lu11	dsDNA	303	Pseudomonas putida	-	Pseudomonadota	Prokaryote	NC_017972	0.0	0.0	0.0	1916
NC_055826	2664196	2664196-1	75087	Bacteriophage DSS3_VP1	dsDNA	246200	Ruegeria pomeroyi DSS-3	Naomviridae	Pseudomonadota	Prokaryote	NC_055826	0.0	0.0	0.0	1917
NC_071039	2163605	2163605-1	286783	Pseudomonas phage vB_PaeM_PA5oct	dsDNA	286	Pseudomonas	-	Pseudomonadota	Prokaryote	NC_071039	0.0	0.0	0.0	1918
NC_042013	2024264	2024264-1	490380	Agrobacterium phage Atu_ph07	dsDNA	358	Agrobacterium tumefaciens	-	Pseudomonadota	Prokaryote	NC_042013	0.0	0.0	0.0	1919
NC_031909	1541686	1541686-1	134927	Campylobacter phage PC14	dsDNA	197	Campylobacter jejuni	-	Campylobacterota	Prokaryote	NC_031909	0.0	0.0	0.0	1920
NC_015464	2885915	2885915-1	135041	Campylobacter phage NCTC12673	dsDNA	197	Campylobacter jejuni	-	Campylobacterota	Prokaryote	NC_015464	0.0	0.0	0.0	1921
NC_018861	1229752	1229752-1	133572	Campylobacter phage CP30A	dsDNA	32022	Campylobacter jejuni subsp. jejuni	-	Campylobacterota	Prokaryote	NC_018861	0.0	0.0	0.0	1922
NC_041896	1904491	1904491-1	134073	Campylobacter phage vB_CjeM_Los1	dsDNA	197	Campylobacter jejuni	-	Campylobacterota	Prokaryote	NC_041896	0.0	0.0	0.0	1923
NC_042112	2927008	2927008-1	132454	Campylobacter phage CP81	dsDNA	197	Campylobacter jejuni	-	Campylobacterota	Prokaryote	NC_042112	0.0	0.0	0.0	1924
NC_016562	2885911	2885911-1	132662	Campylobacter phage CPX	dsDNA	197	Campylobacter jejuni	-	Campylobacterota	Prokaryote	NC_016562	0.0	0.0	0.0	1925
KF148616	1340809	1340809-1	132667	Campylobacter phage CP8	dsDNA	32022	Campylobacter jejuni subsp. jejuni	-	Campylobacterota	Prokaryote	KF148616	0.0	0.0	0.0	1926
NC_070883	2509787	2509787-1	152762	Rhizobium phage RHph_Y68	dsDNA	379	Rhizobium	-	Pseudomonadota	Prokaryote	NC_070883	0.0	0.0	0.0	1927
NC_070884	2509586	2509586-1	153811	Rhizobium phage RHph_N34	dsDNA	29449	Rhizobium etli	-	Pseudomonadota	Prokaryote	NC_070884	0.0	0.0	0.0	1928
NC_070885	2509729	2509729-1	154206	Rhizobium phage RHph_I1_9	dsDNA	379	Rhizobium	-	Pseudomonadota	Prokaryote	NC_070885	0.0	0.0	0.0	1929
NC_070888	2663232	2663232-1	158577	Rhizobium phage RL38J1	dsDNA	384	Rhizobium leguminosarum	-	Pseudomonadota	Prokaryote	NC_070888	0.0	0.0	0.0	1930
NC_070889	103371	103371-1	156878	Rhizobium phage RL2RES	dsDNA	384	Rhizobium leguminosarum	-	Pseudomonadota	Prokaryote	NC_070889	0.0	0.0	0.0	1931
NC_070886	2763531	2763531-1	156502	Rhizobium phage P9VFCI	dsDNA	379	Rhizobium	-	Pseudomonadota	Prokaryote	NC_070886	0.0	0.0	0.0	1932
NC_025429	1527770	1527770-1	156446	Rhizobium phage vB_RleM_P10VF	dsDNA	384	Rhizobium leguminosarum	-	Pseudomonadota	Prokaryote	NC_025429	0.0	0.0	0.0	1933
NC_070887	2763529	2763529-1	156186	Rhizobium phage AF3	dsDNA	379	Rhizobium	-	Pseudomonadota	Prokaryote	NC_070887	0.0	0.0	0.0	1934
NC_070776	2863193	2863193-1	174783	Kosakonia phage 305	dsDNA	208223	Kosakonia cowanii	Straboviridae	Pseudomonadota	Prokaryote	NC_070776	0.0	0.0	0.0	1935
NC_028925	1567028	1567028-1	170822	Escherichia phage vB_EcoM_VR25	dsDNA	562	Escherichia coli	Straboviridae	Pseudomonadota	Prokaryote	NC_028925	0.0	0.0	0.0	1936
NC_031927	1883368	1883368-1	216121	Synechococcus phage S-CAM7	dsDNA	1131	Synechococcus sp.	Kyanoviridae	Cyanobacteriota	Prokaryote	NC_031927	0.0	0.0	0.0	1937
HQ632825	536454	536454-1	252013	Prochlorococcus phage P-SSM5	dsDNA	84588	Parasynechococcus marenigrum WH 8102	Kyanoviridae	Cyanobacteriota	Prokaryote	HQ632825	0.0	0.0	0.0	1938
NC_006883	268746	268746-1	252401	Prochlorococcus phage P-SSM2	dsDNA	167555	Prochlorococcus marinus str. NATL1A	Kyanoviridae	Cyanobacteriota	Prokaryote	NC_006883	0.0	0.0	0.0	1939
NC_041997	2010329	2010329-1	156281	Acidovorax phage ACP17	dsDNA	80869	Paracidovorax citrulli	-	Pseudomonadota	Prokaryote	NC_041997	0.0023	0.0062	0.0	1940
NC_041881	1815630	1815630-1	158136	Pseudomonas phage pf16	dsDNA	303	Pseudomonas putida	-	Pseudomonadota	Prokaryote	NC_041881	0.0	0.0	0.0	1941
NC_013697	665032	665032-1	157486	Delftia phage PhiW-14	dsDNA	80866	Delftia acidovorans	-	Pseudomonadota	Prokaryote	NC_013697	0.0086	0.0	0.0	1942
NC_047901	2054273	2054273-1	157281	Klebsiella phage Menlow	dsDNA	573	Klebsiella pneumoniae	Ackermannviridae	Pseudomonadota	Prokaryote	NC_047901	0.0	0.0	0.0	1943
NC_049462	2589660	2589660-1	157741	Klebsiella phage Magnus	dsDNA	573	Klebsiella pneumoniae	Ackermannviridae	Pseudomonadota	Prokaryote	NC_049462	0.0	0.0	0.0	1944
KF005318	1300006	1300006-1	101724	Alteromonas phage vB_AmaP_AD45-P3	dsDNA	226	-	Schitoviridae	-	Prokaryote	KF005318	0.0	0.0	0.0	1945
KF005319	1300007	1300007-1	100619	Alteromonas phage vB_AmaP_AD45-P4	dsDNA	226	-	Schitoviridae	-	Prokaryote	KF005319	0.0	0.0	0.0	1946
KF005320	1300005	1300005-1	104036	Alteromonas phage vB_AmaP_AD45-P2	dsDNA	226	-	Schitoviridae	-	Prokaryote	KF005320	0.0	0.0	0.0	1947
NC_021532	1300004	1300004-1	103910	Alteromonas phage vB_AmaP_AD45-P1	dsDNA	226	-	Schitoviridae	-	Prokaryote	NC_021532	0.0	0.0	0.0	1948
NC_055840	2723769	2723769-1	75576	Agrobacterium phage OLIVR1	dsDNA	1183400	Agrobacterium tumefaciens complex	Schitoviridae	Pseudomonadota	Prokaryote	NC_055840	0.0	0.0037	0.0	1949
NC_070854	2509576	2509576-1	78314	Rhizobium phage RHph_Y2_6	dsDNA	29449	Rhizobium etli	Schitoviridae	Pseudomonadota	Prokaryote	NC_070854	0.0	0.0	0.0	1950
NC_070856	2836132	2836132-1	77178	Rhizobium phage RHEph16	dsDNA	29449	Rhizobium etli	Schitoviridae	Pseudomonadota	Prokaryote	NC_070856	0.0	0.0	0.0	1951
NC_027348	1563661	1563661-1	73882	Delftia phage RG-2014	dsDNA	180282	Delftia tsuruhatensis	Schitoviridae	Pseudomonadota	Prokaryote	NC_027348	0.0	0.0	0.0	1952
NC_048703	2108116	2108116-1	76335	Xanthomonas phage RiverRider	dsDNA	48664	Xanthomonas fragariae	Schitoviridae	Pseudomonadota	Prokaryote	NC_048703	0.0	0.0	0.0	1953
NC_049463	2596674	2596674-1	76239	Stenotrophomonas phage Pokken	dsDNA	40324	Stenotrophomonas maltophilia	Schitoviridae	Pseudomonadota	Prokaryote	NC_049463	0.0	0.0	0.0	1954
NC_070868	2859656	2859656-1	76332	Stenotrophomonas phage Piffle	dsDNA	40324	Stenotrophomonas maltophilia	Schitoviridae	Pseudomonadota	Prokaryote	NC_070868	0.0	0.0	0.0	1955
NC_070867	2859653	2859653-1	74962	Stenotrophomonas phage Paxi	dsDNA	40324	Stenotrophomonas maltophilia	Schitoviridae	Pseudomonadota	Prokaryote	NC_070867	0.0	0.0	0.0	1956
NC_070869	2750853	2750853-1	72896	Escherichia phage vB_EcoP_SP5M	dsDNA	562	Escherichia coli	Schitoviridae	Pseudomonadota	Prokaryote	NC_070869	0.0	0.0	0.0	1957
NC_054970	2048976	2048976-1	70211	Pseudomonas phage inbricus	dsDNA	663959	Pseudomonas syringae pv. avii	Schitoviridae	Pseudomonadota	Prokaryote	NC_054970	0.0	0.0	0.0	1958
NC_054969	2591048	2591048-1	74744	Achromobacter phage vB_AxyP_19-32_Axy24	dsDNA	85698	Achromobacter xylosoxidans	Schitoviridae	Pseudomonadota	Prokaryote	NC_054969	0.0	0.0	0.0	1959
NC_023556	1416009	1416009-1	72329	Achromobacter phage JWAlpha	dsDNA	85698	Achromobacter xylosoxidans	Schitoviridae	Pseudomonadota	Prokaryote	NC_023556	0.0	0.0	0.0	1960
NC_049379	1913109	1913109-1	78145	Vibrio phage vB_VspP_pVa5	dsDNA	29497	Vibrio splendidus	Schitoviridae	Pseudomonadota	Prokaryote	NC_049379	0.0	0.0	0.0	1961
NC_049431	1881383	1881383-1	76918	Vibrio phage 1.097.O._10N.286.49.B3	dsDNA	678	Vibrio sp.	Schitoviridae	Pseudomonadota	Prokaryote	NC_049431	0.0	0.0	0.0	1962
NC_049430	1881421	1881421-1	75880	Vibrio phage 1.026.O._10N.222.49.C7	dsDNA	29497	Vibrio splendidus	Schitoviridae	Pseudomonadota	Prokaryote	NC_049430	0.0	0.0	0.0	1963
NC_020849	754052	754052-1	76802	Pseudoalteromonas phage pYD6-A	dsDNA	728062	Pseudoalteromonas sp. YD6	Schitoviridae	Pseudomonadota	Prokaryote	NC_020849	0.0	0.0	0.0	1964
NC_020848	754073	754073-1	76705	Vibrio phage VBP47	dsDNA	223926	Vibrio parahaemolyticus RIMD 2210633	Schitoviridae	Pseudomonadota	Prokaryote	NC_020848	0.0	0.0	0.0	1965
NC_020868	754072	754072-1	76718	Vibrio phage VBP32	dsDNA	223926	Vibrio parahaemolyticus RIMD 2210633	Schitoviridae	Pseudomonadota	Prokaryote	NC_020868	0.0	0.0	0.0	1966
NC_023581	1406780	1406780-1	77792	Acinetobacter phage Presley	dsDNA	470	Acinetobacter baumannii	Schitoviridae	Pseudomonadota	Prokaryote	NC_023581	0.0	0.0	0.0	1967
NC_068555	2801837	2801837-1	76339	Klebsiella phage vB_KpP_FBKp27	dsDNA	573	Klebsiella pneumoniae	Schitoviridae	Pseudomonadota	Prokaryote	NC_068555	0.0	0.0	0.0	1968
NC_055919	2806547	2806547-1	76617	Klebsiella phage vB_KpnP_P184	dsDNA	573	Klebsiella pneumoniae	Schitoviridae	Pseudomonadota	Prokaryote	NC_055919	0.0	0.0	0.0	1969
NC_070863	2873372	2873372-1	73001	Pseudomonas phage vB_PaeP_TUMS_P121	dsDNA	287	Pseudomonas aeruginosa	Schitoviridae	Pseudomonadota	Prokaryote	NC_070863	0.0	0.0	0.0	1970
NC_031104	1639814	1639814-1	72979	Pseudomonas phage vB_PaeP_MAG4	dsDNA	287	Pseudomonas aeruginosa	Schitoviridae	Pseudomonadota	Prokaryote	NC_031104	0.0	0.0	0.0	1971
KM411958	1541890	1541890-1	72646	Pseudomonas phage RWG	dsDNA	208964	Pseudomonas aeruginosa PAO1	Schitoviridae	Pseudomonadota	Prokaryote	KM411958	0.0	0.0	0.0	1972
NC_031063	1837850	1837850-1	72697	Pseudomonas phage PEV2	dsDNA	287	Pseudomonas aeruginosa	Schitoviridae	Pseudomonadota	Prokaryote	NC_031063	0.0	0.0	0.0	1973
NC_042307	2886919	2886919-1	104373	Escherichia phage H8	dsDNA	562	Escherichia coli	Demerecviridae	Pseudomonadota	Prokaryote	NC_042307	0.0	0.0	0.0	1974
NC_048151	2484249	2484249-1	113760	Vibrio phage VspSw_1	dsDNA	678	Vibrio sp.	Demerecviridae	Pseudomonadota	Prokaryote	NC_048151	0.0	0.0	0.0	1975
NC_048041	2301664	2301664-1	112106	Vibrio phage vB_VpS_PG07	dsDNA	670	Vibrio parahaemolyticus	Demerecviridae	Pseudomonadota	Prokaryote	NC_048041	0.0	0.0	0.0	1976
NC_028895	1589298	1589298-1	116138	Vibrio phage phi 3	dsDNA	666	Vibrio cholerae	Demerecviridae	Pseudomonadota	Prokaryote	NC_028895	0.0	0.0	0.0	1977
NC_047882	1983595	1983595-1	111671	Vibrio phage JSF12	dsDNA	127906	Vibrio cholerae O1	Demerecviridae	Pseudomonadota	Prokaryote	NC_047882	0.0	0.0	0.0	1978
NC_042074	1983593	1983593-1	111671	Vibrio phage JSF10	dsDNA	45888	Vibrio cholerae O139	Demerecviridae	Pseudomonadota	Prokaryote	NC_042074	0.0	0.0	0.0	1979
NC_019529	1150989	1150989-1	111506	Vibrio phage pVp-1	dsDNA	670	Vibrio parahaemolyticus	Demerecviridae	Pseudomonadota	Prokaryote	NC_019529	0.0	0.0	0.0	1980
NC_042094	2570300	2570300-1	128241	Vibrio phage Ceto	dsDNA	669	Vibrio harveyi	Demerecviridae	Pseudomonadota	Prokaryote	NC_042094	0.0	0.0	0.0	1981
NC_042095	2570301	2570301-1	128602	Vibrio phage Thalassa	dsDNA	669	Vibrio harveyi	Demerecviridae	Pseudomonadota	Prokaryote	NC_042095	0.0	0.0	0.0	1982
NC_055847	2736288	2736288-1	128425	Vibrio phage River4	dsDNA	669	Vibrio harveyi	Demerecviridae	Pseudomonadota	Prokaryote	NC_055847	0.0	0.0	0.0	1983
NC_055801	2590874	2590874-1	128289	Vibrio phage Pontus	dsDNA	669	Vibrio harveyi	Demerecviridae	Pseudomonadota	Prokaryote	NC_055801	0.0	0.0	0.0	1984
NC_055848	2736261	2736261-1	126504	Vibrio phage AG74	dsDNA	669	Vibrio harveyi	Demerecviridae	Pseudomonadota	Prokaryote	NC_055848	0.0	0.0	0.0	1985
NC_055830	2712961	2712961-1	126550	Vibrio phage Chester	dsDNA	669	Vibrio harveyi	Demerecviridae	Pseudomonadota	Prokaryote	NC_055830	0.0	0.0	0.0	1986
NC_055850	2736265	2736265-1	127684	Vibrio phage Quinn	dsDNA	669	Vibrio harveyi	Demerecviridae	Pseudomonadota	Prokaryote	NC_055850	0.0	0.0	0.0	1987
NC_055829	2735171	2735171-1	126552	Vibrio phage Bennett	dsDNA	669	Vibrio harveyi	Demerecviridae	Pseudomonadota	Prokaryote	NC_055829	0.0	0.0	0.0	1988
NC_055849	2736263	2736263-1	126683	Vibrio phage Cody	dsDNA	669	Vibrio harveyi	Demerecviridae	Pseudomonadota	Prokaryote	NC_055849	0.0	0.0	0.0	1989
NC_055851	2736262	2736262-1	127019	Vibrio phage Athena	dsDNA	669	Vibrio harveyi	Demerecviridae	Pseudomonadota	Prokaryote	NC_055851	0.0	0.0	0.0	1990
NC_055800	2590896	2590896-1	120106	Vibrio phage Brizo	dsDNA	2902295	Vibrio campbellii ATCC BAA-1116	Demerecviridae	Pseudomonadota	Prokaryote	NC_055800	0.0	0.0	0.0	1991
NC_055913	2801534	2801534-1	128602	Vibrio phage Gary	dsDNA	669	Vibrio harveyi	Demerecviridae	Pseudomonadota	Prokaryote	NC_055913	0.0	0.0	0.0	1992
NC_055794	2576872	2576872-1	121089	Vibrio phage Achelous	dsDNA	680	Vibrio campbellii	Demerecviridae	Pseudomonadota	Prokaryote	NC_055794	0.0	0.0	0.0	1993
NC_019540	1161935	1161935-1	49390	Salinivibrio phage CW02	dsDNA	51367	Salinivibrio costicola	Zobellviridae	Pseudomonadota	Prokaryote	NC_019540	0.0	0.0	0.0	1994
NC_007808	347327	347327-1	49639	Pseudomonas phage PA11	dsDNA	287	Pseudomonas aeruginosa	Zobellviridae	Pseudomonadota	Prokaryote	NC_007808	0.0	0.0	0.0	1995
NC_031274	1784982	1784982-1	50509	Pseudomonas phage O4	dsDNA	208964	Pseudomonas aeruginosa PAO1	Zobellviridae	Pseudomonadota	Prokaryote	NC_031274	0.0	0.0	0.0	1996
KJ936628	1524880	1524880-1	50431	Vibrio phage VPp1	dsDNA	670	Vibrio parahaemolyticus	-	Pseudomonadota	Prokaryote	KJ936628	0.0	0.0	0.0	1997
NC_048776	2591033	2591033-1	97988	Aeromonas phage LAh_9	dsDNA	644	Aeromonas hydrophila	-	Pseudomonadota	Prokaryote	NC_048776	0.0	0.0	0.0	1998
NC_048773	2588517	2588517-1	102915	Aeromonas phage 4_4572	dsDNA	196023	Aeromonas hydrophila subsp. hydrophila	-	Pseudomonadota	Prokaryote	NC_048773	0.0	0.0	0.0	1999
NC_048775	2591032	2591032-1	97408	Aeromonas phage LAh_8	dsDNA	644	Aeromonas hydrophila	-	Pseudomonadota	Prokaryote	NC_048775	0.0	0.0	0.0	2000
NC_048774	2591030	2591030-1	101390	Aeromonas phage LAh_6	dsDNA	644	Aeromonas hydrophila	-	Pseudomonadota	Prokaryote	NC_048774	0.0	0.0	0.0	2001
NC_079185	2978980	2978980-1	53793	Vibrio phage vB_VpaM_VPs20	dsDNA	670	Vibrio parahaemolyticus	Chaseviridae	Pseudomonadota	Prokaryote	NC_079185	0.0192	0.0	0.0	2002
NC_047824	1970795	1970795-1	54319	Shewanella phage SppYZU05	dsDNA	24	Shewanella putrefaciens	Chaseviridae	Pseudomonadota	Prokaryote	NC_047824	0.0139	0.0	0.0	2003
NC_023594	1445859	1445859-1	54791	Shewanella phage Spp001	dsDNA	24	Shewanella putrefaciens	Chaseviridae	Pseudomonadota	Prokaryote	NC_023594	0.0149	0.0	0.0	2004
NC_025459	1505227	1505227-1	53744	Aeromonas phage pAh6-C	dsDNA	644	Aeromonas hydrophila	Chaseviridae	Pseudomonadota	Prokaryote	NC_025459	0.0203	0.0	0.0	2005
NC_079186	2911664	2911664-1	53372	Aeromonas phage BUCT696	dsDNA	654	Aeromonas veronii	Chaseviridae	Pseudomonadota	Prokaryote	NC_079186	0.0185	0.0	0.0	2006
NC_070840	2924887	2924887-1	57429	Aeromonas phage ZPAH14	dsDNA	644	Aeromonas hydrophila	Chaseviridae	Pseudomonadota	Prokaryote	NC_070840	0.0200	0.0	0.0	2007
NC_079188	2822864	2822864-1	50725	Aeromonas phage PVN03	dsDNA	644	Aeromonas hydrophila	Chaseviridae	Pseudomonadota	Prokaryote	NC_079188	0.0178	0.0	0.0	2008
NC_079187	2849625	2849625-1	51780	Aeromonas phage pAh6.2TG	dsDNA	644	Aeromonas hydrophila	Chaseviridae	Pseudomonadota	Prokaryote	NC_079187	0.0167	0.0	0.0	2009
NC_048803	2650874	2650874-1	53392	Proteus phage Myduc	dsDNA	584	Proteus mirabilis	Chaseviridae	Pseudomonadota	Prokaryote	NC_048803	0.0155	0.0	0.0	2010
NC_079174	2876597	2876597-1	53559	Erwinia phage Fifi44	dsDNA	552	Erwinia amylovora	Chaseviridae	Pseudomonadota	Prokaryote	NC_079174	0.0161	0.0	0.0	2011
NC_048875	2721760	2721760-1	54982	Pantoea phage vB_PagM_SSEM1	dsDNA	549	Pantoea agglomerans	Chaseviridae	Pseudomonadota	Prokaryote	NC_048875	0.0178	0.0	0.0	2012
NC_019504	1051676	1051676-1	56621	Erwinia phage vB_EamM-Y2	dsDNA	552	Erwinia amylovora	Chaseviridae	Pseudomonadota	Prokaryote	NC_019504	0.0171	0.0	0.0	2013
NC_047791	1916414	1916414-1	53333	Pectobacterium phage PP101	dsDNA	555	Pectobacterium carotovorum subsp. carotovorum	Chaseviridae	Pseudomonadota	Prokaryote	NC_047791	0.0139	0.0	0.0	2014
NC_023865	1399915	1399915-1	55098	Pectobacterium phage PM1	dsDNA	555	Pectobacterium carotovorum subsp. carotovorum	Chaseviridae	Pseudomonadota	Prokaryote	NC_023865	0.0139	0.0	0.0	2015
NC_047978	2182346	2182346-1	54065	Erwinia phage Faunus	dsDNA	552	Erwinia amylovora	Chaseviridae	Pseudomonadota	Prokaryote	NC_047978	0.0144	0.0	0.0	2016
NC_049466	2601675	2601675-1	52401	Escherichia phage vB_EcoM_4HA13	dsDNA	562	Escherichia coli	Chaseviridae	Pseudomonadota	Prokaryote	NC_049466	0.0175	0.0	0.0	2017
NC_079175	2961702	2961702-1	53040	Escherichia phage PO103-1	dsDNA	562	Escherichia coli	Chaseviridae	Pseudomonadota	Prokaryote	NC_079175	0.0138	0.0	0.0	2018
NC_079176	2875839	2875839-1	51940	Escherichia phage MLP1	dsDNA	199310	Escherichia coli CFT073	Chaseviridae	Pseudomonadota	Prokaryote	NC_079176	0.0168	0.0	0.0	2019
NC_079177	2801357	2801357-1	52854	Yersinia phage PYps3T	dsDNA	633	Yersinia pseudotuberculosis	Chaseviridae	Pseudomonadota	Prokaryote	NC_079177	0.0150	0.0	0.0	2020
NC_079178	2801356	2801356-1	54869	Yersinia phage PYps23T	dsDNA	633	Yersinia pseudotuberculosis	Chaseviridae	Pseudomonadota	Prokaryote	NC_079178	0.0163	0.0	0.0	2021
NC_079179	2801354	2801354-1	52376	Yersinia phage PYps16N	dsDNA	633	Yersinia pseudotuberculosis	Chaseviridae	Pseudomonadota	Prokaryote	NC_079179	0.0150	0.0	0.0	2022
NC_079180	2910155	2910155-1	51548	Escherichia phage SKA49	dsDNA	562	Escherichia coli	Chaseviridae	Pseudomonadota	Prokaryote	NC_079180	0.0151	0.0	0.0	2023
NC_048799	2589658	2589658-1	52329	Escherichia phage Mangalitsa	dsDNA	562	Escherichia coli	Chaseviridae	Pseudomonadota	Prokaryote	NC_048799	0.0178	0.0	0.0	2024
NC_010106	451705	451705-1	52975	Escherichia phage phiEcoM-GJ1	dsDNA	562	Escherichia coli	Chaseviridae	Pseudomonadota	Prokaryote	NC_010106	0.0147	0.0	0.0	2025
NC_047830	2005048	2005048-1	53092	Escherichia phage ST32	dsDNA	2802026	Escherichia coli H21	Chaseviridae	Pseudomonadota	Prokaryote	NC_047830	0.0148	0.0	0.0	2026
NC_079181	2593331	2593331-1	52615	Escherichia phage vB_EcoP_Bp7	dsDNA	562	Escherichia coli	Chaseviridae	Pseudomonadota	Prokaryote	NC_079181	0.0147	0.0	0.0	2027
NC_079182	2593324	2593324-1	52288	Escherichia phage vB_EcoM_Bp10	dsDNA	1884818	Escherichia sp.	Chaseviridae	Pseudomonadota	Prokaryote	NC_079182	0.0147	0.0	0.0	2028
NC_048845	2696397	2696397-1	52092	Escherichia phage flopper	dsDNA	83333	Escherichia coli K-12	Chaseviridae	Pseudomonadota	Prokaryote	NC_048845	0.0147	0.0	0.0	2029
NC_079183	2909742	2909742-1	53673	Escherichia phage vB_EcoM_SA91KD	dsDNA	1446604	Escherichia coli O156:H25	Chaseviridae	Pseudomonadota	Prokaryote	NC_079183	0.0132	0.0	0.0	2030
NC_079184	3003366	3003366-1	53998	Escherichia phage vB_EcoM_DE15	dsDNA	562	Escherichia coli	Chaseviridae	Pseudomonadota	Prokaryote	NC_079184	0.0132	0.0	0.0	2031
NC_031280	1605379	1605379-1	104906	Acinetobacter phage vB_AbaM_phiAbaA1	dsDNA	470	Acinetobacter baumannii	-	Pseudomonadota	Prokaryote	NC_031280	0.0054	0.0	0.0	2032
NC_025462	1481186	1481186-1	99730	Acinetobacter phage vB_AbaM_Acibel004	dsDNA	470	Acinetobacter baumannii	-	Pseudomonadota	Prokaryote	NC_025462	0.0042	0.0	0.0	2033
NC_048190	2565658	2565658-1	84608	Rheinheimera phage vB_RspM_Barba19A	dsDNA	1708203	Rheinheimera sp. BAL341	-	Pseudomonadota	Prokaryote	NC_048190	0.0011	0.0	0.0	2034
NC_048188	2849600	2849600-1	81920	Rheinheimera phage Barba8S	dsDNA	1708203	Rheinheimera sp. BAL341	-	Pseudomonadota	Prokaryote	NC_048188	0.0012	0.0	0.0	2035
NC_048191	2849598	2849598-1	80361	Rheinheimera phage Barba21A	dsDNA	1708203	Rheinheimera sp. BAL341	-	Pseudomonadota	Prokaryote	NC_048191	0.0012	0.0	0.0	2036
NC_048189	2565657	2565657-1	80342	Rheinheimera phage vB_RspM_Barba18A	dsDNA	1708203	Rheinheimera sp. BAL341	-	Pseudomonadota	Prokaryote	NC_048189	0.0012	0.0	0.0	2037
NC_048187	2849599	2849599-1	82744	Rheinheimera phage Barba5S	dsDNA	1708203	Rheinheimera sp. BAL341	-	Pseudomonadota	Prokaryote	NC_048187	0.0011	0.0	0.0	2038
NC_041880	1815582	1815582-1	103218	Pseudomonas phage phiPMW	dsDNA	303	Pseudomonas putida	-	Pseudomonadota	Prokaryote	NC_041880	0.0	0.0	0.0	2039
NC_022966	1327964	1327964-1	88135	Pseudomonas phage PAK_P5	dsDNA	1009714	Pseudomonas aeruginosa PAK	-	Pseudomonadota	Prokaryote	NC_022966	0.0056	0.0	0.0	2040
NC_028882	1542092	1542092-1	84583	Pseudomonas phage vB_PaeM_PS24	dsDNA	287	Pseudomonas aeruginosa	-	Pseudomonadota	Prokaryote	NC_028882	0.0064	0.0	0.0	2041
NC_041968	1983539	1983539-1	87646	Pseudomonas phage vB_PaeM_G1	dsDNA	287	Pseudomonas aeruginosa	-	Pseudomonadota	Prokaryote	NC_041968	0.0075	0.0	0.0	2042
NC_015272	582345	582345-1	88322	Pseudomonas phage KPP10	dsDNA	287	Pseudomonas aeruginosa	-	Pseudomonadota	Prokaryote	NC_015272	0.0075	0.0	0.0	2043
LN610583	1548911	1548911-1	85783	Pseudomonas phage vB_PaeM_PAO1_Ab11	dsDNA	287	Pseudomonas aeruginosa	-	Pseudomonadota	Prokaryote	LN610583	0.0075	0.0046	0.0	2044
LN610576	1548904	1548904-1	83598	Pseudomonas phage vB_PaeM_PAO1_Ab17	dsDNA	287	Pseudomonas aeruginosa	-	Pseudomonadota	Prokaryote	LN610576	0.0074	0.0019	0.0	2045
LN610582	1548910	1548910-1	84759	Pseudomonas phage vB_PaeM_PAO1_Ab06	dsDNA	287	Pseudomonas aeruginosa	-	Pseudomonadota	Prokaryote	LN610582	0.0063	0.0019	0.0	2046
LN610581	1548909	1548909-1	86668	Pseudomonas phage vB_PaeM_PAO1_Ab04	dsDNA	287	Pseudomonas aeruginosa	-	Pseudomonadota	Prokaryote	LN610581	0.0063	0.0019	0.0	2047
NC_026587	1548901	1548901-1	86246	Pseudomonas phage vB_PaeM_PAO1_Ab03	dsDNA	287	Pseudomonas aeruginosa	-	Pseudomonadota	Prokaryote	NC_026587	0.0063	0.0019	0.0	2048
NC_025436	1458859	1458859-1	133824	Shewanella sp. phage 1/4	dsDNA	196818	-	-	-	Prokaryote	NC_025436	0.0019	0.0	0.0	2049
NC_021067	573173	573173-1	135982	Vibrio phage helene 12B3	dsDNA	29497	Vibrio splendidus	-	Pseudomonadota	Prokaryote	NC_021067	0.0	0.0023	0.0	2050
HQ641348	979532	979532-1	124497	Vibrio phage ICP1_2006_D	dsDNA	686	Vibrio cholerae O1 biovar El Tor	-	Pseudomonadota	Prokaryote	HQ641348	0.0	0.0013	0.0	2051
HQ641349	979531	979531-1	124497	Vibrio phage ICP1_2006_C	dsDNA	686	Vibrio cholerae O1 biovar El Tor	-	Pseudomonadota	Prokaryote	HQ641349	0.0	0.0013	0.0	2052
HQ641354	979527	979527-1	128083	Vibrio phage ICP1_2004_A	dsDNA	686	Vibrio cholerae O1 biovar El Tor	-	Pseudomonadota	Prokaryote	HQ641354	0.0	0.0013	0.0	2053
HQ641352	979528	979528-1	129373	Vibrio phage ICP1_2005_A	dsDNA	686	Vibrio cholerae O1 biovar El Tor	-	Pseudomonadota	Prokaryote	HQ641352	0.0	0.0013	0.0	2054
NC_015157	979525	979525-1	125956	Vibrio phage ICP1	dsDNA	666	Vibrio cholerae	-	Pseudomonadota	Prokaryote	NC_015157	0.0	0.0013	0.0	2055
HQ641353	979526	979526-1	124826	Vibrio phage ICP1_2001_A	dsDNA	686	Vibrio cholerae O1 biovar El Tor	-	Pseudomonadota	Prokaryote	HQ641353	0.0	0.0013	0.0	2056
HQ641350	979530	979530-1	123097	Vibrio phage ICP1_2006_B	dsDNA	686	Vibrio cholerae O1 biovar El Tor	-	Pseudomonadota	Prokaryote	HQ641350	0.0	0.0013	0.0	2057
HQ641351	979529	979529-1	123104	Vibrio phage ICP1_2006_A	dsDNA	686	Vibrio cholerae O1 biovar El Tor	-	Pseudomonadota	Prokaryote	HQ641351	0.0	0.0013	0.0	2058
NC_023693	948870	948870-1	148612	Escherichia phage phi92	dsDNA	562	Escherichia coli	-	Pseudomonadota	Prokaryote	NC_023693	0.0018	0.0	0.0	2059
NC_022968	1391428	1391428-1	148567	Escherichia phage 4MG	dsDNA	83333	Escherichia coli K-12	-	Pseudomonadota	Prokaryote	NC_022968	0.0034	0.0028	0.0018	2060
NC_020201	1116482	1116482-1	142349	Pectobacterium phage phiTE	dsDNA	218491	Pectobacterium atrosepticum SCRI1043	-	Pseudomonadota	Prokaryote	NC_020201	0.0	0.0010	0.0	2061
NC_023717	1162290	1162290-1	151924	Cronobacter phage CR9	dsDNA	28141	Cronobacter sakazakii	-	Pseudomonadota	Prokaryote	NC_023717	0.0011	0.0010	0.0	2062
NC_028672	1684115	1684115-1	149732	Cronobacter phage PBES 02	dsDNA	1888169	Cronobacter sp.	-	Pseudomonadota	Prokaryote	NC_028672	0.0	0.0027	0.0	2063
NC_024354	1327934	1327934-1	149162	Cronobacter phage CR8	dsDNA	28141	Cronobacter sakazakii	-	Pseudomonadota	Prokaryote	NC_024354	0.0011	0.0027	0.0	2064
NC_017974	1162295	1162295-1	149273	Cronobacter phage CR3	dsDNA	28141	Cronobacter sakazakii	-	Pseudomonadota	Prokaryote	NC_017974	0.0	0.0027	0.0	2065
NC_042075	2024304	2024304-1	87575	Shigella phage Sf14	dsDNA	623	Shigella flexneri	-	Pseudomonadota	Prokaryote	NC_042075	0.0062	0.0031	0.0	2066
NC_042076	2024305	2024305-1	90092	Shigella phage Sf17	dsDNA	620	Shigella	-	Pseudomonadota	Prokaryote	NC_042076	0.0062	0.0031	0.0	2067
NC_042017	2024316	2024316-1	87570	Shigella phage Sf13	dsDNA	623	Shigella flexneri	-	Pseudomonadota	Prokaryote	NC_042017	0.0062	0.0031	0.0	2068
NC_027293	1540094	1540094-1	87999	Citrobacter phage Moogle	dsDNA	546	Citrobacter freundii	-	Pseudomonadota	Prokaryote	NC_027293	0.0063	0.0035	0.0	2069
NC_041977	1701846	1701846-1	89596	Citrobacter phage Mordin	dsDNA	546	Citrobacter freundii	-	Pseudomonadota	Prokaryote	NC_041977	0.0064	0.0035	0.0	2070
NC_028247	1675603	1675603-1	90000	Citrobacter phage Michonne	dsDNA	546	Citrobacter freundii	-	Pseudomonadota	Prokaryote	NC_028247	0.0064	0.0035	0.0	2071
NC_027329	1567025	1567025-1	87510	Salmonella phage vB_SPuM_SP116	dsDNA	28901	Salmonella enterica	-	Pseudomonadota	Prokaryote	NC_027329	0.0063	0.0029	0.0	2072
NC_042096	2060122	2060122-1	84916	Salmonella phage BPS17L1	dsDNA	2565028	Salmonella enterica subsp. enterica serovar Shubra	-	Pseudomonadota	Prokaryote	NC_042096	0.0063	0.0031	0.0	2073
NC_071010	2910949	2910949-1	86124	Salmonella phage vB_SAg-RPN213	dsDNA	28901	Salmonella enterica	-	Pseudomonadota	Prokaryote	NC_071010	0.0063	0.0030	0.0	2074
NC_042097	2060124	2060124-1	87609	Salmonella phage BPS17W1	dsDNA	2565028	Salmonella enterica subsp. enterica serovar Shubra	-	Pseudomonadota	Prokaryote	NC_042097	0.0062	0.0031	0.0	2075
NC_031082	1873990	1873990-1	87662	Escherichia phage vB_EcoM_Alf5	dsDNA	83333	Escherichia coli K-12	-	Pseudomonadota	Prokaryote	NC_031082	0.0062	0.0030	0.0	2076
NC_041979	1508671	1508671-1	88531	Escherichia typing phage 1	dsDNA	83334	Escherichia coli O157:H7	-	Pseudomonadota	Prokaryote	NC_041979	0.0064	0.0031	0.0	2077
NC_012749	576791	576791-1	88487	Escherichia phage wV8	dsDNA	83334	Escherichia coli O157:H7	-	Pseudomonadota	Prokaryote	NC_012749	0.0064	0.0031	0.0	2078
KP869110	1508674	1508674-1	88632	Escherichia coli O157 typing phage 12	dsDNA	83334	Escherichia coli O157:H7	-	Pseudomonadota	Prokaryote	KP869110	0.0064	0.0031	0.0	2079
KP869109	1508673	1508673-1	88771	Escherichia coli O157 typing phage 11	dsDNA	83334	Escherichia coli O157:H7	-	Pseudomonadota	Prokaryote	KP869109	0.0064	0.0031	0.0	2080
NC_041922	1965374	1965374-1	84419	Salmonella phage Si3	dsDNA	595	Salmonella enterica subsp. enterica serovar Infantis	-	Pseudomonadota	Prokaryote	NC_041922	0.0062	0.0031	0.0	2081
NC_041923	1572716	1572716-1	87709	Salmonella phage Mushroom	dsDNA	599	Salmonella sp.	-	Pseudomonadota	Prokaryote	NC_041923	0.0062	0.0031	0.0	2082
JF461087	1087480	1087480-1	83331	Salmonella phage FO1a	dsDNA	28901	Salmonella enterica	-	Pseudomonadota	Prokaryote	JF461087	0.0062	0.0030	0.0	2083
NC_005282	77775	77775-1	86155	Salmonella phage FelixO1	dsDNA	590	Salmonella	-	Pseudomonadota	Prokaryote	NC_005282	0.0062	0.0030	0.0	2084
NC_031939	1857100	1857100-1	89817	Salmonella phage BPS15Q2	dsDNA	611	Salmonella enterica subsp. enterica serovar Heidelberg	-	Pseudomonadota	Prokaryote	NC_031939	0.0063	0.0031	0.0	2085
NC_029023	1340750	1340750-1	87712	Escherichia phage JH2	dsDNA	562	Escherichia coli	-	Pseudomonadota	Prokaryote	NC_029023	0.0062	0.0030	0.0	2086
NC_027337	1555238	1555238-1	88403	Escherichia phage vB_EcoM-VpaE1	dsDNA	37762	Escherichia coli B	-	Pseudomonadota	Prokaryote	NC_027337	0.0063	0.0031	0.0	2087
NC_028825	1636202	1636202-1	87372	Escherichia phage vB_EcoM_AYO145A	dsDNA	991919	Escherichia coli O145:NM	-	Pseudomonadota	Prokaryote	NC_028825	0.0062	0.0031	0.0	2088
NC_027360	1197935	1197935-1	87603	Enterobacteria phage UAB_Phi87	dsDNA	59201	Salmonella enterica subsp. enterica	-	Pseudomonadota	Prokaryote	NC_027360	0.0063	0.0031	0.0	2089
NC_041964	1752027	1752027-1	63560	Pseudomonas phage phiR18	dsDNA	286	Pseudomonas	-	Pseudomonadota	Prokaryote	NC_041964	0.0056	0.0023	0.0	2090
NC_024123	1462608	1462608-1	64113	Pseudomonas phage KPP25	dsDNA	287	Pseudomonas aeruginosa	-	Pseudomonadota	Prokaryote	NC_024123	0.0046	0.0	0.0	2091
NC_047757	1675601	1675601-1	85138	Caulobacter phage Seuss	dsDNA	190650	Caulobacter vibrioides CB15	-	Pseudomonadota	Prokaryote	NC_047757	0.0044	0.0024	0.0084	2092
NC_029075	1589748	1589748-1	81541	Achromobacter phage JWF	dsDNA	85698	Achromobacter xylosoxidans	-	Pseudomonadota	Prokaryote	NC_029075	0.0128	0.0012	0.0052	2093
NC_007024	322855	322855-1	55770	Xanthomonas phage Xp15	dsDNA	91612	Xanthomonas campestris pv. pelargonii	-	Pseudomonadota	Prokaryote	NC_007024	0.0	0.0017	0.0018	2094
NC_041927	1980139	1980139-1	130138	Sphingobium phage Lacusarx	dsDNA	2021637	Sphingobium sp. IP1	-	Pseudomonadota	Prokaryote	NC_041927	0.0089	0.0096	0.0076	2095
NC_048048	2283272	2283272-1	317489	Caulobacter phage CcrSC	dsDNA	190650	Caulobacter vibrioides CB15	-	Pseudomonadota	Prokaryote	NC_048048	0.0438	0.0334	0.0427	2096
NC_048047	2283270	2283270-1	322272	Caulobacter phage CcrBL9	dsDNA	190650	Caulobacter vibrioides CB15	-	Pseudomonadota	Prokaryote	NC_048047	0.0364	0.0317	0.0414	2097
NC_048046	2283271	2283271-1	308141	Caulobacter phage CcrPW	dsDNA	190650	Caulobacter vibrioides CB15	-	Pseudomonadota	Prokaryote	NC_048046	0.0160	0.0222	0.0042	2098
NC_019406	1211640	1211640-1	279967	Caulobacter phage CcrColossus	dsDNA	190650	Caulobacter vibrioides CB15	-	Pseudomonadota	Prokaryote	NC_019406	0.0168	0.0160	0.0159	2099
NC_019408	2927986	2927986-1	223720	Caulobacter phage CcrRogue	dsDNA	190650	Caulobacter vibrioides CB15	-	Pseudomonadota	Prokaryote	NC_019408	0.0764	0.0629	0.0511	2100
NC_048045	2283269	2283269-1	220934	Caulobacter phage CcrBL10	dsDNA	190650	Caulobacter vibrioides CB15	-	Pseudomonadota	Prokaryote	NC_048045	0.0615	0.0392	0.0408	2101
NC_019411	2927984	2927984-1	219216	Caulobacter phage CcrSwift	dsDNA	190650	Caulobacter vibrioides CB15	-	Pseudomonadota	Prokaryote	NC_019411	0.0685	0.0527	0.0453	2102
NC_019405	2927985	2927985-1	215710	Caulobacter phage phiCbK	dsDNA	190650	Caulobacter vibrioides CB15	-	Pseudomonadota	Prokaryote	NC_019405	0.0583	0.0311	0.0631	2103
NC_019407	1211642	1211642-1	218929	Caulobacter virus Magneto	dsDNA	190650	Caulobacter vibrioides CB15	-	Pseudomonadota	Prokaryote	NC_019407	0.0707	0.0368	0.0483	2104
NC_019410	1211641	1211641-1	221828	Caulobacter virus Karma	dsDNA	190650	Caulobacter vibrioides CB15	-	Pseudomonadota	Prokaryote	NC_019410	0.0686	0.0464	0.0372	2105
NC_041921	1965368	1965368-1	77874	Dinoroseobacter phage vB_DshS-R5C	dsDNA	215813	Dinoroseobacter shibae	-	Pseudomonadota	Prokaryote	NC_041921	0.0108	0.0	0.0121	2106
NC_041958	1682380	1682380-1	63513	Roseobacter phage RDJL Phi 2	dsDNA	2434	Roseobacter denitrificans	-	Pseudomonadota	Prokaryote	NC_041958	0.0	0.0	0.0033	2107
NC_015466	562742	562742-1	62668	Roseobacter phage RDJL Phi 1	dsDNA	2434	Roseobacter denitrificans	-	Pseudomonadota	Prokaryote	NC_015466	0.0	0.0	0.0043	2108
NC_006938	2681607	2681607-1	63649	Alphaproteobacteria phage PhiJL001	dsDNA	28211	Alphaproteobacteria	Mesyanzhinovviridae	Pseudomonadota	Prokaryote	NC_006938	0.0078	0.0026	0.0071	2109
NC_052964	2719575	2719575-1	64096	Pseudomonas phage Epa5	dsDNA	306	Pseudomonas sp.	Mesyanzhinovviridae	Pseudomonadota	Prokaryote	NC_052964	0.0105	0.0	0.0113	2110
NC_028770	1175657	1175657-1	59878	Pseudomonas phage PaMx11	dsDNA	287	Pseudomonas aeruginosa	Mesyanzhinovviridae	Pseudomonadota	Prokaryote	NC_028770	0.0203	0.0063	0.0137	2111
NC_042115	1548912	1548912-1	58139	Pseudomonas phage vB_PaeS_PAO1_Ab19	dsDNA	287	Pseudomonas aeruginosa	Mesyanzhinovviridae	Pseudomonadota	Prokaryote	NC_042115	0.0080	0.0130	0.0216	2112
NC_052965	1622114	1622114-1	57061	Pseudomonas phage ZC01	dsDNA	287	Pseudomonas aeruginosa	Mesyanzhinovviridae	Pseudomonadota	Prokaryote	NC_052965	0.0180	0.0081	0.0111	2113
LN610585	1548913	1548913-1	57745	Pseudomonas phage vB_PaeS_PAO1_Ab20	dsDNA	287	Pseudomonas aeruginosa	Mesyanzhinovviridae	Pseudomonadota	Prokaryote	LN610585	0.0133	0.0114	0.0113	2114
NC_026594	1548905	1548905-1	56537	Pseudomonas phage vB_PaeS_PAO1_Ab18	dsDNA	287	Pseudomonas aeruginosa	Mesyanzhinovviridae	Pseudomonadota	Prokaryote	NC_026594	0.0096	0.0091	0.0127	2115
NC_047879	1916126	1916126-1	60160	Bordetella phage MW2	dsDNA	518	Bordetella bronchiseptica	Mesyanzhinovviridae	Pseudomonadota	Prokaryote	NC_047879	0.0034	0.0027	0.0075	2116
NC_047876	1916123	1916123-1	59779	Bordetella phage CN1	dsDNA	518	Bordetella bronchiseptica	Mesyanzhinovviridae	Pseudomonadota	Prokaryote	NC_047876	0.0067	0.0013	0.0036	2117
NC_047878	1916125	1916125-1	60332	Bordetella phage FP1	dsDNA	518	Bordetella bronchiseptica	Mesyanzhinovviridae	Pseudomonadota	Prokaryote	NC_047878	0.0089	0.0026	0.0023	2118
NC_047877	1916124	1916124-1	62030	Bordetella phage CN2	dsDNA	518	Bordetella bronchiseptica	Mesyanzhinovviridae	Pseudomonadota	Prokaryote	NC_047877	0.0056	0.0039	0.0036	2119
NC_010116	462590	462590-1	58663	Pseudomonas virus Yua	dsDNA	287	Pseudomonas aeruginosa	Mesyanzhinovviridae	Pseudomonadota	Prokaryote	NC_010116	0.0	0.0037	0.0101	2120
NC_018282	1204517	1204517-1	61167	Pseudomonas phage MP1412	dsDNA	208964	Pseudomonas aeruginosa PAO1	Mesyanzhinovviridae	Pseudomonadota	Prokaryote	NC_018282	0.0148	0.0062	0.0176	2121
NC_028980	1718273	1718273-1	62181	Pseudomonas phage PAE1	dsDNA	287	Pseudomonas aeruginosa	Mesyanzhinovviridae	Pseudomonadota	Prokaryote	NC_028980	0.0125	0.0110	0.0096	2122
NC_007809	2911432	2911432-1	59446	Pseudomonas phage M6	dsDNA	287	Pseudomonas aeruginosa	Mesyanzhinovviridae	Pseudomonadota	Prokaryote	NC_007809	0.0103	0.0038	0.0088	2123
NC_041934	1308899	1308899-1	61818	Pseudomonas phage LKO4	dsDNA	287	Pseudomonas aeruginosa	Mesyanzhinovviridae	Pseudomonadota	Prokaryote	NC_041934	0.0088	0.0084	0.0166	2124
NC_073031	2948610	2948610-1	58220	Janthinobacterium phage vB_JliM-Donnerlittchen	dsDNA	29581	Janthinobacterium lividum	Mesyanzhinovviridae	Pseudomonadota	Prokaryote	NC_073031	0.0495	0.0553	0.0348	2125
NC_073030	2939131	2939131-1	59242	Xanthomonas phage Mallos	dsDNA	343	Xanthomonas translucens	Mesyanzhinovviridae	Pseudomonadota	Prokaryote	NC_073030	0.0045	0.0	0.0076	2126
NC_073026	2975532	2975532-1	56408	Xanthomonas phage vB_Xar_IVIA-DoCa5	dsDNA	195709	Xanthomonas arboricola pv. juglandis	Mesyanzhinovviridae	Pseudomonadota	Prokaryote	NC_073026	0.0	0.0	0.0075	2127
NC_028809	1175663	1175663-1	58637	Pseudomonas phage PaMx74	dsDNA	287	Pseudomonas aeruginosa	-	Pseudomonadota	Prokaryote	NC_028809	0.0615	0.0606	0.0516	2128
NC_028931	1175659	1175659-1	55108	Pseudomonas phage PaMx28	dsDNA	287	Pseudomonas aeruginosa	-	Pseudomonadota	Prokaryote	NC_028931	0.0286	0.0255	0.0266	2129
NC_073037	2981578	2981578-1	57666	Pseudomonas phage phiH2	dsDNA	306	Pseudomonas sp.	-	Pseudomonadota	Prokaryote	NC_073037	0.0271	0.0249	0.0256	2130
NC_073039	2982871	2982871-1	57600	Pseudomonas phage phiH1	dsDNA	652611	Pseudomonas aeruginosa PA14	-	Pseudomonadota	Prokaryote	NC_073039	0.0158	0.0176	0.0186	2131
NC_073038	1775248	1775248-1	57599	Pseudomonas phage AAT-1	dsDNA	652611	Pseudomonas aeruginosa PA14	-	Pseudomonadota	Prokaryote	NC_073038	0.0262	0.0128	0.0249	2132
NC_073027	2930315	2930315-1	61660	Stenotrophomonas phage A1432	dsDNA	40324	Stenotrophomonas maltophilia	Mesyanzhinovviridae	Pseudomonadota	Prokaryote	NC_073027	0.0033	0.0037	0.0050	2133
NC_052966	1852622	1852622-1	60497	Xanthomonas phage Xoo-sp2	dsDNA	64187	Xanthomonas oryzae pv. oryzae	Mesyanzhinovviridae	Pseudomonadota	Prokaryote	NC_052966	0.0399	0.0187	0.0246	2134
NC_073028	2943841	2943841-1	61862	Stenotrophomonas phage vB_Sm_QDWS359	dsDNA	40324	Stenotrophomonas maltophilia	Mesyanzhinovviridae	Pseudomonadota	Prokaryote	NC_073028	0.0446	0.0340	0.0407	2135
NC_073029	2939127	2939127-1	62341	Xanthomonas phage Elanor	dsDNA	343	Xanthomonas translucens	Mesyanzhinovviridae	Pseudomonadota	Prokaryote	NC_073029	0.0180	0.0096	0.0094	2136
NC_073033	2746072	2746072-1	63783	Xanthomonas phage Xp12	dsDNA	347	Xanthomonas oryzae	Mesyanzhinovviridae	Pseudomonadota	Prokaryote	NC_073033	0.0560	0.0473	0.0472	2137
NC_073032	2886031	2886031-1	64088	Xanthomonas phage FMYAK-P1	dsDNA	29446	Xanthomonas sp.	Mesyanzhinovviridae	Pseudomonadota	Prokaryote	NC_073032	0.0637	0.0408	0.0519	2138
NC_073035	2975533	2975533-1	62951	Xanthomonas phage vB_Xar_IVIA-DoCa6	dsDNA	195709	Xanthomonas arboricola pv. juglandis	Mesyanzhinovviridae	Pseudomonadota	Prokaryote	NC_073035	0.0384	0.0368	0.0365	2139
NC_073034	2909581	2909581-1	63962	Stenotrophomonas phage vB_SmaS-AXL_1	dsDNA	40324	Stenotrophomonas maltophilia	Mesyanzhinovviridae	Pseudomonadota	Prokaryote	NC_073034	0.0451	0.0359	0.0430	2140
NC_073036	2975529	2975529-1	64024	Xanthomonas phage vB_Xar_IVIA-DoCa10	dsDNA	195709	Xanthomonas arboricola pv. juglandis	Mesyanzhinovviridae	Pseudomonadota	Prokaryote	NC_073036	0.0206	0.0216	0.0168	2141
NC_052967	2674976	2674976-1	63828	Xanthomonas phage Bosa	dsDNA	338	Xanthomonas	Mesyanzhinovviridae	Pseudomonadota	Prokaryote	NC_052967	0.0211	0.0223	0.0099	2142
NC_048687	2059855	2059855-1	47820	Pseudomonas phage PMBT14	dsDNA	294	Pseudomonas fluorescens	-	Pseudomonadota	Prokaryote	NC_048687	0.0	0.0	0.0021	2143
NC_074757	2894809	2894809-1	42679	Serratia phage vB_SmaS_Tlacuache	dsDNA	615	Serratia marcescens	-	Pseudomonadota	Prokaryote	NC_074757	0.0	0.0	0.0032	2144
NC_074758	2902690	2902690-1	42792	Serratia phage vB_SmaS_Opt-155	dsDNA	615	Serratia marcescens	-	Pseudomonadota	Prokaryote	NC_074758	0.0	0.0	0.0021	2145
NC_074756	2562181	2562181-1	42882	Serratia phage Serbin	dsDNA	615	Serratia marcescens	-	Pseudomonadota	Prokaryote	NC_074756	0.0	0.0	0.0021	2146
NC_071036	2740427	2740427-1	47545	Stenotrophomonas phage vB_SmaS-AXL_3	dsDNA	40324	Stenotrophomonas maltophilia	Mesyanzhinovviridae	Pseudomonadota	Prokaryote	NC_071036	0.0132	0.0125	0.0027	2147
NC_009447	437329	437329-1	52414	Burkholderia phage BcepGomr	dsDNA	292	Burkholderia cepacia	-	Pseudomonadota	Prokaryote	NC_009447	0.0	0.0257	0.0	2148
NC_028768	1589746	1589746-1	49714	Achromobacter phage JWX	dsDNA	85698	Achromobacter xylosoxidans	-	Pseudomonadota	Prokaryote	NC_028768	0.0	0.0266	0.0	2149
NC_028834	1589747	1589747-1	48216	Achromobacter phage 83-24	dsDNA	85698	Achromobacter xylosoxidans	-	Pseudomonadota	Prokaryote	NC_028834	0.0	0.0232	0.0	2150
NC_041908	1220604	1220604-1	53018	Rhizobium phage RHEph04	dsDNA	526947	Rhizobium etli GR56	-	Pseudomonadota	Prokaryote	NC_041908	0.0198	0.0	0.0	2151
NC_027296	1220714	1220714-1	53721	Rhizobium phage RHEph06	dsDNA	526947	Rhizobium etli GR56	-	Pseudomonadota	Prokaryote	NC_027296	0.0198	0.0	0.0	2152
JX483877	1220605	1220605-1	50426	Rhizobium phage RHEph05	dsDNA	526947	Rhizobium etli GR56	-	Pseudomonadota	Prokaryote	JX483877	0.0198	0.0	0.0	2153
NC_071018	2859658	2859658-1	61427	Stenotrophomonas phage Siara	dsDNA	40324	Stenotrophomonas maltophilia	-	Pseudomonadota	Prokaryote	NC_071018	0.0	0.0	0.0	2154
NC_071017	2801524	2801524-1	60789	Stenotrophomonas phage Salva	dsDNA	40324	Stenotrophomonas maltophilia	-	Pseudomonadota	Prokaryote	NC_071017	0.0	0.0	0.0	2155
NC_071020	2860376	2860376-1	61662	Stenotrophomonas phage BUCT626	dsDNA	40324	Stenotrophomonas maltophilia	-	Pseudomonadota	Prokaryote	NC_071020	0.0	0.0	0.0	2156
NC_071019	2712941	2712941-1	62354	Stenotrophomonas phage vB_SmaS_BUCT548	dsDNA	40324	Stenotrophomonas maltophilia	-	Pseudomonadota	Prokaryote	NC_071019	0.0	0.0	0.0	2157
NC_071021	2860377	2860377-1	61860	Stenotrophomonas phage BUCT627	dsDNA	40324	Stenotrophomonas maltophilia	-	Pseudomonadota	Prokaryote	NC_071021	0.0	0.0	0.0	2158
NC_071001	2783549	2783549-1	57986	Providencia phage PSTCR7	dsDNA	588	Providencia stuartii	-	Pseudomonadota	Prokaryote	NC_071001	0.0	0.0	0.0023	2159
NC_071000	2783546	2783546-1	57214	Providencia phage PSTCR4	dsDNA	588	Providencia stuartii	-	Pseudomonadota	Prokaryote	NC_071000	0.0	0.0	0.0023	2160
NC_042120	2099652	2099652-1	61437	Pantoea phage vB_PagS_Vid5	dsDNA	549	Pantoea agglomerans	-	Pseudomonadota	Prokaryote	NC_042120	0.0	0.0	0.0024	2161
NC_028776	1610828	1610828-1	59670	Escherichia phage CAjan	dsDNA	83333	Escherichia coli K-12	-	Pseudomonadota	Prokaryote	NC_028776	0.0	0.0	0.0021	2162
NC_028831	1720493	1720493-1	61235	Escherichia phage slur01	dsDNA	511145	Escherichia coli str. K-12 substr. MG1655	-	Pseudomonadota	Prokaryote	NC_028831	0.0	0.0	0.0021	2163
NC_027378	1540098	1540098-1	56776	Escherichia phage Seurat	dsDNA	562	Escherichia coli	-	Pseudomonadota	Prokaryote	NC_027378	0.0	0.0	0.0021	2164
NC_042025	2115848	2115848-1	60030	Salmonella phage SE1 (in:Nonagvirus)	dsDNA	59201	Salmonella enterica subsp. enterica	-	Pseudomonadota	Prokaryote	NC_042025	0.0	0.0	0.0023	2165
NC_028997	1610838	1610838-1	59802	Enterobacteria phage JenP2	dsDNA	83333	Escherichia coli K-12	-	Pseudomonadota	Prokaryote	NC_028997	0.0	0.0	0.0023	2166
NC_029028	1610837	1610837-1	60754	Enterobacteria phage JenP1	dsDNA	83333	Escherichia coli K-12	-	Pseudomonadota	Prokaryote	NC_029028	0.0	0.0	0.0023	2167
NC_029021	1610836	1610836-1	60747	Enterobacteria phage JenK1	dsDNA	83333	Escherichia coli K-12	-	Pseudomonadota	Prokaryote	NC_029021	0.0	0.0	0.0024	2168
NC_024146	1468411	1468411-1	56702	Enterobacteria phage 9g	dsDNA	562	Escherichia coli	-	Pseudomonadota	Prokaryote	NC_024146	0.0	0.0	0.0024	2169
NC_070971	2588096	2588096-1	60626	Pseudomonas virus PBPA162	dsDNA	287	Pseudomonas aeruginosa	-	Pseudomonadota	Prokaryote	NC_070971	0.0	0.0186	0.0	2170
NC_070970	2592193	2592193-1	60628	Pseudomonas phage Iggy	dsDNA	287	Pseudomonas aeruginosa	-	Pseudomonadota	Prokaryote	NC_070970	0.0	0.0176	0.0	2171
NC_072503	2686378	2686378-1	63743	Sphingomonas phage vB_StuS_MMDA13	dsDNA	1888892	Sphingomonas turrisvirgatae	-	Pseudomonadota	Prokaryote	NC_072503	0.0	0.0	0.0	2172
NC_072502	3003729	3003729-1	60958	Pseudomonas phage MiCath	dsDNA	1215087	Pseudomonas putida S12	-	Pseudomonadota	Prokaryote	NC_072502	0.0052	0.0	0.0	2173
NC_048878	2729541	2729541-1	56163	Alteromonas phage vB_AcoS-R7M	dsDNA	1656094	Alteromonas confluentis	-	Pseudomonadota	Prokaryote	NC_048878	0.0	0.0	0.0061	2174
NC_026610	1538804	1538804-1	56637	Vibrio phage VpKK5	dsDNA	670	Vibrio parahaemolyticus	-	Pseudomonadota	Prokaryote	NC_026610	0.0	0.0034	0.0034	2175
NC_072504	2894587	2894587-1	42318	Stenotrophomonas phage vB_SM_ytsc_ply2008005c	dsDNA	40324	Stenotrophomonas maltophilia	-	Pseudomonadota	Prokaryote	NC_072504	0.0054	0.0	0.0115	2176
NC_072498	1970800	1970800-1	57839	Pseudomonas phage JG054	dsDNA	287	Pseudomonas aeruginosa	-	Pseudomonadota	Prokaryote	NC_072498	0.0	0.0	0.0	2177
NC_041953	1175654	1175654-1	57899	Pseudomonas phage PaMx25	dsDNA	287	Pseudomonas aeruginosa	-	Pseudomonadota	Prokaryote	NC_041953	0.0	0.0	0.0	2178
NC_072499	2968248	2968248-1	58107	Xanthomonas phage vB_Xar_IVIA-DoCa3	dsDNA	56448	Xanthomonas arboricola	-	Pseudomonadota	Prokaryote	NC_072499	0.0	0.0	0.0	2179
NC_072501	2660687	2660687-1	58277	Pseudomonas phage Quinobequin-P09	dsDNA	208963	Pseudomonas aeruginosa UCBPP-PA14	-	Pseudomonadota	Prokaryote	NC_072501	0.0	0.0	0.0	2180
NC_072500	2822848	2822848-1	57919	Pseudomonas phage vB_PaeS_PAJD-1	dsDNA	208964	Pseudomonas aeruginosa PAO1	-	Pseudomonadota	Prokaryote	NC_072500	0.0	0.0	0.0	2181
NC_031058	1844477	1844477-1	58566	Pseudomonas phage NP1	dsDNA	286	Pseudomonas	-	Pseudomonadota	Prokaryote	NC_031058	0.0	0.0	0.0	2182
NC_029033	1610509	1610509-1	45045	Achromobacter phage phiAxp-1	dsDNA	85698	Achromobacter xylosoxidans	-	Pseudomonadota	Prokaryote	NC_029033	0.0012	0.0215	0.0	2183
NC_073023	2686311	2686311-1	43318	Sphingomonas phage Eidolon	dsDNA	28214	Sphingomonas sp.	-	Pseudomonadota	Prokaryote	NC_073023	0.0	0.0	0.0015	2184
NC_073025	2686313	2686313-1	44200	Sphingomonas phage Lucius	dsDNA	28214	Sphingomonas sp.	-	Pseudomonadota	Prokaryote	NC_073025	0.0	0.0	0.0038	2185
NC_073024	2686312	2686312-1	43408	Sphingomonas phage Kharn	dsDNA	28214	Sphingomonas sp.	-	Pseudomonadota	Prokaryote	NC_073024	0.0	0.0	0.0016	2186
NC_026608	2494563	2494563-1	42093	Paracoccus phage vB_PmaS-R3	dsDNA	59779	Paracoccus marcusii	-	Pseudomonadota	Prokaryote	NC_026608	0.0	0.0	0.0	2187
NC_072811	2234092	2234092-1	42858	Escherichia phage Halfdan	dsDNA	562	Escherichia coli	-	Pseudomonadota	Prokaryote	NC_072811	0.0	0.0	0.0	2188
NC_042137	1970374	1970374-1	41308	Acinetobacter phage Loki	dsDNA	469	Acinetobacter	-	Pseudomonadota	Prokaryote	NC_042137	0.0	0.0	0.0	2189
NC_023590	1458669	1458669-1	43050	Acinetobacter phage IMEAB3	dsDNA	470	Acinetobacter baumannii	-	Pseudomonadota	Prokaryote	NC_023590	0.0	0.0	0.0	2190
NC_073092	2674975	2674975-1	45510	Xanthomonas phage Suba	dsDNA	338	Xanthomonas	-	Pseudomonadota	Prokaryote	NC_073092	0.0	0.0	0.0	2191
NC_073095	2939132	2939132-1	43791	Xanthomonas phage Pfeifenkraut	dsDNA	343	Xanthomonas translucens	-	Pseudomonadota	Prokaryote	NC_073095	0.0	0.0	0.0	2192
NC_073094	2939129	2939129-1	44768	Xanthomonas phage Langgrundblatt2	dsDNA	343	Xanthomonas translucens	-	Pseudomonadota	Prokaryote	NC_073094	0.0	0.0	0.0	2193
NC_073093	2939128	2939128-1	44239	Xanthomonas phage Langgrundblatt1	dsDNA	343	Xanthomonas translucens	-	Pseudomonadota	Prokaryote	NC_073093	0.0	0.0	0.0	2194
NC_029097	1662330	1662330-1	44496	Rhodobacter phage RcTitan	dsDNA	1414586	Rhodobacter capsulatus YW1	-	Pseudomonadota	Prokaryote	NC_029097	0.0	0.0	0.0	2195
NC_041963	1662331	1662331-1	44194	Rhodobacter phage RcSpartan	dsDNA	1414586	Rhodobacter capsulatus YW1	-	Pseudomonadota	Prokaryote	NC_041963	0.0	0.0	0.0	2196
NC_069740	2562463	2562463-1	43470	Pseudomonas phage KP1	dsDNA	306	Pseudomonas sp.	-	Pseudomonadota	Prokaryote	NC_069740	0.0	0.0	0.0	2197
NC_018278	1132026	1132026-1	42832	Burkholderia phage vB_BceS_KL1	dsDNA	95486	Burkholderia cenocepacia	-	Pseudomonadota	Prokaryote	NC_018278	0.0	0.0	0.0	2198
NC_069741	2872675	2872675-1	43067	Pseudomonas phage Kaya	dsDNA	287	Pseudomonas aeruginosa	-	Pseudomonadota	Prokaryote	NC_069741	0.0	0.0	0.0	2199
NC_069742	2746928	2746928-1	42439	Pseudomonas phage vB_PaeS-Yazdi-M	dsDNA	287	Pseudomonas aeruginosa	-	Pseudomonadota	Prokaryote	NC_069742	0.0	0.0	0.0	2200
NC_069743	2872676	2872676-1	43141	Pseudomonas phage Guyu	dsDNA	287	Pseudomonas aeruginosa	-	Pseudomonadota	Prokaryote	NC_069743	0.0	0.0	0.0	2201
NC_069745	2970490	2970490-1	43553	Xanthomonas phage vB_Xar_IVIA-DoCa1	dsDNA	56448	Xanthomonas arboricola	-	Pseudomonadota	Prokaryote	NC_069745	0.0	0.0	0.0012	2202
NC_069744	2596676	2596676-1	43314	Xanthomonas phage Samson	dsDNA	29446	Xanthomonas sp.	-	Pseudomonadota	Prokaryote	NC_069744	0.0	0.0	0.0	2203
NC_028879	1175662	1175662-1	43225	Pseudomonas phage PaMx42	dsDNA	287	Pseudomonas aeruginosa	-	Pseudomonadota	Prokaryote	NC_028879	0.0	0.0	0.0	2204
NC_072809	2382122	2382122-1	42622	Pseudomonas phage vB_PaeS_SCUT-S3	dsDNA	287	Pseudomonas aeruginosa	-	Pseudomonadota	Prokaryote	NC_072809	0.0	0.0	0.0	2205
NC_069753	3003632	3003632-2	39019	Pseudomonas phage PSV3	dsDNA	317	Pseudomonas syringae	-	Pseudomonadota	Prokaryote	NC_069753	0.0	0.0	0.0	2206
NC_069755	3003632	3003632-4	43315	Pseudomonas phage PSV3	dsDNA	317	Pseudomonas syringae	-	Pseudomonadota	Prokaryote	NC_069755	0.0	0.0	0.0	2207
NC_069752	3003632	3003632-1	40244	Pseudomonas phage PSV3	dsDNA	317	Pseudomonas syringae	-	Pseudomonadota	Prokaryote	NC_069752	0.0	0.0	0.0	2208
NC_069746	2880993	2880993-1	42820	Pseudomonas phage Kopi	dsDNA	287	Pseudomonas aeruginosa	-	Pseudomonadota	Prokaryote	NC_069746	0.0	0.0	0.0	2209
NC_069747	2719198	2719198-1	42788	Pseudomonas phage Epa40	dsDNA	306	Pseudomonas sp.	-	Pseudomonadota	Prokaryote	NC_069747	0.0	0.0	0.0	2210
NC_024381	1476390	1476390-1	43056	Pseudomonas phage vB_PaeS_SCH_Ab26	dsDNA	287	Pseudomonas aeruginosa	-	Pseudomonadota	Prokaryote	NC_024381	0.0	0.0	0.0	2211
NC_069751	1642588	1642588-1	42887	Stenotrophomonas phage vB_SmaS-DLP_1	dsDNA	40324	Stenotrophomonas maltophilia	-	Pseudomonadota	Prokaryote	NC_069751	0.0	0.0	0.0	2212
NC_069750	2982892	2982892-1	42828	Pseudomonas phage BUCT-PX-5	dsDNA	287	Pseudomonas aeruginosa	-	Pseudomonadota	Prokaryote	NC_069750	0.0	0.0	0.0	2213
NC_029019	1642663	1642663-1	42593	Stenotrophomonas phage vB_SmaS-DLP_2	dsDNA	40324	Stenotrophomonas maltophilia	-	Pseudomonadota	Prokaryote	NC_029019	0.0	0.0	0.0	2214
NC_072810	3020045	3020045-1	42567	Pseudomonas phage UF_RH1	dsDNA	287	Pseudomonas aeruginosa	-	Pseudomonadota	Prokaryote	NC_072810	0.0	0.0	0.0	2215
NC_007806	347325	347325-1	42999	Pseudomonas phage 73	dsDNA	287	Pseudomonas aeruginosa	-	Pseudomonadota	Prokaryote	NC_007806	0.0	0.0	0.0	2216
NC_069748	2880994	2880994-1	43015	Pseudomonas phage TehO	dsDNA	287	Pseudomonas aeruginosa	-	Pseudomonadota	Prokaryote	NC_069748	0.0	0.0	0.0	2217
NC_069749	2099649	2099649-1	43133	Pseudomonas phage vB_PaeS_C1	dsDNA	287	Pseudomonas aeruginosa	-	Pseudomonadota	Prokaryote	NC_069749	0.0	0.0	0.0	2218
NC_017864	1141526	1141526-1	42844	Pseudomonas phage vB_Pae-Kakheti25	dsDNA	287	Pseudomonas aeruginosa	-	Pseudomonadota	Prokaryote	NC_017864	0.0	0.0	0.0	2219
NC_069754	3003632	3003632-3	46326	Pseudomonas phage PSV3	dsDNA	317	Pseudomonas syringae	-	Pseudomonadota	Prokaryote	NC_069754	0.0	0.0	0.0	2220
NC_047851	2027888	2027888-1	50774	Brevibacterium phage LuckyBarnes	dsDNA	31943	Brevibacterium iodinum	-	Actinomycetota	Prokaryote	NC_047851	0.0	0.0	0.0024	2221
NC_054989	2591411	2591411-1	36032	Brevibacterium phage AGM1	dsDNA	273384	Brevibacterium aurantiacum	-	Actinomycetota	Prokaryote	NC_054989	0.0011	0.0	0.0	2222
NC_027120	741942	741942-1	36892	Lactococcus phage 1358	dsDNA	1358	Lactococcus lactis	-	Bacillota	Prokaryote	NC_027120	0.0	0.0	0.0	2223
NC_048789	2588504	2588504-1	42846	Corynebacterium phage Stiles	dsDNA	1725	Corynebacterium xerosis	-	Actinomycetota	Prokaryote	NC_048789	0.0261	0.0137	0.0311	2224
NC_048780	2591204	2591204-1	45751	Corynebacterium phage StAB	dsDNA	1725	Corynebacterium xerosis	-	Actinomycetota	Prokaryote	NC_048780	0.0273	0.0214	0.0428	2225
NC_048791	2588499	2588499-1	44104	Corynebacterium phage Adelaide	dsDNA	1725	Corynebacterium xerosis	-	Actinomycetota	Prokaryote	NC_048791	0.0298	0.0151	0.0325	2226
NC_048787	2588501	2588501-1	44381	Corynebacterium phage Dina	dsDNA	1725	Corynebacterium xerosis	-	Actinomycetota	Prokaryote	NC_048787	0.0150	0.0208	0.0325	2227
NC_048069	2301601	2301601-1	44609	Corynebacterium phage SamW	dsDNA	1725	Corynebacterium xerosis	-	Actinomycetota	Prokaryote	NC_048069	0.0216	0.0209	0.0355	2228
NC_048790	2588502	2588502-1	45644	Corynebacterium phage Lederberg	dsDNA	1725	Corynebacterium xerosis	-	Actinomycetota	Prokaryote	NC_048790	0.0188	0.0141	0.0311	2229
NC_009819	403905	403905-1	40539	Streptococcus phage P9	dsDNA	1336	Streptococcus equi	-	Bacillota	Prokaryote	NC_009819	0.0018	0.0	0.0	2230
NC_004589	198543	198543-1	40014	Streptococcus phage 315.6	dsDNA	198466	Streptococcus pyogenes MGAS315	-	Bacillota	Prokaryote	NC_004589	0.0018	0.0	0.0	2231
NC_023614	1327037	1327037-1	43153	Croceibacter phage P2559Y	dsDNA	216432	Croceibacter atlanticus HTCC2559	-	Bacteroidota	Prokaryote	NC_023614	0.0018	0.0	0.0	2232
NC_017976	1161901	1161901-1	41164	Bacillus phage PBC1	dsDNA	1396	Bacillus cereus	-	Bacillota	Prokaryote	NC_017976	0.0	0.0	0.0	2233
NC_048725	2283012	2283012-1	42248	Bacillus phage Wes44	dsDNA	1434	Bacillus thuringiensis serovar berliner	-	Bacillota	Prokaryote	NC_048725	0.0	0.0	0.0	2234
NC_048698	2072797	2072797-1	41820	Bacillus phage Carmen17	dsDNA	1428	Bacillus thuringiensis	-	Bacillota	Prokaryote	NC_048698	0.0	0.0	0.0	2235
KC595516	1296660	1296660-1	58573	Brevibacillus phage Emery	dsDNA	1385	-	-	-	Prokaryote	KC595516	0.0	0.0	0.0	2236
NC_028991	1567012	1567012-1	42158	Clostridium phage phiCT453A	dsDNA	1513	Clostridium tetani	-	Bacillota	Prokaryote	NC_028991	0.0	0.0	0.0	2237
NC_013644	673839	673839-1	37856	Enterococcus phage phiFL4A	dsDNA	1351	Enterococcus faecalis	-	Bacillota	Prokaryote	NC_013644	0.0	0.0	0.0	2238
MN995824	2712942	2712942-1	37561	Enterococcus phage EFP1	dsDNA	1351	Enterococcus faecalis	-	Bacillota	Prokaryote	MN995824	0.0	0.0	0.0	2239
NC_048192	2510452	2510452-1	43029	Staphylococcus phage vB_SpsS_QT1	dsDNA	283734	Staphylococcus pseudintermedius	-	Bacillota	Prokaryote	NC_048192	0.0	0.0	0.0030	2240
NC_007051	320836	320836-1	41318	Staphylococcus phage 2638A	dsDNA	1280	Staphylococcus aureus	-	Bacillota	Prokaryote	NC_007051	0.0	0.0	0.0030	2241
NC_007052	2908113	2908113-1	45861	Staphylococcus phage 42E	dsDNA	1280	Staphylococcus aureus	-	Bacillota	Prokaryote	NC_007052	0.0024	0.0	0.0057	2242
NC_055039	2510149	2510149-1	45108	Staphylococcus phage vB_SauS_fPfSau02	dsDNA	1280	Staphylococcus aureus	-	Bacillota	Prokaryote	NC_055039	0.0024	0.0	0.0057	2243
NC_028862	1674930	1674930-1	44222	Staphylococcus phage vB_SauS_phi2	dsDNA	1280	Staphylococcus aureus	-	Bacillota	Prokaryote	NC_028862	0.0	0.0	0.0057	2244
NC_021323	1277672	1277672-1	45572	Staphylococcus phage StauST398-2	dsDNA	1280	Staphylococcus aureus	-	Bacillota	Prokaryote	NC_021323	0.0	0.0	0.0057	2245
NC_011612	2914017	2914017-1	45344	Staphylococcus phage phiSauS-IPLA35	dsDNA	1280	Staphylococcus aureus	-	Bacillota	Prokaryote	NC_011612	0.0	0.0	0.0057	2246
NC_055042	1920379	1920379-1	45985	Staphylococcus phage P240	dsDNA	1280	Staphylococcus aureus	-	Bacillota	Prokaryote	NC_055042	0.0	0.0	0.0057	2247
NC_019513	1168612	1168612-1	45552	Staphylococcus phage SMSAP5	dsDNA	1280	Staphylococcus aureus	-	Bacillota	Prokaryote	NC_019513	0.0	0.0	0.0057	2248
NC_055044	2588088	2588088-1	45346	Staphylococcus phage SAP11	dsDNA	1280	Staphylococcus aureus	-	Bacillota	Prokaryote	NC_055044	0.0	0.0	0.0057	2249
NC_007054	2936812	2936812-1	44777	Staphylococcus phage 47	dsDNA	1280	Staphylococcus aureus	-	Bacillota	Prokaryote	NC_007054	0.0	0.0	0.0057	2250
NC_011344	430796	430796-1	47342	Staphylococcus phage phi2958PVL	dsDNA	1280	Staphylococcus aureus	-	Bacillota	Prokaryote	NC_011344	0.0	0.0	0.0057	2251
NC_055041	1296641	1296641-1	46048	Staphylococcus phage LH1	dsDNA	1280	Staphylococcus aureus	-	Bacillota	Prokaryote	NC_055041	0.0	0.0	0.0057	2252
NC_022758	1399949	1399949-1	44459	Staphylococcus phage YMC/09/04/R1988	dsDNA	1280	Staphylococcus aureus	-	Bacillota	Prokaryote	NC_022758	0.0	0.0	0.0056	2253
NC_055038	2066503	2066503-1	45111	Staphylococcus phage SH-St 15644	dsDNA	1280	Staphylococcus aureus	-	Bacillota	Prokaryote	NC_055038	0.0	0.0	0.0056	2254
NC_055047	2060950	2060950-1	45780	Staphylococcus phage phiSa2wa_st30	dsDNA	1280	Staphylococcus aureus	-	Bacillota	Prokaryote	NC_055047	0.0	0.0	0.0063	2255
NC_055048	2060954	2060954-1	45878	Staphylococcus phage phiSa2wa_st78	dsDNA	1280	Staphylococcus aureus	-	Bacillota	Prokaryote	NC_055048	0.0	0.0	0.0057	2256
NC_055045	2029064	2029064-1	45585	Staphylococcus phage phiSa2wa_st1	dsDNA	1280	Staphylococcus aureus	-	Bacillota	Prokaryote	NC_055045	0.0	0.0	0.0056	2257
NC_055040	2726708	2726708-1	46435	Staphylococcus phage vB_SauS_JS02	dsDNA	1280	Staphylococcus aureus	-	Bacillota	Prokaryote	NC_055040	0.0	0.0	0.0057	2258
NC_020199	1165702	1165702-1	47252	Staphylococcus phage phi7401PVL	dsDNA	1280	Staphylococcus aureus	-	Bacillota	Prokaryote	NC_020199	0.0	0.0	0.0057	2259
NC_055049	2060948	2060948-1	45621	Staphylococcus phage phiSa2wa_st121mssa	dsDNA	1280	Staphylococcus aureus	-	Bacillota	Prokaryote	NC_055049	0.0	0.0	0.0057	2260
NC_004616	2905946	2905946-1	44970	Staphylococcus phage phi 12	dsDNA	93061	Staphylococcus aureus subsp. aureus NCTC 8325	-	Bacillota	Prokaryote	NC_004616	0.0	0.0	0.0057	2261
NC_009762	445516	445516-1	47785	Staphylococcus phage tp310-2	dsDNA	1280	Staphylococcus aureus	-	Bacillota	Prokaryote	NC_009762	0.0	0.0	0.0057	2262
NC_055043	2268608	2268608-1	45999	Staphylococcus phage SA137ruMSSAST121PVL	dsDNA	1280	Staphylococcus aureus	-	Bacillota	Prokaryote	NC_055043	0.0	0.0	0.0057	2263
NC_007053	2952374	2952374-1	43095	Staphylococcus phage 3A	dsDNA	1280	Staphylococcus aureus	-	Bacillota	Prokaryote	NC_007053	0.0	0.0	0.0057	2264
NC_052974	2796514	2796514-1	59489	Achromobacter phage vB_AchrS_AchV4	dsDNA	217203	Achromobacter spanius	Casjensviridae	Pseudomonadota	Prokaryote	NC_052974	0.0045	0.0101	0.0	2265
NC_029106	1664246	1664246-1	62220	Achromobacter phage phiAxp-2	dsDNA	85698	Achromobacter xylosoxidans	Casjensviridae	Pseudomonadota	Prokaryote	NC_029106	0.0	0.0077	0.0	2266
NC_052975	2026102	2026102-1	58387	Klebsiella phage YMC16/01/N133_KPN_BP	dsDNA	573	Klebsiella pneumoniae	Casjensviridae	Pseudomonadota	Prokaryote	NC_052975	0.0047	0.0056	0.0045	2267
NC_052976	1983555	1983555-1	58279	Pseudomonas phage PspYZU01	dsDNA	306	Pseudomonas sp.	Casjensviridae	Pseudomonadota	Prokaryote	NC_052976	0.0048	0.0087	0.0036	2268
NC_052977	2662138	2662138-1	56734	Bacteriophage Phobos	dsDNA	136849	-	Casjensviridae	-	Prokaryote	NC_052977	0.0115	0.0128	0.0053	2269
NC_020853	754044	754044-1	56958	Loktanella phage pCB2051-A	dsDNA	290910	-	Casjensviridae	-	Prokaryote	NC_020853	0.0	0.0016	0.0	2270
NC_052968	1964565	1964565-1	60362	Synechococcus virus S-ESS1	dsDNA	1131	Synechococcus sp.	Casjensviridae	Cyanobacteriota	Prokaryote	NC_052968	0.0086	0.0147	0.0036	2271
NC_052969	2218618	2218618-1	61382	Ruegeria phage vB_RpoS-V16	dsDNA	246200	Ruegeria pomeroyi DSS-3	Casjensviridae	Pseudomonadota	Prokaryote	NC_052969	0.0117	0.0178	0.0	2272
NC_052971	2218617	2218617-1	59549	Ruegeria phage vB_RpoS-V11	dsDNA	246200	Ruegeria pomeroyi DSS-3	Casjensviridae	Pseudomonadota	Prokaryote	NC_052971	0.0121	0.0108	0.0048	2273
NC_052970	2218619	2218619-1	59111	Ruegeria phage vB_RpoS-V18	dsDNA	246200	Ruegeria pomeroyi DSS-3	Casjensviridae	Pseudomonadota	Prokaryote	NC_052970	0.0121	0.0108	0.0048	2274
NC_052972	2218620	2218620-1	59573	Ruegeria phage vB_RpoS-V7	dsDNA	246200	Ruegeria pomeroyi DSS-3	Casjensviridae	Pseudomonadota	Prokaryote	NC_052972	0.0140	0.0108	0.0048	2275
NC_025428	1555208	1555208-1	59601	Ruegeria phage DSS3-P1	dsDNA	246200	Ruegeria pomeroyi DSS-3	Casjensviridae	Pseudomonadota	Prokaryote	NC_025428	0.0121	0.0108	0.0048	2276
NC_055839	2723900	2723900-1	60418	Xanthomonas phage FoX4	dsDNA	340	Xanthomonas campestris pv. campestris	-	Pseudomonadota	Prokaryote	NC_055839	0.0012	0.0125	0.0	2277
NC_042344	1415148	1415148-1	56147	Xylella phage Sano	dsDNA	32033	-	Casjensviridae	-	Prokaryote	NC_042344	0.0034	0.0166	0.0036	2278
NC_042345	1415147	1415147-1	55601	Xylella phage Salvo	dsDNA	32033	-	Casjensviridae	-	Prokaryote	NC_042345	0.0093	0.0133	0.0	2279
NC_052973	2674970	2674970-1	56232	Xylella phage Bacata	dsDNA	2370	Xylella	Casjensviridae	Pseudomonadota	Prokaryote	NC_052973	0.0036	0.0240	0.0024	2280
NC_018283	1133022	1133022-1	58065	Burkholderia phage vB_BceS_AH2	dsDNA	95486	Burkholderia cenocepacia	Casjensviridae	Pseudomonadota	Prokaryote	NC_018283	0.0022	0.0081	0.0254	2281
NC_005091	242861	242861-1	57455	Burkholderia phage BcepNazgul	dsDNA	292	Burkholderia cepacia	Casjensviridae	Pseudomonadota	Prokaryote	NC_005091	0.0	0.0103	0.0	2282
NC_053013	2660688	2660688-1	57567	Pseudomonas phage vB_Pae-SS2019XI	dsDNA	287	Pseudomonas aeruginosa	Casjensviridae	Pseudomonadota	Prokaryote	NC_053013	0.0	0.0062	0.0093	2283
NC_053015	2686474	2686474-1	58573	Pectobacterium phage MA12	dsDNA	554	Pectobacterium carotovorum	Casjensviridae	Pseudomonadota	Prokaryote	NC_053015	0.0	0.0037	0.0	2284
NC_053014	2662283	2662283-1	55830	Pectobacterium phage MA11	dsDNA	554	Pectobacterium carotovorum	Casjensviridae	Pseudomonadota	Prokaryote	NC_053014	0.0	0.0053	0.0	2285
NC_052984	2608321	2608321-1	60975	Aeromonas phage vB_AhyS-A18P4	dsDNA	644	Aeromonas hydrophila	Casjensviridae	Pseudomonadota	Prokaryote	NC_052984	0.0	0.0077	0.0	2286
NC_052985	2591031	2591031-1	61426	Aeromonas phage LAh_7	dsDNA	644	Aeromonas hydrophila	Casjensviridae	Pseudomonadota	Prokaryote	NC_052985	0.0021	0.0103	0.0	2287
NC_052986	2776735	2776735-1	61382	Aeromonas phage BUCT551	dsDNA	642	-	Casjensviridae	-	Prokaryote	NC_052986	0.0	0.0065	0.0	2288
NC_053012	2315217	2315217-1	63971	Serratia phage JS26	dsDNA	104623	Serratia sp. ATCC 39006	Casjensviridae	Pseudomonadota	Prokaryote	NC_053012	0.0	0.0026	0.0	2289
NC_053011	2593268	2593268-1	62716	Erwinia phage pEp_SNUABM_08	dsDNA	79967	Erwinia pyrifoliae	Casjensviridae	Pseudomonadota	Prokaryote	NC_053011	0.0	0.0051	0.0	2290
NC_052989	2729575	2729575-1	61736	Cronobacter phage JC01	dsDNA	28141	Cronobacter sakazakii	Casjensviridae	Pseudomonadota	Prokaryote	NC_052989	0.0	0.0047	0.0	2291
NC_052978	2596672	2596672-1	60056	Proteus phage Saba	dsDNA	525369	Proteus mirabilis ATCC 29906	Casjensviridae	Pseudomonadota	Prokaryote	NC_052978	0.0	0.0050	0.0	2292
NC_052979	2783540	2783540-1	59837	Providencia phage Kokobel1	dsDNA	588	Providencia stuartii	Casjensviridae	Pseudomonadota	Prokaryote	NC_052979	0.0	0.0047	0.0	2293
NC_028812	1567485	1567485-1	58546	Proteus phage pPM_01	dsDNA	584	Proteus mirabilis	Casjensviridae	Pseudomonadota	Prokaryote	NC_028812	0.0	0.0051	0.0	2294
NC_052983	2663325	2663325-1	58536	Escherichia phage E21	dsDNA	561	Escherichia	Casjensviridae	Pseudomonadota	Prokaryote	NC_052983	0.0	0.0052	0.0	2295
NC_052981	2048007	2048007-1	59128	Proteus phage PM87	dsDNA	584	Proteus mirabilis	Casjensviridae	Pseudomonadota	Prokaryote	NC_052981	0.0	0.0052	0.0	2296
NC_052980	2753656	2753656-1	59078	Proteus phage ASh-2020a	dsDNA	584	Proteus mirabilis	Casjensviridae	Pseudomonadota	Prokaryote	NC_052980	0.0	0.0052	0.0	2297
NC_048805	2601626	2601626-1	57805	Klebsiella phage Soft	dsDNA	573	Klebsiella pneumoniae	Casjensviridae	Pseudomonadota	Prokaryote	NC_048805	0.0	0.0080	0.0	2298
NC_048732	2315475	2315475-1	58197	Klebsiella phage Seifer	dsDNA	573	Klebsiella pneumoniae	Casjensviridae	Pseudomonadota	Prokaryote	NC_048732	0.0	0.0048	0.0014	2299
NC_052988	2024241	2024241-1	59087	Klebsiella phage KPN U2874	dsDNA	573	Klebsiella pneumoniae	Casjensviridae	Pseudomonadota	Prokaryote	NC_052988	0.0	0.0048	0.0	2300
NC_052987	2079340	2079340-1	59214	Klebsiella phage KPN N98	dsDNA	573	Klebsiella pneumoniae	Casjensviridae	Pseudomonadota	Prokaryote	NC_052987	0.0	0.0048	0.0	2301
NC_048670	2024238	2024238-1	59100	Klebsiella phage KPN N137	dsDNA	573	Klebsiella pneumoniae	Casjensviridae	Pseudomonadota	Prokaryote	NC_048670	0.0	0.0048	0.0	2302
NC_053008	2742114	2742114-1	59618	Salmonella phage SAP012	dsDNA	599	Salmonella sp.	Casjensviridae	Pseudomonadota	Prokaryote	NC_053008	0.0	0.0038	0.0	2303
NC_018832	1235559	1235559-1	58104	Providencia phage Redjac	dsDNA	1157951	Providencia stuartii MRSN 2154	Casjensviridae	Pseudomonadota	Prokaryote	NC_018832	0.0	0.0038	0.0	2304
NC_053010	2761110	2761110-1	60924	Providencia phage vB_PreS-Stilesk	dsDNA	587	Providencia rettgeri	Casjensviridae	Pseudomonadota	Prokaryote	NC_053010	0.0	0.0038	0.0	2305
NC_053009	2761109	2761109-1	60727	Providencia phage vB_PreS-PibeRecoleta	dsDNA	587	Providencia rettgeri	Casjensviridae	Pseudomonadota	Prokaryote	NC_053009	0.0	0.0041	0.0	2306
NC_019524	1150990	1150990-1	60496	Enterobacter phage Enc34	dsDNA	69218	Enterobacter cancerogenus	Casjensviridae	Pseudomonadota	Prokaryote	NC_019524	0.0	0.0037	0.0	2307
GU169904	694060	694060-1	147303	Staphylococcus phage SA1	dsDNA	1280	Staphylococcus aureus	-	Bacillota	Prokaryote	GU169904	0.0063	0.0055	0.0	2308
KC139514	1173755	1173755-1	59815	Salmonella phage FSL SP-039	dsDNA	340188	Salmonella enterica subsp. enterica serovar Cerro	Casjensviridae	Pseudomonadota	Prokaryote	KC139514	0.0	0.0050	0.0	2309
NC_021779	2928682	2928682-1	59746	Salmonella phage FSL SP-030	dsDNA	98360	Salmonella enterica subsp. enterica serovar Dublin	Casjensviridae	Pseudomonadota	Prokaryote	NC_021779	0.0	0.0050	0.0	2310
NC_031930	1813781	1813781-1	59518	Salmonella phage 118970_sal1	dsDNA	28901	Salmonella enterica	Casjensviridae	Pseudomonadota	Prokaryote	NC_031930	0.0	0.0051	0.0	2311
NC_048666	2749261	2749261-1	58916	Salmonella phage YSD1	dsDNA	590	Salmonella	Casjensviridae	Pseudomonadota	Prokaryote	NC_048666	0.0	0.0051	0.0	2312
NC_021315	2927983	2927983-1	59407	Salmonella phage Chi	dsDNA	28901	Salmonella enterica	Casjensviridae	Pseudomonadota	Prokaryote	NC_021315	0.0	0.0051	0.0	2313
NC_025442	1541887	1541887-1	59578	Chivirus chi	dsDNA	28901	Salmonella enterica	Casjensviridae	Pseudomonadota	Prokaryote	NC_025442	0.0	0.0051	0.0	2314
NC_031228	1543203	1543203-1	60606	Salmonella phage BP12C	dsDNA	28901	Salmonella enterica	Casjensviridae	Pseudomonadota	Prokaryote	NC_031228	0.0	0.0051	0.0	2315
KC139515	1173758	1173758-1	59245	Salmonella phage FSL SP-124	dsDNA	340188	Salmonella enterica subsp. enterica serovar Cerro	Casjensviridae	Pseudomonadota	Prokaryote	KC139515	0.0	0.0051	0.0	2316
NC_021780	2928680	2928680-1	59454	Salmonella phage FSL SP-088	dsDNA	90371	Salmonella enterica subsp. enterica serovar Typhimurium	Casjensviridae	Pseudomonadota	Prokaryote	NC_021780	0.0	0.0051	0.0	2317
NC_019417	2923009	2923009-1	59203	Salmonella phage SPN19	dsDNA	599	Salmonella sp.	Casjensviridae	Pseudomonadota	Prokaryote	NC_019417	0.0	0.0051	0.0	2318
NC_021783	2991860	2991860-1	59254	Salmonella phage iEPS5	dsDNA	90371	Salmonella enterica subsp. enterica serovar Typhimurium	Casjensviridae	Pseudomonadota	Prokaryote	NC_021783	0.0	0.0051	0.0	2319
NC_048683	2048975	2048975-1	59715	Salmonella phage KFS-SE1	dsDNA	149539	Salmonella enterica subsp. enterica serovar Enteritidis	Casjensviridae	Pseudomonadota	Prokaryote	NC_048683	0.0	0.0051	0.0	2320
NC_053000	2419754	2419754-1	59878	Salmonella phage SeWh-1	dsDNA	28901	Salmonella enterica	Casjensviridae	Pseudomonadota	Prokaryote	NC_053000	0.0	0.0051	0.0	2321
NC_048655	1958913	1958913-1	59097	Salmonella phage BSPM4	dsDNA	90371	Salmonella enterica subsp. enterica serovar Typhimurium	Casjensviridae	Pseudomonadota	Prokaryote	NC_048655	0.0	0.0051	0.0	2322
NC_048648	1897739	1897739-1	59132	Salmonella phage ST-101	dsDNA	590	Salmonella	Casjensviridae	Pseudomonadota	Prokaryote	NC_048648	0.0	0.0038	0.0	2323
NC_052991	2698927	2698927-1	54417	Serratia phage KpYy 1 41	dsDNA	573	Klebsiella pneumoniae	Casjensviridae	Pseudomonadota	Prokaryote	NC_052991	0.0	0.0062	0.0	2324
NC_048727	2316013	2316013-1	58476	Salmonella phage Siskin	dsDNA	99287	Salmonella enterica subsp. enterica serovar Typhimurium str. LT2	Casjensviridae	Pseudomonadota	Prokaryote	NC_048727	0.0	0.0040	0.0	2325
NC_029045	1654890	1654890-1	60216	Salmonella phage 37	dsDNA	59201	Salmonella enterica subsp. enterica	Casjensviridae	Pseudomonadota	Prokaryote	NC_029045	0.0	0.0032	0.0	2326
NC_052999	2801569	2801569-1	60438	Salmonella phage vB_SenS_ER24	dsDNA	90371	Salmonella enterica subsp. enterica serovar Typhimurium	Casjensviridae	Pseudomonadota	Prokaryote	NC_052999	0.0	0.0038	0.0	2327
NC_048632	1654888	1654888-1	55391	Salmonella phage 35	dsDNA	594	Salmonella enterica subsp. enterica serovar Gallinarum	Casjensviridae	Pseudomonadota	Prokaryote	NC_048632	0.0	0.0038	0.0	2328
NC_019549	941969	941969-1	40048	Liberibacter phage SC1	dsDNA	34019	Liberibacter	-	Pseudomonadota	Prokaryote	NC_019549	0.0	0.0	0.0	2329
NC_019550	941970	941970-1	38997	Liberibacter phage SC2	dsDNA	34019	Liberibacter	-	Pseudomonadota	Prokaryote	NC_019550	0.0	0.0	0.0	2330
JF773396	1072683	1072683-1	38552	Liberibacter phage FP2	dsDNA	537021	Candidatus Liberibacter asiaticus str. psy62	-	Pseudomonadota	Prokaryote	JF773396	0.0	0.0	0.0	2331
NC_047958	2115967	2115967-1	42250	Burkholderia phage vB_BmuP_KL4	dsDNA	32008	Burkholderia	-	Pseudomonadota	Prokaryote	NC_047958	0.0226	0.0038	0.0038	2332
NC_005887	2883949	2883949-1	42415	Burkholderia phage BcepC6B	dsDNA	292	Burkholderia cepacia	-	Pseudomonadota	Prokaryote	NC_005887	0.0247	0.0246	0.0074	2333
NC_013599	670252	670252-1	36674	Xylella phage Xfas53	dsDNA	2371	Xylella fastidiosa	-	Pseudomonadota	Prokaryote	NC_013599	0.0028	0.0	0.0014	2334
AY526909	263375	263375-1	42638	Bordetella phage BIP-1	dsDNA	518	Bordetella bronchiseptica	-	Pseudomonadota	Prokaryote	AY526909	0.0230	0.0099	0.0203	2335
NC_005357	2885909	2885909-1	42493	Bordetella phage BPP-1	dsDNA	518	Bordetella bronchiseptica	-	Pseudomonadota	Prokaryote	NC_005357	0.0233	0.0098	0.0202	2336
AY526908	263374	263374-1	42663	Bordetella phage BMP-1	dsDNA	518	Bordetella bronchiseptica	-	Pseudomonadota	Prokaryote	AY526908	0.0232	0.0098	0.0202	2337
NC_020481	1283077	1283077-1	34892	Pelagibacter phage HTVC010P	dsDNA	335992	Candidatus Pelagibacter ubique HTCC1062	-	Pseudomonadota	Prokaryote	NC_020481	0.0	0.0	0.0	2338
NC_070881	2927622	2927622-1	42322	Pseudomonas phage UFJF_PfDIW6	dsDNA	294	Pseudomonas fluorescens	-	Pseudomonadota	Prokaryote	NC_070881	0.0068	0.0051	0.0	2339
NC_019923	1235689	1235689-1	42689	Pseudomonas phage AF	dsDNA	303	Pseudomonas putida	-	Pseudomonadota	Prokaryote	NC_019923	0.0066	0.0	0.0055	2340
NC_004775	215158	215158-1	39672	Salmonella phage epsilon15	dsDNA	28901	Salmonella enterica	-	Pseudomonadota	Prokaryote	NC_004775	0.0119	0.0	0.0	2341
NC_019445	1124654	1124654-1	44784	Escherichia phage TL-2011b	dsDNA	991913	Escherichia coli O103:H25	-	Pseudomonadota	Prokaryote	NC_019445	0.0095	0.0	0.0	2342
NC_007804	343516	343516-1	39104	Escherichia phage phiV10	dsDNA	83334	Escherichia coli O157:H7	-	Pseudomonadota	Prokaryote	NC_007804	0.0056	0.0	0.0	2343
KP869108	1508672	1508672-1	39234	Escherichia coli O157 typing phage 10	dsDNA	83334	Escherichia coli O157:H7	-	Pseudomonadota	Prokaryote	KP869108	0.0056	0.0	0.0	2344
NC_031077	1864623	1864623-1	41760	Enterobacter phage Tyrion	dsDNA	1676277	Enterobacter sp. CT7	-	Pseudomonadota	Prokaryote	NC_031077	0.0077	0.0	0.0	2345
JQ691610	1162289	1162289-1	38689	Salmonella phage SPN9TCW	dsDNA	90371	Salmonella enterica subsp. enterica serovar Typhimurium	-	Pseudomonadota	Prokaryote	JQ691610	0.0115	0.0	0.0	2346
NC_016761	1125653	1125653-1	38684	Salmonella phage SPN1S	dsDNA	90371	Salmonella enterica subsp. enterica serovar Typhimurium	-	Pseudomonadota	Prokaryote	NC_016761	0.0115	0.0	0.0	2347
KC911857	1327942	1327942-1	38689	Salmonella phage SPC32N	dsDNA	90371	Salmonella enterica subsp. enterica serovar Typhimurium	-	Pseudomonadota	Prokaryote	KC911857	0.0115	0.0	0.0	2348
KC911856	1327941	1327941-1	38689	Salmonella phage SPC32H	dsDNA	90371	Salmonella enterica subsp. enterica serovar Typhimurium	-	Pseudomonadota	Prokaryote	KC911856	0.0115	0.0	0.0	2349
NC_025466	1458863	1458863-1	40161	Shewanella sp. phage 3/49	dsDNA	196818	-	-	-	Prokaryote	NC_025466	0.0039	0.0	0.0019	2350
NC_069154	2874884	2874884-1	39791	Klebsiella phage VLCpiS11a	dsDNA	573	Klebsiella pneumoniae	-	Pseudomonadota	Prokaryote	NC_069154	0.0	0.0	0.0012	2351
NC_069156	2932867	2932867-1	39857	Serratia phage vB_SmaM-Otaku	dsDNA	615	Serratia marcescens	-	Pseudomonadota	Prokaryote	NC_069156	0.0	0.0	0.0020	2352
NC_069155	2787014	2787014-1	39799	Serratia phage Tsm2	dsDNA	615	Serratia marcescens	-	Pseudomonadota	Prokaryote	NC_069155	0.0026	0.0	0.0020	2353
NC_028695	1701257	1701257-1	40491	Enterobacter phage phiEap-2	dsDNA	548	Klebsiella aerogenes	-	Pseudomonadota	Prokaryote	NC_028695	0.0	0.0	0.0	2354
NC_069152	2596714	2596714-1	44342	Salmonella phage Shemara	dsDNA	28901	Salmonella enterica	-	Pseudomonadota	Prokaryote	NC_069152	0.0	0.0	0.0019	2355
NC_069153	2301721	2301721-1	43110	Salmonella virus VSiP	dsDNA	595	Salmonella enterica subsp. enterica serovar Infantis	-	Pseudomonadota	Prokaryote	NC_069153	0.0	0.0	0.0019	2356
NC_021775	1173749	1173749-1	42215	Salmonella phage FSL SP-031	dsDNA	340188	Salmonella enterica subsp. enterica serovar Cerro	-	Pseudomonadota	Prokaryote	NC_021775	0.0	0.0	0.0019	2357
NC_069146	2024312	2024312-1	42701	Salmonella phage St162	dsDNA	28901	Salmonella enterica	-	Pseudomonadota	Prokaryote	NC_069146	0.0	0.0	0.0019	2358
NC_069149	2732254	2732254-1	41658	Salmonella phage vB_SenTO17	dsDNA	90371	Salmonella enterica subsp. enterica serovar Typhimurium	-	Pseudomonadota	Prokaryote	NC_069149	0.0	0.0	0.0020	2359
NC_069147	2959429	2959429-1	41187	Salmonella phage GRNsp27	dsDNA	28901	Salmonella enterica	-	Pseudomonadota	Prokaryote	NC_069147	0.0	0.0	0.0020	2360
NC_069151	2530161	2530161-1	40987	Salmonella phage vB_SenS_SE1	dsDNA	59201	Salmonella enterica subsp. enterica	-	Pseudomonadota	Prokaryote	NC_069151	0.0	0.0	0.0020	2361
NC_069148	2491323	2491323-1	41515	Salmonella phage TS6	dsDNA	599	Salmonella sp.	-	Pseudomonadota	Prokaryote	NC_069148	0.0	0.0	0.0020	2362
NC_048181	2565500	2565500-1	44851	Raoultella phage RP180	dsDNA	1873496	Raoultella sp.	-	Pseudomonadota	Prokaryote	NC_048181	0.0	0.0	0.0021	2363
NC_073324	2865787	2865787-1	45176	Escherichia phage vB_EcoS-22664BS2	dsDNA	562	Escherichia coli	-	Pseudomonadota	Prokaryote	NC_073324	0.0	0.0	0.0020	2364
NC_073323	2863832	2863832-1	45288	Escherichia phage vB_EcoS-phiEc3	dsDNA	562	Escherichia coli	-	Pseudomonadota	Prokaryote	NC_073323	0.0	0.0	0.0020	2365
NC_042084	2047801	2047801-1	44829	Escherichia phage VB_EcoS-Golestan	dsDNA	562	Escherichia coli	-	Pseudomonadota	Prokaryote	NC_042084	0.0	0.0	0.0021	2366
NC_073314	2900297	2900297-1	45805	Escherichia virus fEg-Eco19	dsDNA	562	Escherichia coli	-	Pseudomonadota	Prokaryote	NC_073314	0.0	0.0	0.0020	2367
NC_073315	2762427	2762427-1	43947	Escherichia phage vB_EcoS_fFiEco03	dsDNA	562	Escherichia coli	-	Pseudomonadota	Prokaryote	NC_073315	0.0	0.0	0.0020	2368
NC_073317	2762429	2762429-1	44391	Escherichia phage vB_EcoS_fPoEco01	dsDNA	562	Escherichia coli	-	Pseudomonadota	Prokaryote	NC_073317	0.0	0.0	0.0020	2369
NC_073316	2762426	2762426-1	44723	Escherichia phage vB_EcoS_fFiEco02	dsDNA	562	Escherichia coli	-	Pseudomonadota	Prokaryote	NC_073316	0.0	0.0	0.0018	2370
NC_073319	2945916	2945916-1	43969	Escherichia phage SZH-1	dsDNA	562	Escherichia coli	-	Pseudomonadota	Prokaryote	NC_073319	0.0	0.0	0.0019	2371
NC_073320	2873413	2873413-1	42462	Escherichia phage 26	dsDNA	562	Escherichia coli	-	Pseudomonadota	Prokaryote	NC_073320	0.0	0.0	0.0019	2372
NC_073318	2885687	2885687-1	44240	Escherichia phage NTEC3	dsDNA	562	Escherichia coli	-	Pseudomonadota	Prokaryote	NC_073318	0.0	0.0	0.0020	2373
NC_073321	2530021	2530021-1	43372	Escherichia phage ZCEC5	dsDNA	562	Escherichia coli	-	Pseudomonadota	Prokaryote	NC_073321	0.0	0.0	0.0020	2374
NC_073322	2144178	2144178-1	42145	Escherichia phage vB_EcoS-Ro145c2YLVW	dsDNA	562	Escherichia coli	-	Pseudomonadota	Prokaryote	NC_073322	0.0	0.0	0.0019	2375
NC_073325	2681674	2681674-1	45566	Escherichia phage vB_EcoS_XY1	dsDNA	562	Escherichia coli	-	Pseudomonadota	Prokaryote	NC_073325	0.0	0.0	0.0020	2376
NC_027994	698487	698487-1	41632	Escherichia phage K1H	dsDNA	562	Escherichia coli	-	Pseudomonadota	Prokaryote	NC_027994	0.0	0.0	0.0019	2377
NC_027993	698486	698486-1	43587	Escherichia phage K1G	dsDNA	562	Escherichia coli	-	Pseudomonadota	Prokaryote	NC_027993	0.0	0.0	0.0032	2378
NC_041897	698488	698488-1	42292	Escherichia phage K1ind1	dsDNA	562	Escherichia coli	-	Pseudomonadota	Prokaryote	NC_041897	0.0	0.0	0.0032	2379
GU196281	698490	698490-1	43461	Escherichia phage K1ind3	dsDNA	562	Escherichia coli	-	Pseudomonadota	Prokaryote	GU196281	0.0	0.0	0.0031	2380
NC_041898	698489	698489-1	42765	Escherichia phage K1ind2	dsDNA	562	Escherichia coli	-	Pseudomonadota	Prokaryote	NC_041898	0.0	0.0	0.0031	2381
NC_026017	1540823	1540823-1	41880	Salmonella phage LSPA1	dsDNA	54388	Salmonella enterica subsp. enterica serovar Paratyphi A	-	Pseudomonadota	Prokaryote	NC_026017	0.0	0.0	0.0018	2382
NC_021777	1340534	1340534-1	43447	Salmonella phage Jersey	dsDNA	590	Salmonella	-	Pseudomonadota	Prokaryote	NC_021777	0.0	0.0	0.0018	2383
NC_042065	1173752	1173752-1	41873	Salmonella phage FSL SP-101	dsDNA	98360	Salmonella enterica subsp. enterica serovar Dublin	-	Pseudomonadota	Prokaryote	NC_042065	0.0	0.0	0.0018	2384
NC_073212	2996091	2996091-1	42689	Salmonella phage ZCSE9	dsDNA	90370	Salmonella enterica subsp. enterica serovar Typhi	-	Pseudomonadota	Prokaryote	NC_073212	0.0	0.0	0.0018	2385
NC_009232	424944	424944-1	42572	Salmonella phage SETP3	dsDNA	149539	Salmonella enterica subsp. enterica serovar Enteritidis	-	Pseudomonadota	Prokaryote	NC_009232	0.0	0.0	0.0017	2386
NC_073208	2795238	2795238-1	40781	Salmonella phage SLMP1	dsDNA	90371	Salmonella enterica subsp. enterica serovar Typhimurium	-	Pseudomonadota	Prokaryote	NC_073208	0.0	0.0	0.0018	2387
NC_073209	2959430	2959430-1	42078	Salmonella phage GRNsp50	dsDNA	28901	Salmonella enterica	-	Pseudomonadota	Prokaryote	NC_073209	0.0	0.0	0.0019	2388
NC_073211	2968433	2968433-1	41941	Salmonella phage T102	dsDNA	28901	Salmonella enterica	-	Pseudomonadota	Prokaryote	NC_073211	0.0	0.0	0.0019	2389
NC_073210	2849081	2849081-1	40731	Salmonella phage fmb-p1	dsDNA	28901	Salmonella enterica	-	Pseudomonadota	Prokaryote	NC_073210	0.0	0.0	0.0019	2390
NC_073216	1914788	1914788-1	43428	Salmonella phage STP03	dsDNA	90371	Salmonella enterica subsp. enterica serovar Typhimurium	-	Pseudomonadota	Prokaryote	NC_073216	0.0	0.0	0.0018	2391
NC_073217	2713312	2713312-1	43203	Salmonella phage pink	dsDNA	28901	Salmonella enterica	-	Pseudomonadota	Prokaryote	NC_073217	0.0	0.0	0.0018	2392
NC_073215	2877945	2877945-1	42345	Salmonella phage SGPC	dsDNA	28901	Salmonella enterica	-	Pseudomonadota	Prokaryote	NC_073215	0.0	0.0	0.0019	2393
NC_073214	2801553	2801553-1	42847	Salmonella phage vB_SenS_ER1	dsDNA	90371	Salmonella enterica subsp. enterica serovar Typhimurium	-	Pseudomonadota	Prokaryote	NC_073214	0.0	0.0	0.0017	2394
NC_073213	2562176	2562176-1	41147	Salmonella phage vB_SenS_SB3	dsDNA	149539	Salmonella enterica subsp. enterica serovar Enteritidis	-	Pseudomonadota	Prokaryote	NC_073213	0.0	0.0	0.0017	2395
NC_041991	1211279	1211279-1	41546	Salmonella phage vB_SenS_AG11	dsDNA	149539	Salmonella enterica subsp. enterica serovar Enteritidis	-	Pseudomonadota	Prokaryote	NC_041991	0.0	0.0	0.0017	2396
NC_073175	2301722	2301722-1	41581	Salmonella virus VSt10	dsDNA	90371	Salmonella enterica subsp. enterica serovar Typhimurium	-	Pseudomonadota	Prokaryote	NC_073175	0.0	0.0	0.0018	2397
NC_022754	424947	424947-1	42749	Salmonella phage SETP7	dsDNA	149539	Salmonella enterica subsp. enterica serovar Enteritidis	-	Pseudomonadota	Prokaryote	NC_022754	0.0	0.0	0.0018	2398
NC_022752	424949	424949-1	42665	Salmonella phage SETP13	dsDNA	149539	Salmonella enterica subsp. enterica serovar Enteritidis	-	Pseudomonadota	Prokaryote	NC_022752	0.0	0.0	0.0019	2399
NC_073204	1929963	1929963-1	41854	Salmonella phage LPSE1	dsDNA	149539	Salmonella enterica subsp. enterica serovar Enteritidis	-	Pseudomonadota	Prokaryote	NC_073204	0.0	0.0	0.0019	2400
NC_031925	1857099	1857099-1	43788	Salmonella phage BPS11Q3	dsDNA	149539	Salmonella enterica subsp. enterica serovar Enteritidis	-	Pseudomonadota	Prokaryote	NC_031925	0.0	0.0	0.0019	2401
NC_073206	2950460	2950460-1	42160	Salmonella phage CTH7	dsDNA	599	Salmonella sp.	-	Pseudomonadota	Prokaryote	NC_073206	0.0	0.0	0.0019	2402
NC_073207	2759195	2759195-1	40629	Salmonella phage SHWT1	dsDNA	599	Salmonella sp.	-	Pseudomonadota	Prokaryote	NC_073207	0.0	0.0	0.0018	2403
NC_073205	2894344	2894344-1	42600	Salmonella phage LP31	dsDNA	28901	Salmonella enterica	-	Pseudomonadota	Prokaryote	NC_073205	0.0	0.0	0.0019	2404
NC_073203	2982923	2982923-1	43205	Salmonella phage MET_P1_001_43	dsDNA	149539	Salmonella enterica subsp. enterica serovar Enteritidis	-	Pseudomonadota	Prokaryote	NC_073203	0.0	0.0	0.0019	2405
NC_073202	2713289	2713289-1	43193	Salmonella phage celemicas	dsDNA	28901	Salmonella enterica	-	Pseudomonadota	Prokaryote	NC_073202	0.0	0.0	0.0018	2406
NC_073169	2592216	2592216-1	41392	Salmonella phage SS5	dsDNA	599	Salmonella sp.	-	Pseudomonadota	Prokaryote	NC_073169	0.0	0.0	0.0018	2407
NC_073195	2580409	2580409-1	42541	Salmonella phage Shelanagig	dsDNA	28901	Salmonella enterica	-	Pseudomonadota	Prokaryote	NC_073195	0.0	0.0	0.0017	2408
NC_073196	2749668	2749668-1	41850	Salmonella phage NBSal006	dsDNA	28901	Salmonella enterica	-	Pseudomonadota	Prokaryote	NC_073196	0.0	0.0	0.0017	2409
NC_073197	2801568	2801568-1	43125	Salmonella phage vB_SenS_ER23	dsDNA	90371	Salmonella enterica subsp. enterica serovar Typhimurium	-	Pseudomonadota	Prokaryote	NC_073197	0.0	0.0	0.0019	2410
NC_073198	2801566	2801566-1	42503	Salmonella phage vB_SenS_ER21	dsDNA	90371	Salmonella enterica subsp. enterica serovar Typhimurium	-	Pseudomonadota	Prokaryote	NC_073198	0.0	0.0	0.0018	2411
NC_073199	2231336	2231336-1	42439	Salmonella phage S102	dsDNA	28901	Salmonella enterica	-	Pseudomonadota	Prokaryote	NC_073199	0.0	0.0	0.0019	2412
NC_073200	2231334	2231334-1	43468	Salmonella phage S100	dsDNA	28901	Salmonella enterica	-	Pseudomonadota	Prokaryote	NC_073200	0.0	0.0	0.0019	2413
NC_073201	2713293	2713293-1	43985	Salmonella phage dunkel	dsDNA	28901	Salmonella enterica	-	Pseudomonadota	Prokaryote	NC_073201	0.0	0.0	0.0018	2414
NC_073173	2713283	2713283-1	41993	Salmonella phage blauehaus	dsDNA	28901	Salmonella enterica	-	Pseudomonadota	Prokaryote	NC_073173	0.0	0.0	0.0018	2415
NC_073176	2653660	2653660-1	41757	Salmonella virus VSe101	dsDNA	149539	Salmonella enterica subsp. enterica serovar Enteritidis	-	Pseudomonadota	Prokaryote	NC_073176	0.0	0.0	0.0019	2416
NC_073183	2749412	2749412-1	43747	Salmonella phage NBSal007	dsDNA	28901	Salmonella enterica	-	Pseudomonadota	Prokaryote	NC_073183	0.0	0.0	0.0018	2417
NC_073177	2664131	2664131-1	43221	Salmonella phage vB_StyS-sam	dsDNA	90371	Salmonella enterica subsp. enterica serovar Typhimurium	-	Pseudomonadota	Prokaryote	NC_073177	0.0	0.0	0.0018	2418
NC_073179	2873373	2873373-1	43018	Salmonella phage vB_SenS_TUMS_E4	dsDNA	28901	Salmonella enterica	-	Pseudomonadota	Prokaryote	NC_073179	0.0	0.0	0.0018	2419
NC_073178	2906028	2906028-1	42813	Salmonella phage vB_SenS_TUMS_E19	dsDNA	28901	Salmonella enterica	-	Pseudomonadota	Prokaryote	NC_073178	0.0	0.0	0.0018	2420
NC_073172	2713320	2713320-1	42879	Salmonella phage skrot	dsDNA	28901	Salmonella enterica	-	Pseudomonadota	Prokaryote	NC_073172	0.0	0.0	0.0018	2421
NC_073174	2713326	2713326-1	40748	Salmonella phage wast	dsDNA	28901	Salmonella enterica	-	Pseudomonadota	Prokaryote	NC_073174	0.0	0.0	0.0018	2422
NC_023608	1465618	1465618-1	42093	Salmonella phage vB_SenS-Ent2	dsDNA	149539	Salmonella enterica subsp. enterica serovar Enteritidis	-	Pseudomonadota	Prokaryote	NC_023608	0.0	0.0	0.0018	2423
NC_024204	1465613	1465613-1	42764	Salmonella phage vB_SenS-Ent3	dsDNA	149539	Salmonella enterica subsp. enterica serovar Enteritidis	-	Pseudomonadota	Prokaryote	NC_024204	0.0	0.0	0.0018	2424
NC_019539	1163482	1163482-1	42391	Salmonella phage vB_SenS-Ent1	dsDNA	149539	Salmonella enterica subsp. enterica serovar Enteritidis	-	Pseudomonadota	Prokaryote	NC_019539	0.0	0.0	0.0017	2425
NC_073171	2713302	2713302-1	42375	Salmonella phage horsemountain	dsDNA	28901	Salmonella enterica	-	Pseudomonadota	Prokaryote	NC_073171	0.0	0.0	0.0018	2426
NC_073182	2301720	2301720-1	42262	Salmonella virus VSe103	dsDNA	149539	Salmonella enterica subsp. enterica serovar Enteritidis	-	Pseudomonadota	Prokaryote	NC_073182	0.0	0.0	0.0018	2427
NC_073218	2713291	2713291-1	43605	Salmonella phage demigod	dsDNA	28901	Salmonella enterica	-	Pseudomonadota	Prokaryote	NC_073218	0.0	0.0	0.0018	2428
NC_073219	2713319	2713319-1	42124	Salmonella phage sidste	dsDNA	28901	Salmonella enterica	-	Pseudomonadota	Prokaryote	NC_073219	0.0	0.0	0.0018	2429
NC_073180	2713323	2713323-1	41598	Salmonella phage templet	dsDNA	28901	Salmonella enterica	-	Pseudomonadota	Prokaryote	NC_073180	0.0	0.0	0.0018	2430
NC_073181	2762669	2762669-1	43760	Salmonella phage 5sent1	dsDNA	594	Salmonella enterica subsp. enterica serovar Gallinarum	-	Pseudomonadota	Prokaryote	NC_073181	0.0	0.0	0.0018	2431
NC_073184	3003233	3003233-1	43628	Salmonella phage F12013	dsDNA	599	Salmonella sp.	-	Pseudomonadota	Prokaryote	NC_073184	0.0	0.0	0.0018	2432
NC_073186	2024214	2024214-1	42425	Salmonella phage vB_SenS_PVP-SE2	dsDNA	149539	Salmonella enterica subsp. enterica serovar Enteritidis	-	Pseudomonadota	Prokaryote	NC_073186	0.0	0.0	0.0018	2433
NC_028698	1611545	1611545-1	41868	Salmonella phage f18SE	dsDNA	28901	Salmonella enterica	-	Pseudomonadota	Prokaryote	NC_028698	0.0	0.0	0.0027	2434
NC_041992	1204541	1204541-1	42633	Salmonella phage wksl3	dsDNA	590	Salmonella	-	Pseudomonadota	Prokaryote	NC_041992	0.0	0.0	0.0019	2435
NC_006940	293644	293644-1	40793	Salmonella phage SS3e	dsDNA	90371	Salmonella enterica subsp. enterica serovar Typhimurium	-	Pseudomonadota	Prokaryote	NC_006940	0.0	0.0	0.0019	2436
NC_073170	1897529	1897529-1	42147	Salmonella phage SE-W109	dsDNA	149539	Salmonella enterica subsp. enterica serovar Enteritidis	-	Pseudomonadota	Prokaryote	NC_073170	0.0	0.0	0.0019	2437
NC_031021	1868170	1868170-1	41224	Salmonella phage MA12	dsDNA	149539	Salmonella enterica subsp. enterica serovar Enteritidis	-	Pseudomonadota	Prokaryote	NC_031021	0.0	0.0	0.0017	2438
NC_073185	2914173	2914173-1	41332	Salmonella phage PBSE191	dsDNA	28901	Salmonella enterica	-	Pseudomonadota	Prokaryote	NC_073185	0.0	0.0	0.0017	2439
NC_021317	1325963	1325963-1	21248	Salmonella phage L13	dsDNA	594	Salmonella enterica subsp. enterica serovar Gallinarum	-	Pseudomonadota	Prokaryote	NC_021317	0.0	0.0	0.0017	2440
NC_016763	1115478	1115478-1	43221	Salmonella phage SE2	dsDNA	149539	Salmonella enterica subsp. enterica serovar Enteritidis	-	Pseudomonadota	Prokaryote	NC_016763	0.0	0.0	0.0018	2441
NC_073187	2603848	2603848-1	42894	Salmonella phage vB_SenS-EnJE1	dsDNA	59201	Salmonella enterica subsp. enterica	-	Pseudomonadota	Prokaryote	NC_073187	0.0	0.0	0.0019	2442
NC_073191	2603849	2603849-1	43129	Salmonella phage vB_SenS-EnJE6	dsDNA	590	Salmonella	-	Pseudomonadota	Prokaryote	NC_073191	0.0	0.0	0.0017	2443
NC_073189	2831178	2831178-1	44880	Salmonella phage JD01	dsDNA	149539	Salmonella enterica subsp. enterica serovar Enteritidis	-	Pseudomonadota	Prokaryote	NC_073189	0.0	0.0	0.0018	2444
NC_073194	2982171	2982171-1	43359	Salmonella phage vB_SalP_LDW16	dsDNA	599	Salmonella sp.	-	Pseudomonadota	Prokaryote	NC_073194	0.0	0.0	0.0018	2445
NC_073193	2906742	2906742-1	43324	Salmonella phage vB_SalS-S10	dsDNA	599	Salmonella sp.	-	Pseudomonadota	Prokaryote	NC_073193	0.0	0.0	0.0019	2446
NC_073192	2914178	2914178-1	42378	Salmonella phage F118P13	dsDNA	59201	Salmonella enterica subsp. enterica	-	Pseudomonadota	Prokaryote	NC_073192	0.0	0.0	0.0020	2447
NC_073188	2886209	2886209-1	43620	Salmonella phage vB_SenS_S532	dsDNA	149539	Salmonella enterica subsp. enterica serovar Enteritidis	-	Pseudomonadota	Prokaryote	NC_073188	0.0	0.0	0.0019	2448
NC_073190	2886211	2886211-1	42662	Salmonella phage vB_SenS_S528	dsDNA	149539	Salmonella enterica subsp. enterica serovar Enteritidis	-	Pseudomonadota	Prokaryote	NC_073190	0.0	0.0	0.0019	2449
NC_021561	929835	929835-1	37324	Vibrio phage pYD38-B	dsDNA	728064	Vibrio sp. YD38	-	Pseudomonadota	Prokaryote	NC_021561	0.0050	0.0	0.0	2450
KF302036	1357708	1357708-1	38208	Pseudoalteromonas phage HS2	dsDNA	53249	Pseudoalteromonas sp.	-	Pseudomonadota	Prokaryote	KF302036	0.0042	0.0	0.0	2451
NC_070822	1366055	1366055-1	39940	Pseudoalteromonas phage TW1	dsDNA	161398	Pseudoalteromonas phenolica	-	Pseudomonadota	Prokaryote	NC_070822	0.0	0.0	0.0	2452
NC_028819	1636200	1636200-1	43190	Pseudoalteromonas phage H103	dsDNA	267375	Pseudoalteromonas marina	-	Pseudomonadota	Prokaryote	NC_028819	0.0	0.0	0.0	2453
NC_020844	754067	754067-1	40695	Salicola phage CGphi29	dsDNA	332339	Salicola	-	Pseudomonadota	Prokaryote	NC_020844	0.0	0.0	0.0	2454
NC_025439	1536592	1536592-1	34773	Idiomarinaceae phage 1N2-2	dsDNA	1510939	Idiomarinaceae bacterium N2-2	-	Pseudomonadota	Prokaryote	NC_025439	0.0148	0.0019	0.0	2455
NC_029100	1667322	1667322-1	33399	Pseudoalteromonas phage Pq0	dsDNA	1678126	Pseudoalteromonas sp. Bq0	-	Pseudomonadota	Prokaryote	NC_029100	0.0058	0.0	0.0	2456
NC_018269	1176423	1176423-1	31766	Marinomonas phage P12026	dsDNA	28253	Marinomonas	-	Pseudomonadota	Prokaryote	NC_018269	0.0091	0.0019	0.0	2457
NC_047909	2070181	2070181-1	61716	Faecalibacterium phage FP_Brigit	dsDNA	853	Faecalibacterium prausnitzii	-	Bacillota	Prokaryote	NC_047909	0.0178	0.0	0.0	2458
NC_048751	2508071	2508071-1	74710	Pantoea phage vB_PagM_LIET2	dsDNA	549	Pantoea agglomerans	-	Pseudomonadota	Prokaryote	NC_048751	0.0051	0.0	0.0	2459
NC_015295	925984	925984-1	47279	Erwinia phage phiEt88	dsDNA	338565	Erwinia tasmaniensis	-	Pseudomonadota	Prokaryote	NC_015295	0.0269	0.0	0.0	2460
NC_048766	2588093	2588093-1	49990	Pantoea phage vB_PagM_AAM37	dsDNA	549	Pantoea agglomerans	-	Pseudomonadota	Prokaryote	NC_048766	0.0162	0.0	0.0	2461
NC_017981	1129194	1129194-1	49981	Xanthomonas phage vB_XveM_DIBBI	dsDNA	56460	Xanthomonas vesicatoria	-	Pseudomonadota	Prokaryote	NC_017981	0.0172	0.0	0.0	2462
NC_048767	2588094	2588094-1	49935	Pantoea phage vB_PagM_PSKM	dsDNA	549	Pantoea agglomerans	-	Pseudomonadota	Prokaryote	NC_048767	0.0174	0.0	0.0	2463
NC_020850	754074	754074-1	38374	Vibrio phage VBM1	dsDNA	223926	Vibrio parahaemolyticus RIMD 2210633	-	Pseudomonadota	Prokaryote	NC_020850	0.0188	0.0	0.0	2464
NC_020841	754048	754048-1	40803	Psychrobacter phage pOW20-A	dsDNA	728061	Psychrobacter sp. OW20	-	Pseudomonadota	Prokaryote	NC_020841	0.0283	0.0	0.0	2465
NC_028699	1647463	1647463-1	40740	Salmonella phage SEN34	dsDNA	59204	Salmonella enterica subsp. diarizonae	-	Pseudomonadota	Prokaryote	NC_028699	0.1105	0.0	0.0	2466
NC_073022	2719181	2719181-1	43329	Hafnia phage yong1	dsDNA	546367	Hafnia paralvei	-	Pseudomonadota	Prokaryote	NC_073022	0.1142	0.0	0.0	2467
Lepyrophagus	-	-	45334	user_virus1	-	-	-	-	-	-	Lepyrophagus	1.0000	0.0517	0.0083	2468
NC_070954	2767577	2767577-1	44942	Burkholderia phage Magia	dsDNA	95486	Burkholderia cenocepacia	-	Pseudomonadota	Prokaryote	NC_070954	0.2033	0.0	0.0048	2469
NC_070955	2894335	2894335-1	59762	Burkholderia phage BgManors32	dsDNA	28095	Burkholderia gladioli	-	Pseudomonadota	Prokaryote	NC_070955	0.2218	0.0262	0.0456	2470
NC_004827	230158	230158-1	43033	Haemophilus phage Aaphi23	dsDNA	714	Aggregatibacter actinomycetemcomitans	-	Pseudomonadota	Prokaryote	NC_004827	0.0541	0.0	0.0	2471
NC_013597	683735	683735-1	43970	Aggregatibacter phage S1249	dsDNA	668336	Aggregatibacter actinomycetemcomitans D11S-1	-	Pseudomonadota	Prokaryote	NC_013597	0.0451	0.0	0.0	2472
NC_048179	2562175	2562175-1	53965	Salmonella phage ZCSE2	dsDNA	149539	Salmonella enterica subsp. enterica serovar Enteritidis	-	Pseudomonadota	Prokaryote	NC_048179	0.0125	0.0	0.0	2473
NC_048764	2575328	2575328-1	53494	Salmonella phage SE4	dsDNA	590	Salmonella	-	Pseudomonadota	Prokaryote	NC_048764	0.0121	0.0	0.0	2474
NC_048763	2575325	2575325-1	52438	Salmonella phage SE13	dsDNA	590	Salmonella	-	Pseudomonadota	Prokaryote	NC_048763	0.0114	0.0	0.0	2475
NC_048864	2713282	2713282-1	52767	Salmonella phage birk	dsDNA	149539	Salmonella enterica subsp. enterica serovar Enteritidis	-	Pseudomonadota	Prokaryote	NC_048864	0.0124	0.0	0.0	2476
NC_048863	2713327	2713327-1	52464	Salmonella phage yarpen	dsDNA	149539	Salmonella enterica subsp. enterica serovar Enteritidis	-	Pseudomonadota	Prokaryote	NC_048863	0.0125	0.0	0.0	2477
NC_048649	1913047	1913047-1	54894	Salmonella phage UPF_BP2	dsDNA	59201	Salmonella enterica subsp. enterica	-	Pseudomonadota	Prokaryote	NC_048649	0.0125	0.0	0.0	2478
NC_031250	1543205	1543205-1	52437	Salmonella phage BP63	dsDNA	28901	Salmonella enterica	-	Pseudomonadota	Prokaryote	NC_031250	0.0125	0.0	0.0	2479
NC_023566	1458697	1458697-1	56024	Rhizobium phage vB_RglS_P106B	dsDNA	56730	Rhizobium gallicum	-	Pseudomonadota	Prokaryote	NC_023566	0.0	0.0029	0.0	2480
NC_019519	1161931	1161931-1	69391	Agrobacterium phage 7-7-1	dsDNA	1183401	Agrobacterium fabacearum	-	Pseudomonadota	Prokaryote	NC_019519	0.0	0.0035	0.0016	2481
NC_025463	1458862	1458862-1	49640	Shewanella sp. phage 1/44	dsDNA	196818	-	-	-	Prokaryote	NC_025463	0.0	0.0	0.0	2482
NC_048193	2508206	2508206-1	61600	Escherichia phage PTXU04	dsDNA	562	Escherichia coli	-	Pseudomonadota	Prokaryote	NC_048193	0.0	0.0	0.0	2483
NC_041925	1969841	1969841-1	54836	Proteus phage VB_PmiS-Isfahan	dsDNA	584	Proteus mirabilis	-	Pseudomonadota	Prokaryote	NC_041925	0.0	0.0	0.0	2484
NC_042063	1173760	1173760-2	13598	Salmonella phage SP069	dsDNA	108619	Salmonella enterica subsp. enterica serovar Newport	-	Pseudomonadota	Prokaryote	NC_042063	0.0	0.0	0.0	2485
NC_071011	2900314	2900314-1	56858	Klebsiella phage vB_KpnS-Carvaje	dsDNA	573	Klebsiella pneumoniae	-	Pseudomonadota	Prokaryote	NC_071011	0.0	0.0	0.0	2486
NC_047786	1913114	1913114-1	53263	Salmonella phage vB_SenS_Sasha	dsDNA	192955	Salmonella enterica subsp. enterica serovar Kentucky	-	Pseudomonadota	Prokaryote	NC_047786	0.0	0.0	0.0	2487
NC_042062	1173760	1173760-1	41391	Salmonella phage SP069	dsDNA	108619	Salmonella enterica subsp. enterica serovar Newport	-	Pseudomonadota	Prokaryote	NC_042062	0.0	0.0	0.0	2488
NC_025443	1113547	1113547-1	52869	Salmonella phage 9NA	dsDNA	99287	Salmonella enterica subsp. enterica serovar Typhimurium str. LT2	-	Pseudomonadota	Prokaryote	NC_025443	0.0	0.0	0.0	2489
NC_019522	1127516	1127516-1	48454	Pectobacterium phage ZF40	dsDNA	554	Pectobacterium carotovorum	-	Pseudomonadota	Prokaryote	NC_019522	0.0313	0.0	0.0206	2490
NC_011142	551895	551895-1	47453	Iodobacter phage PhiPLPE	dsDNA	641420	Iodobacter sp. CdM7	-	Pseudomonadota	Prokaryote	NC_011142	0.0299	0.0	0.0	2491
NC_019518	1127518	1127518-1	44485	Vibrio phage vB_VchM-138	dsDNA	666	Vibrio cholerae	-	Pseudomonadota	Prokaryote	NC_019518	0.0243	0.0	0.0	2492
NC_019457	10689	10689-1	44492	Vibrio phage CP-T1	dsDNA	666	Vibrio cholerae	-	Pseudomonadota	Prokaryote	NC_019457	0.0361	0.0	0.0058	2493
KJ572844	1500712	1500712-1	44395	Vibrio phage 24	dsDNA	666	Vibrio cholerae	-	Pseudomonadota	Prokaryote	KJ572844	0.0361	0.0	0.0058	2494
NC_021342	1325372	1325372-1	43378	Edwardsiella phage PEi21	dsDNA	67780	Edwardsiella ictaluri	-	Pseudomonadota	Prokaryote	NC_021342	0.0191	0.0	0.0	2495
NC_020082	1264700	1264700-1	42746	Edwardsiella phage MSW-3	dsDNA	636	Edwardsiella tarda	-	Pseudomonadota	Prokaryote	NC_020082	0.0170	0.0	0.0	2496
NC_044940	2053078	2053078-1	48659	Pectobacterium phage PEAT2	dsDNA	122277	Pectobacterium	-	Pseudomonadota	Prokaryote	NC_044940	0.0198	0.0	0.0	2497
NC_071128	2686208	2686208-1	49169	Klebsiella phage vB_KpnM_15-38_KLPPOU148	dsDNA	573	Klebsiella pneumoniae	-	Pseudomonadota	Prokaryote	NC_071128	0.0308	0.0	0.0	2498
NC_071131	2874879	2874879-1	48833	Klebsiella phage VLCpiM12a	dsDNA	573	Klebsiella pneumoniae	-	Pseudomonadota	Prokaryote	NC_071131	0.0160	0.0	0.0	2499
NC_071129	2849971	2849971-1	49532	Klebsiella phage BUCT_49532	dsDNA	573	Klebsiella pneumoniae	-	Pseudomonadota	Prokaryote	NC_071129	0.0159	0.0	0.0	2500
NC_071130	2849972	2849972-1	47333	Klebsiella phage BUCT_47333	dsDNA	570	Klebsiella	-	Pseudomonadota	Prokaryote	NC_071130	0.0170	0.0	0.0	2501
NC_071141	2973661	2973661-1	49371	Klebsiella phage SBP	dsDNA	573	Klebsiella pneumoniae	-	Pseudomonadota	Prokaryote	NC_071141	0.0267	0.0	0.0	2502
NC_071140	2935866	2935866-1	48021	Escherichia phage ZCEC13	dsDNA	1884818	Escherichia sp.	-	Pseudomonadota	Prokaryote	NC_071140	0.0282	0.0	0.0	2503
NC_071136	2961985	2961985-1	48837	Klebsiella phage pKp383	dsDNA	573	Klebsiella pneumoniae	-	Pseudomonadota	Prokaryote	NC_071136	0.0280	0.0	0.0	2504
NC_071135	2776813	2776813-1	47129	Klebsiella phage MEW1	dsDNA	573	Klebsiella pneumoniae	-	Pseudomonadota	Prokaryote	NC_071135	0.0267	0.0	0.0	2505
NC_042041	2041212	2041212-1	47760	Klebsiella phage vB_KpnM_KpV79	dsDNA	573	Klebsiella pneumoniae	-	Pseudomonadota	Prokaryote	NC_042041	0.0297	0.0	0.0	2506
KJ021043	1481110	1481110-1	35560	Klebsiella phage Kpn112	dsDNA	573	Klebsiella pneumoniae	-	Pseudomonadota	Prokaryote	KJ021043	0.0188	0.0	0.0	2507
NC_020204	1236000	1236000-1	48814	Klebsiella phage JD001	dsDNA	573	Klebsiella pneumoniae	-	Pseudomonadota	Prokaryote	NC_020204	0.0277	0.0	0.0	2508
NC_071132	2861002	2861002-1	50707	Klebsiella phage Geezett	dsDNA	573	Klebsiella pneumoniae	-	Pseudomonadota	Prokaryote	NC_071132	0.0279	0.0	0.0	2509
NC_071137	2562174	2562174-1	49482	Klebsiella phage vB_KpnM_IME346	dsDNA	570	Klebsiella	-	Pseudomonadota	Prokaryote	NC_071137	0.0282	0.0	0.0	2510
NC_071139	2759197	2759197-1	48245	Klebsiella phage vB_KleM_KB2	dsDNA	573	Klebsiella pneumoniae	-	Pseudomonadota	Prokaryote	NC_071139	0.0312	0.0	0.0	2511
NC_071138	2047786	2047786-1	47797	Klebsiella phage 1611E-K2-1	dsDNA	573	Klebsiella pneumoniae	-	Pseudomonadota	Prokaryote	NC_071138	0.0145	0.0	0.0	2512
NC_071133	2530028	2530028-1	49370	Klebsiella phage vB_KpnM_FZ14	dsDNA	573	Klebsiella pneumoniae	-	Pseudomonadota	Prokaryote	NC_071133	0.0280	0.0	0.0	2513
NC_041900	1912321	1912321-1	47405	Klebsiella phage vB_KpnM_KpV52	dsDNA	573	Klebsiella pneumoniae	-	Pseudomonadota	Prokaryote	NC_041900	0.0144	0.0	0.0	2514
NC_071134	2894801	2894801-1	48129	Klebsiella phage vB_KpnM_JustaPhage	dsDNA	570	Klebsiella	-	Pseudomonadota	Prokaryote	NC_071134	0.0283	0.0	0.0	2515
NC_054461	2653651	2653651-1	47407	Xanthomonas virus phiXaf18	dsDNA	56460	Xanthomonas vesicatoria	-	Pseudomonadota	Prokaryote	NC_054461	0.0088	0.0	0.0	2516
NC_054460	1927017	1927017-1	46077	Xanthomonas phage KPhi1	dsDNA	456327	Xanthomonas euvesicatoria	-	Pseudomonadota	Prokaryote	NC_054460	0.0087	0.0049	0.0	2517
NC_007710	331627	331627-1	46643	Xanthomonas phage OP2	dsDNA	64187	Xanthomonas oryzae pv. oryzae	-	Pseudomonadota	Prokaryote	NC_007710	0.0126	0.0	0.0	2518
NC_054459	2099860	2099860-1	46503	Xanthomonas phage XPV1	dsDNA	64187	Xanthomonas oryzae pv. oryzae	-	Pseudomonadota	Prokaryote	NC_054459	0.0091	0.0	0.0	2519
NC_054458	2099853	2099853-1	46195	Xanthomonas phage XPP1	dsDNA	64187	Xanthomonas oryzae pv. oryzae	-	Pseudomonadota	Prokaryote	NC_054458	0.0105	0.0	0.0	2520
NC_054463	2759709	2759709-1	44222	Ralstonia phage Bakoly	dsDNA	1310165	Ralstonia pseudosolanacearum	-	Pseudomonadota	Prokaryote	NC_054463	0.0095	0.0061	0.0	2521
NC_054946	2759710	2759710-1	44834	Ralstonia phage Simangalove	dsDNA	1310165	Ralstonia pseudosolanacearum	-	Pseudomonadota	Prokaryote	NC_054946	0.0078	0.0	0.0034	2522
NC_054462	2759711	2759711-1	44732	Ralstonia phage Adzire	dsDNA	1310165	Ralstonia pseudosolanacearum	-	Pseudomonadota	Prokaryote	NC_054462	0.0084	0.0	0.0024	2523
NC_009604	2881397	2881397-1	47382	Burkholderia phage BcepNY3	dsDNA	331272	Burkholderia cenocepacia HI2424	-	Pseudomonadota	Prokaryote	NC_009604	0.0116	0.0146	0.0	2524
NC_005263	2883943	2883943-1	48177	Burkholderia phage Bcep1	dsDNA	95486	Burkholderia cenocepacia	-	Pseudomonadota	Prokaryote	NC_005263	0.0094	0.0142	0.0	2525
NC_004333	2883946	2883946-1	48247	Burkholderia phage Bcep781	dsDNA	292	Burkholderia cepacia	-	Pseudomonadota	Prokaryote	NC_004333	0.0119	0.0133	0.0	2526
NC_005342	2883945	2883945-1	48024	Burkholderia phage Bcep43	dsDNA	292	Burkholderia cepacia	-	Pseudomonadota	Prokaryote	NC_005342	0.0107	0.0089	0.0	2527
NC_026611	1537091	1537091-1	43129	Edwardsiella phage GF-2	dsDNA	636	Edwardsiella tarda	-	Pseudomonadota	Prokaryote	NC_026611	0.0095	0.0	0.0	2528
NC_054464	2419942	2419942-1	40844	Edwardsiella phage Edno5	dsDNA	1821960	Edwardsiella anguillarum	-	Pseudomonadota	Prokaryote	NC_054464	0.0046	0.0	0.0	2529
NC_019527	1127514	1127514-1	43551	Aeromonas phage vB_AsaM-56	dsDNA	645	Aeromonas salmonicida	-	Pseudomonadota	Prokaryote	NC_019527	0.0124	0.0027	0.0	2530
NC_054466	2588099	2588099-1	42249	Aeromonas phage 4_D05	dsDNA	948519	Aeromonas rivipollensis	-	Pseudomonadota	Prokaryote	NC_054466	0.0075	0.0016	0.0	2531
NC_054465	2588098	2588098-1	43233	Aeromonas phage 2_D05	dsDNA	948519	Aeromonas rivipollensis	-	Pseudomonadota	Prokaryote	NC_054465	0.0080	0.0029	0.0	2532
NC_028995	1229760	1229760-1	43216	Acinetobacter phage phiAC-1	dsDNA	487316	Acinetobacter soli	-	Pseudomonadota	Prokaryote	NC_028995	0.0044	0.0	0.0	2533
NC_017984	1187128	1187128-1	46387	Acinetobacter phage AP22	dsDNA	470	Acinetobacter baumannii	-	Pseudomonadota	Prokaryote	NC_017984	0.0108	0.0	0.0	2534
NC_041924	1965454	1965454-1	45415	Acinetobacter phage WCHABP12	dsDNA	470	Acinetobacter baumannii	-	Pseudomonadota	Prokaryote	NC_041924	0.0063	0.0	0.0	2535
NC_041966	1983409	1983409-1	45888	Acinetobacter phage WCHABP1	dsDNA	470	Acinetobacter baumannii	-	Pseudomonadota	Prokaryote	NC_041966	0.0063	0.0	0.0048	2536
NC_042028	889876	889876-1	45159	Acinetobacter phage AB1	dsDNA	470	Acinetobacter baumannii	-	Pseudomonadota	Prokaryote	NC_042028	0.0114	0.0	0.0	2537
NC_041998	2015804	2015804-1	45373	Acinetobacter phage AbP2	dsDNA	470	Acinetobacter baumannii	-	Pseudomonadota	Prokaryote	NC_041998	0.0062	0.0	0.0048	2538
NC_031117	1792222	1792222-1	44885	Acinetobacter phage LZ35	dsDNA	470	Acinetobacter baumannii	-	Pseudomonadota	Prokaryote	NC_031117	0.0113	0.0	0.0048	2539
NC_041857	1243183	1243183-1	43665	Acinetobacter phage vB_AbaM-IME-AB2	dsDNA	470	Acinetobacter baumannii	-	Pseudomonadota	Prokaryote	NC_041857	0.0093	0.0	0.0048	2540
NC_028855	1628720	1628720-1	44846	Acinetobacter phage YMC11/12/R2315	dsDNA	2	Bacteria	-	-	Prokaryote	NC_028855	0.0093	0.0	0.0	2541
NC_024785	1505225	1505225-1	44844	Acinetobacter phage YMC-13-01-C62	dsDNA	470	Acinetobacter baumannii	-	Pseudomonadota	Prokaryote	NC_024785	0.0093	0.0	0.0	2542
NC_005886	279530	279530-1	47399	Burkholderia phage BcepB1A	dsDNA	95486	Burkholderia cenocepacia	-	Pseudomonadota	Prokaryote	NC_005886	0.0102	0.0	0.0	2543
NC_042092	2048978	2048978-1	67498	Pseudomonas phage tabernarius	dsDNA	663959	Pseudomonas syringae pv. avii	-	Pseudomonadota	Prokaryote	NC_042092	0.0039	0.0	0.0	2544
NC_048759	2557553	2557553-1	68621	Serratia phage MTx	dsDNA	615	Serratia marcescens	-	Pseudomonadota	Prokaryote	NC_048759	0.0045	0.0	0.0	2545
NC_048147	2785027	2785027-1	61830	Xanthomonas phage XcP1	dsDNA	340	Xanthomonas campestris pv. campestris	-	Pseudomonadota	Prokaryote	NC_048147	0.0038	0.0	0.0	2546
NC_047962	2163636	2163636-1	61939	Xanthomonas phage Carpasina	dsDNA	339	Xanthomonas campestris	-	Pseudomonadota	Prokaryote	NC_047962	0.0038	0.0	0.0	2547
NC_048195	2508193	2508193-1	72472	Escherichia phage vB_EcoM_WFC	dsDNA	562	Escherichia coli	-	Pseudomonadota	Prokaryote	NC_048195	0.0030	0.0	0.0	2548
NC_025441	1204521	1204521-1	66854	Escherichia phage ECML-117	dsDNA	83334	Escherichia coli O157:H7	-	Pseudomonadota	Prokaryote	NC_025441	0.0031	0.0	0.0	2549
NC_048194	2508192	2508192-1	71283	Escherichia phage vB_EcoM_WFH	dsDNA	562	Escherichia coli	-	Pseudomonadota	Prokaryote	NC_048194	0.0029	0.0	0.0	2550
NC_048073	2315486	2315486-1	68472	Escherichia phage FEC19	dsDNA	83334	Escherichia coli O157:H7	-	Pseudomonadota	Prokaryote	NC_048073	0.0030	0.0	0.0	2551
NC_028745	1640970	1640970-1	66103	Pseudomonas phage DL60	dsDNA	208964	Pseudomonas aeruginosa PAO1	-	Pseudomonadota	Prokaryote	NC_028745	0.0054	0.0	0.0	2552
KF981875	1453336	1453336-1	65729	Pseudomonas phage SPM-1	dsDNA	287	Pseudomonas aeruginosa	-	Pseudomonadota	Prokaryote	KF981875	0.0039	0.0	0.0	2553
NC_007810	347329	347329-1	66015	Pseudomonas phage F8	dsDNA	287	Pseudomonas aeruginosa	-	Pseudomonadota	Prokaryote	NC_007810	0.0051	0.0	0.0	2554
NC_026600	1548917	1548917-1	66181	Pseudomonas phage vB_PaeM_C1-14_Ab28	dsDNA	287	Pseudomonas aeruginosa	-	Pseudomonadota	Prokaryote	NC_026600	0.0054	0.0	0.0	2555
NC_050144	2719186	2719186-1	65797	Pseudomonas phage Epa14	dsDNA	306	Pseudomonas sp.	-	Pseudomonadota	Prokaryote	NC_050144	0.0052	0.0	0.0	2556
NC_011810	538398	538398-1	65764	Pseudomonas phage PB1	dsDNA	287	Pseudomonas aeruginosa	-	Pseudomonadota	Prokaryote	NC_011810	0.0053	0.0	0.0	2557
NC_048663	2562636	2562636-1	65737	Pseudomonas phage R26	dsDNA	286	Pseudomonas	-	Pseudomonadota	Prokaryote	NC_048663	0.0061	0.0	0.0	2558
NC_050143	2719601	2719601-1	60746	Pseudomonas phage datas	dsDNA	208964	Pseudomonas aeruginosa PAO1	-	Pseudomonadota	Prokaryote	NC_050143	0.0051	0.0	0.0	2559
JQ067083	1175653	1175653-1	66450	Pseudomonas phage PaMx13	dsDNA	287	Pseudomonas aeruginosa	-	Pseudomonadota	Prokaryote	JQ067083	0.0052	0.0	0.0016	2560
NC_048744	2307269	2307269-1	65905	Pseudomonas phage EPa61	dsDNA	286	Pseudomonas	-	Pseudomonadota	Prokaryote	NC_048744	0.0051	0.0	0.0	2561
NC_048662	2562635	2562635-1	65415	Pseudomonas phage R12	dsDNA	286	Pseudomonas	-	Pseudomonadota	Prokaryote	NC_048662	0.0050	0.0	0.0	2562
NC_011165	549445	549445-1	64427	Pseudomonas phage LBL3	dsDNA	287	Pseudomonas aeruginosa	-	Pseudomonadota	Prokaryote	NC_011165	0.0052	0.0	0.0	2563
NC_050150	2719595	2719595-1	65852	Pseudomonas phage antinowhere	dsDNA	208964	Pseudomonas aeruginosa PAO1	-	Pseudomonadota	Prokaryote	NC_050150	0.0052	0.0	0.0	2564
NC_048745	2508865	2508865-1	66086	Pseudomonas phage vB_PaeM_SCUT-S1	dsDNA	208964	Pseudomonas aeruginosa PAO1	-	Pseudomonadota	Prokaryote	NC_048745	0.0051	0.0	0.0	2565
NC_048626	2498591	2498591-1	66220	Pseudomonas phage PA01	dsDNA	208964	Pseudomonas aeruginosa PAO1	-	Pseudomonadota	Prokaryote	NC_048626	0.0061	0.0	0.0	2566
NC_050151	2719600	2719600-1	66295	Pseudomonas phage crassa	dsDNA	208964	Pseudomonas aeruginosa PAO1	-	Pseudomonadota	Prokaryote	NC_050151	0.0066	0.0	0.0	2567
NC_028939	1542090	1542090-1	68871	Pseudomonas phage vB_Pae_PS44	dsDNA	287	Pseudomonas aeruginosa	-	Pseudomonadota	Prokaryote	NC_028939	0.0039	0.0	0.0	2568
NC_041902	1913570	1913570-1	66182	Pseudomonas phage PA5	dsDNA	287	Pseudomonas aeruginosa	-	Pseudomonadota	Prokaryote	NC_041902	0.0039	0.0	0.0	2569
NC_011756	582382	582382-1	66390	Pseudomonas phage SN	dsDNA	287	Pseudomonas aeruginosa	-	Pseudomonadota	Prokaryote	NC_011756	0.0041	0.0	0.0	2570
NC_048676	2041215	2041215-1	65847	Pseudomonas phage SL1	dsDNA	287	Pseudomonas aeruginosa	-	Pseudomonadota	Prokaryote	NC_048676	0.0041	0.0	0.0	2571
NC_042080	2034347	2034347-1	66789	Pseudomonas phage vB_PaeM_E215	dsDNA	286	Pseudomonas	-	Pseudomonadota	Prokaryote	NC_042080	0.0042	0.0	0.0	2572
NC_028971	1640974	1640974-1	66111	Pseudomonas phage DL68	dsDNA	208964	Pseudomonas aeruginosa PAO1	-	Pseudomonadota	Prokaryote	NC_028971	0.0041	0.0	0.0	2573
NC_011703	581037	581037-1	66235	Pseudomonas phage 14-1	dsDNA	286	Pseudomonas	-	Pseudomonadota	Prokaryote	NC_011703	0.0041	0.0	0.0	2574
NC_048806	2848039	2848039-1	65690	Pseudomonas phage PA8P1	dsDNA	287	Pseudomonas aeruginosa	-	Pseudomonadota	Prokaryote	NC_048806	0.0042	0.0	0.0	2575
NC_017674	749447	749447-1	66275	Pseudomonas phage JG024	dsDNA	287	Pseudomonas aeruginosa	-	Pseudomonadota	Prokaryote	NC_017674	0.0053	0.0	0.0	2576
NC_050146	2719200	2719200-1	65629	Pseudomonas phage Epa7	dsDNA	306	Pseudomonas sp.	-	Pseudomonadota	Prokaryote	NC_050146	0.0041	0.0	0.0	2577
NC_050147	2719185	2719185-1	65680	Pseudomonas phage Epa13	dsDNA	306	Pseudomonas sp.	-	Pseudomonadota	Prokaryote	NC_050147	0.0039	0.0	0.0	2578
NC_048675	2029635	2029635-1	66189	Pseudomonas phage BrSP1	dsDNA	286	Pseudomonas	-	Pseudomonadota	Prokaryote	NC_048675	0.0039	0.0	0.0	2579
NC_050148	2590837	2590837-1	66657	Pseudomonas virus Pa193	dsDNA	287	Pseudomonas aeruginosa	-	Pseudomonadota	Prokaryote	NC_050148	0.0053	0.0	0.0	2580
NC_050149	2743936	2743936-1	65918	Pseudomonas phage vB_PaeM_USP_1	dsDNA	287	Pseudomonas aeruginosa	-	Pseudomonadota	Prokaryote	NC_050149	0.0042	0.0	0.0	2581
NC_019451	1158680	1158680-1	66116	Pseudomonas phage NH-4	dsDNA	287	Pseudomonas aeruginosa	-	Pseudomonadota	Prokaryote	NC_019451	0.0042	0.0	0.0	2582
NC_041865	1597972	1597972-1	65994	Pseudomonas phage phiKTN6	dsDNA	208964	Pseudomonas aeruginosa PAO1	-	Pseudomonadota	Prokaryote	NC_041865	0.0039	0.0	0.0	2583
NC_041870	1675014	1675014-1	66158	Pseudomonas phage vB_PaeM_CEB_DP1	dsDNA	208964	Pseudomonas aeruginosa PAO1	-	Pseudomonadota	Prokaryote	NC_041870	0.0039	0.0	0.0	2584
NC_011166	549446	549446-1	66530	Pseudomonas phage LMA2	dsDNA	287	Pseudomonas aeruginosa	-	Pseudomonadota	Prokaryote	NC_011166	0.0042	0.0	0.0	2585
NC_050145	2203191	2203191-1	65554	Pseudomonas phage PaGU11	dsDNA	287	Pseudomonas aeruginosa	-	Pseudomonadota	Prokaryote	NC_050145	0.0039	0.0	0.0	2586
LN610588	1548916	1548916-1	66326	Pseudomonas phage vB_PaeM_PAO1_Ab29	dsDNA	287	Pseudomonas aeruginosa	-	Pseudomonadota	Prokaryote	LN610588	0.0039	0.0	0.0	2587
NC_026586	1548907	1548907-1	66299	Pseudomonas phage vB_PaeM_PAO1_Ab27	dsDNA	287	Pseudomonas aeruginosa	-	Pseudomonadota	Prokaryote	NC_026586	0.0039	0.0	0.0	2588
NC_019935	763998	763998-1	64144	Pseudomonas phage KPP12	dsDNA	287	Pseudomonas aeruginosa	-	Pseudomonadota	Prokaryote	NC_019935	0.0041	0.0	0.0	2589
NC_048699	2099648	2099648-1	66095	Pseudomonas phage vB_PaeM_LS1	dsDNA	287	Pseudomonas aeruginosa	-	Pseudomonadota	Prokaryote	NC_048699	0.0039	0.0	0.0	2590
NC_042079	2034346	2034346-1	66291	Pseudomonas phage vB_PaeM_E217	dsDNA	286	Pseudomonas	-	Pseudomonadota	Prokaryote	NC_042079	0.0039	0.0	0.0	2591
NC_071008	2894356	2894356-1	44715	Pantoea phage PdC23	dsDNA	59814	Pantoea dispersa	-	Pseudomonadota	Prokaryote	NC_071008	0.0	0.0	0.0	2592
NC_050154	2014434	2014434-1	91159	Escherichia phage D6	dsDNA	562	Escherichia coli	-	Pseudomonadota	Prokaryote	NC_050154	0.0	0.0	0.0	2593
NC_031129	1815968	1815968-1	103445	Salmonella phage SJ46	dsDNA	286783	Salmonella enterica subsp. enterica serovar Indiana	-	Pseudomonadota	Prokaryote	NC_031129	0.0122	0.0	0.0	2594
NC_042128	1590550	1590550-1	115154	Escherichia phage RCS47	dsDNA	562	Escherichia coli	-	Pseudomonadota	Prokaryote	NC_042128	0.0110	0.0	0.0	2595
NC_005856	2886926	2886926-1	94800	Escherichia phage P1	dsDNA	543	Enterobacteriaceae	-	Pseudomonadota	Prokaryote	NC_005856	0.0111	0.0	0.0	2596
NC_050152	10682	10682-1	101660	Enterobacteria phage P7	dsDNA	561	Escherichia	-	Pseudomonadota	Prokaryote	NC_050152	0.0100	0.0	0.0	2597
NC_029061	1636270	1636270-1	36315	Rhodoferax phage P26218	dsDNA	2184758	Rhodoferax lacus	-	Pseudomonadota	Prokaryote	NC_029061	0.0	0.0	0.0	2598
NC_020488	1168281	1168281-1	38682	Vibrio phage VvAW1	dsDNA	672	Vibrio vulnificus	-	Pseudomonadota	Prokaryote	NC_020488	0.0	0.0	0.0	2599
NC_071016	2576871	2576871-1	36396	Shewanella phage X14	dsDNA	1738770	Shewanella inventionis	-	Pseudomonadota	Prokaryote	NC_071016	0.0	0.0	0.0	2600
NC_070932	1932118	1932118-1	59782	Ochrobactrum phage POI1126	dsDNA	94625	Brucella intermedia	-	Pseudomonadota	Prokaryote	NC_070932	0.0033	0.0019	0.0026	2601
NC_003324	179237	179237-1	57416	Sinorhizobium phage PBC5	dsDNA	382	Sinorhizobium meliloti	-	Pseudomonadota	Prokaryote	NC_003324	0.0326	0.0103	0.0053	2602
NC_070876	2024265	2024265-1	58966	Agrobacterium phage Atu_ph08	dsDNA	358	Agrobacterium tumefaciens	-	Pseudomonadota	Prokaryote	NC_070876	0.0	0.0053	0.0150	2603
NC_070827	2006671	2006671-1	62978	Pseudomonas phage Skulduggery	dsDNA	216595	Pseudomonas fluorescens SBW25	-	Pseudomonadota	Prokaryote	NC_070827	0.0036	0.0	0.0	2604
NC_070969	2805750	2805750-1	61818	Pseudomonas phage Itty13	dsDNA	287	Pseudomonas aeruginosa	-	Pseudomonadota	Prokaryote	NC_070969	0.0317	0.0220	0.0144	2605
NC_048758	2557554	2557554-1	62853	Serratia phage Parlo	dsDNA	615	Serratia marcescens	-	Pseudomonadota	Prokaryote	NC_048758	0.0	0.0	0.0	2606
NC_054966	2026944	2026944-1	61644	Klebsiella phage SopranoGao	dsDNA	573	Klebsiella pneumoniae	-	Pseudomonadota	Prokaryote	NC_054966	0.0	0.0	0.0	2607
NC_054965	2723758	2723758-1	62420	Klebsiella phage LASTA	dsDNA	573	Klebsiella pneumoniae	-	Pseudomonadota	Prokaryote	NC_054965	0.0045	0.0	0.0	2608
NC_016767	1131315	1131315-1	60714	Erwinia phage PEp14	dsDNA	79967	Erwinia pyrifoliae	-	Pseudomonadota	Prokaryote	NC_016767	0.0014	0.0040	0.0	2609
NC_070921	2267655	2267655-1	61401	Erwinia phage Pavtok	dsDNA	552	Erwinia amylovora	-	Pseudomonadota	Prokaryote	NC_070921	0.0061	0.0	0.0	2610
NC_018452	2881398	2881398-1	61847	Burkholderia phage DC1	dsDNA	292	Burkholderia cepacia	-	Pseudomonadota	Prokaryote	NC_018452	0.0480	0.0346	0.0378	2611
NC_012743	2886898	2886898-1	62715	Burkholderia phage BcepIL02	dsDNA	95486	Burkholderia cenocepacia	-	Pseudomonadota	Prokaryote	NC_012743	0.0407	0.0357	0.0392	2612
NC_019917	2886899	2886899-1	62952	Burkholderia phage BcepMigl	dsDNA	95486	Burkholderia cenocepacia	-	Pseudomonadota	Prokaryote	NC_019917	0.0478	0.0313	0.0320	2613
NC_005262	2883944	2883944-1	63882	Burkholderia phage Bcep22	dsDNA	32008	Burkholderia	-	Pseudomonadota	Prokaryote	NC_005262	0.0368	0.0402	0.0028	2614
NC_054964	2282904	2282904-1	61129	Ralstonia phage GP4	dsDNA	305	Ralstonia solanacearum	-	Pseudomonadota	Prokaryote	NC_054964	0.0113	0.0303	0.0215	2615
NC_054963	2759728	2759728-1	61164	Ralstonia phage Gervaise	dsDNA	1310165	Ralstonia pseudosolanacearum	-	Pseudomonadota	Prokaryote	NC_054963	0.0262	0.0250	0.0290	2616
NC_054962	2759721	2759721-1	57085	Ralstonia phage Claudette	dsDNA	1310165	Ralstonia pseudosolanacearum	-	Pseudomonadota	Prokaryote	NC_054962	0.0247	0.0141	0.0094	2617
NC_054959	2759727	2759727-1	60898	Ralstonia phage Gerry	dsDNA	1310165	Ralstonia pseudosolanacearum	-	Pseudomonadota	Prokaryote	NC_054959	0.0221	0.0122	0.0094	2618
NC_054957	2759724	2759724-1	57352	Ralstonia phage Eline	dsDNA	1310165	Ralstonia pseudosolanacearum	-	Pseudomonadota	Prokaryote	NC_054957	0.0202	0.0160	0.0116	2619
NC_054958	2759726	2759726-1	58603	Ralstonia phage Gamede	dsDNA	1310165	Ralstonia pseudosolanacearum	-	Pseudomonadota	Prokaryote	NC_054958	0.0180	0.0128	0.0179	2620
NC_054960	2759730	2759730-1	58352	Ralstonia phage Heva	dsDNA	1310165	Ralstonia pseudosolanacearum	-	Pseudomonadota	Prokaryote	NC_054960	0.0223	0.0071	0.0145	2621
NC_054956	2759720	2759720-1	55171	Ralstonia phage Cimandef	dsDNA	1310165	Ralstonia pseudosolanacearum	-	Pseudomonadota	Prokaryote	NC_054956	0.0271	0.0204	0.0118	2622
NC_021068	573171	573171-1	57611	Vibrio phage douglas 12A4	dsDNA	668	Aliivibrio fischeri	-	Pseudomonadota	Prokaryote	NC_021068	0.0	0.0	0.0	2623
NC_025434	1498227	1498227-1	62699	Shigella phage POCJ13	dsDNA	42897	Shigella flexneri 2a	-	Pseudomonadota	Prokaryote	NC_025434	0.0	0.0	0.0	2624
NC_029120	1416032	1416032-1	60875	Shigella phage 75/02 Stx	dsDNA	624	Shigella sonnei	-	Pseudomonadota	Prokaryote	NC_029120	0.0	0.0	0.0	2625
NC_028685	1675531	1675531-1	62851	Shigella phage Ss-VASD	dsDNA	624	Shigella sonnei	-	Pseudomonadota	Prokaryote	NC_028685	0.0024	0.0	0.0	2626
NC_019442	1124655	1124655-1	60523	Escherichia phage TL-2011c	dsDNA	991913	Escherichia coli O103:H25	-	Pseudomonadota	Prokaryote	NC_019442	0.0024	0.0	0.0	2627
NC_028660	1458706	1458706-1	61035	Escherichia phage phi191	dsDNA	397453	Escherichia coli O111:H2	-	Pseudomonadota	Prokaryote	NC_028660	0.0	0.0	0.0	2628
NC_018846	1150869	1150869-1	60894	Escherichia phage P13374	dsDNA	1206746	Escherichia coli O104:H4 str. CB13374	-	Pseudomonadota	Prokaryote	NC_018846	0.0024	0.0	0.0	2629
NC_049917	2590400	2590400-1	62668	Escherichia phage Lyz12581Vzw	dsDNA	1055538	Escherichia coli O145	-	Pseudomonadota	Prokaryote	NC_049917	0.0024	0.0	0.0	2630
NC_049918	1983463	1983463-1	62020	Escherichia phage ArgO145	dsDNA	577669	Escherichia coli O145:H-	-	Pseudomonadota	Prokaryote	NC_049918	0.0024	0.0	0.0	2631
NC_028449	1660365	1660365-1	63569	Escherichia phage PA2	dsDNA	1005487	Escherichia coli PA2	-	Pseudomonadota	Prokaryote	NC_028449	0.0024	0.0	0.0	2632
NC_028656	936054	936054-1	65955	Enterobacteria phage VT2phi_272	dsDNA	83334	Escherichia coli O157:H7	-	Pseudomonadota	Prokaryote	NC_028656	0.0024	0.0	0.0	2633
NC_008464	379329	379329-1	60238	Stx2-converting phage 86	dsDNA	562	Escherichia coli	-	Pseudomonadota	Prokaryote	NC_008464	0.0088	0.0	0.0	2634
NC_049921	1855816	1855816-1	57123	Stx1 converting phage AU6Stx1	dsDNA	83333	Escherichia coli K-12	-	Pseudomonadota	Prokaryote	NC_049921	0.0	0.0	0.0	2635
NC_049919	2108115	2108115-1	61564	Escherichia phage SH2026Stx1	dsDNA	562	Escherichia coli	-	Pseudomonadota	Prokaryote	NC_049919	0.0047	0.0	0.0	2636
NC_049920	1855815	1855815-1	58371	Stx1 converting phage AU5Stx1	dsDNA	83333	Escherichia coli K-12	-	Pseudomonadota	Prokaryote	NC_049920	0.0	0.0	0.0	2637
NC_049925	1792287	1792287-1	61580	Stx converting phage vB_EcoS_P27	dsDNA	511145	Escherichia coli str. K-12 substr. MG1655	-	Pseudomonadota	Prokaryote	NC_049925	0.0	0.0	0.0	2638
NC_041935	1660368	1660368-1	61292	Escherichia phage PA28	dsDNA	1005501	Escherichia coli PA28	-	Pseudomonadota	Prokaryote	NC_041935	0.0	0.0	0.0	2639
NC_010237	489779	489779-1	63395	Escherichia phage Min27	dsDNA	83334	Escherichia coli O157:H7	-	Pseudomonadota	Prokaryote	NC_010237	0.0	0.0	0.0	2640
NC_049924	1226255	1226255-1	64900	Stx2-converting phage Stx2a_F451	dsDNA	83334	Escherichia coli O157:H7	-	Pseudomonadota	Prokaryote	NC_049924	0.0	0.0	0.0	2641
NC_027984	866553	866553-1	57677	Escherichia phage vB_EcoP_24B	dsDNA	562	Escherichia coli	-	Pseudomonadota	Prokaryote	NC_027984	0.0	0.0	0.0	2642
NC_049923	1226258	1226258-1	56224	Stx2-converting phage Stx2a_WGPS9	dsDNA	83334	Escherichia coli O157:H7	-	Pseudomonadota	Prokaryote	NC_049923	0.0	0.0	0.0	2643
NC_049922	1792289	1792289-1	62822	Stx converting phage vB_EcoS_ST2-8624	dsDNA	83334	Escherichia coli O157:H7	-	Pseudomonadota	Prokaryote	NC_049922	0.0	0.0	0.0	2644
AP004402	180816	180816-1	61765	Stx2 converting phage I	dsDNA	83334	Escherichia coli O157:H7	-	Pseudomonadota	Prokaryote	AP004402	0.0	0.0	0.0	2645
NC_000924	10730	10730-1	61670	Escherichia phage 933W	dsDNA	155864	Escherichia coli O157:H7 str. EDL933	-	Pseudomonadota	Prokaryote	NC_000924	0.0	0.0	0.0	2646
KJ909655	1506453	1506453-1	61137	Escherichia Stx1-converting recombinant phage HUN/2013	dsDNA	83334	Escherichia coli O157:H7	-	Pseudomonadota	Prokaryote	KJ909655	0.0098	0.0	0.0	2647
NC_004913	194948	194948-1	59866	Escherichia Stx1 converting phage	dsDNA	83334	Escherichia coli O157:H7	-	Pseudomonadota	Prokaryote	NC_004913	0.0098	0.0	0.0	2648
NC_004914	194949	194949-1	62706	Escherichia phage Stx2 II	dsDNA	83334	Escherichia coli O157:H7	-	Pseudomonadota	Prokaryote	NC_004914	0.0098	0.0	0.0	2649
NC_000902	97081	97081-1	60942	Enterobacteria phage VT2-Sakai	dsDNA	1045010	Escherichia coli O157	-	Pseudomonadota	Prokaryote	NC_000902	0.0109	0.0	0.0	2650
NC_023502	1414737	1414737-1	109558	Rhizobium phage vB_RleS_L338C	dsDNA	384	Rhizobium leguminosarum	-	Pseudomonadota	Prokaryote	NC_023502	0.0016	0.0	0.0024	2651
NC_034248	1220717	1220717-1	115042	Rhizobium phage RHEph10	dsDNA	29449	Rhizobium etli	-	Pseudomonadota	Prokaryote	NC_034248	0.0201	0.0	0.0073	2652
NC_018843	1177632	1177632-1	103299	Salmonella phage SSU5	dsDNA	99287	Salmonella enterica subsp. enterica serovar Typhimurium str. LT2	-	Pseudomonadota	Prokaryote	NC_018843	0.0	0.0	0.0	2653
NC_042091	2048977	2048977-1	112225	Pseudomonas phage nickie	dsDNA	663959	Pseudomonas syringae pv. avii	-	Pseudomonadota	Prokaryote	NC_042091	0.0	0.0036	0.0	2654
NC_054955	2759715	2759715-1	46321	Ralstonia phage Raharianne	dsDNA	1310165	Ralstonia pseudosolanacearum	-	Pseudomonadota	Prokaryote	NC_054955	0.0272	0.0089	0.0	2655
NC_022915	1417599	1417599-1	40471	Ralstonia phage RSK1	dsDNA	305	Ralstonia solanacearum	-	Pseudomonadota	Prokaryote	NC_022915	0.0	0.0	0.0	2656
NC_054961	2759725	2759725-1	39744	Ralstonia phage Firinga	dsDNA	1310165	Ralstonia pseudosolanacearum	-	Pseudomonadota	Prokaryote	NC_054961	0.0137	0.0	0.0	2657
NC_048112	2488654	2488654-1	42042	Escherichia phage Skarpretter	dsDNA	511145	Escherichia coli str. K-12 substr. MG1655	-	Pseudomonadota	Prokaryote	NC_048112	0.0	0.0	0.0	2658
NC_048067	2234093	2234093-1	41775	Escherichia phage C130_2	dsDNA	543	Enterobacteriaceae	-	Pseudomonadota	Prokaryote	NC_048067	0.0	0.0015	0.0	2659
NC_048113	2488859	2488859-1	41126	Salmonella phage Lumpael	dsDNA	149539	Salmonella enterica subsp. enterica serovar Enteritidis	-	Pseudomonadota	Prokaryote	NC_048113	0.0	0.0	0.0	2660
NC_047742	1414766	1414766-1	41510	Enterobacteria phage IME_EC2	dsDNA	562	Escherichia coli	-	Pseudomonadota	Prokaryote	NC_047742	0.0011	0.0	0.0040	2661
NC_047862	2041211	2041211-1	42518	Klebsiella phage vB_KpnS_IME279	dsDNA	573	Klebsiella pneumoniae	-	Pseudomonadota	Prokaryote	NC_047862	0.0	0.0	0.0	2662
NC_048178	2562456	2562456-1	41912	Escherichia phage Sortsne	dsDNA	83333	Escherichia coli K-12	-	Pseudomonadota	Prokaryote	NC_048178	0.0	0.0	0.0	2663
NC_007902	373126	373126-1	52162	Sodalis phage phiSG1	dsDNA	343509	Sodalis glossinidius str. 'morsitans'	-	Pseudomonadota	Prokaryote	NC_007902	0.0	0.0	0.0	2664
NC_000935	2682836	2682836-1	36524	Hamiltonella phage APSE-1	dsDNA	2	Bacteria	-	-	Prokaryote	NC_000935	0.0	0.0	0.0	2665
NC_011551	340054	340054-1	39867	Bacteriophage APSE-2	dsDNA	572265	Candidatus Hamiltonella defensa 5AT (Acyrthosiphon pisum)	-	Pseudomonadota	Prokaryote	NC_011551	0.0	0.0	0.0	2666
NC_027398	1524881	1524881-1	38742	Enterobacteria phage Sf101	dsDNA	1351	Enterococcus faecalis	-	Bacillota	Prokaryote	NC_027398	0.0	0.0	0.0	2667
CP000711	539221	539221-1	40207	Enterobacteria phage CUS-3	dsDNA	439184	Escherichia coli RS218	-	Pseudomonadota	Prokaryote	CP000711	0.0061	0.0	0.0	2668
NC_002730	155148	155148-1	38297	Enterobacteria phage HK620	dsDNA	562	Escherichia coli	-	Pseudomonadota	Prokaryote	NC_002730	0.0088	0.0	0.0	2669
NC_005344	2905959	2905959-1	39043	Shigella phage Sf6	dsDNA	623	Shigella flexneri	-	Pseudomonadota	Prokaryote	NC_005344	0.0087	0.0	0.0	2670
NC_019501	1090133	1090133-1	39646	Enterobacteria phage IME10	dsDNA	562	Escherichia coli	-	Pseudomonadota	Prokaryote	NC_019501	0.0088	0.0	0.0	2671
NC_028696	1647458	1647458-1	41338	Salmonella phage SEN22	dsDNA	28901	Salmonella enterica	-	Pseudomonadota	Prokaryote	NC_028696	0.0038	0.0	0.0	2672
NC_013059	590739	590739-1	40975	Salmonella phage g341c	dsDNA	58712	Salmonella enterica subsp. enterica serovar Anatum	-	Pseudomonadota	Prokaryote	NC_013059	0.0013	0.0	0.0	2673
NC_011976	348058	348058-1	43016	Salmonella phage epsilon34	dsDNA	58712	Salmonella enterica subsp. enterica serovar Anatum	-	Pseudomonadota	Prokaryote	NC_011976	0.0013	0.0	0.0	2674
NC_018275	1168548	1168548-1	39783	Salmonella phage vB_SemP_Emek	dsDNA	590	Salmonella	-	Pseudomonadota	Prokaryote	NC_018275	0.0061	0.0	0.0	2675
NC_047875	1912492	1912492-1	39902	Salmonella phage UPF_BP1	dsDNA	149387	Salmonella enterica subsp. enterica serovar Brandenburg	-	Pseudomonadota	Prokaryote	NC_047875	0.0046	0.0	0.0	2676
NC_042346	1934252	1934252-1	40525	Lederbergvirus BTP1	dsDNA	28901	Salmonella enterica	-	Pseudomonadota	Prokaryote	NC_042346	0.0057	0.0	0.0	2677
NC_004348	2905963	2905963-1	40679	Salmonella phage ST64T	dsDNA	90371	Salmonella enterica subsp. enterica serovar Typhimurium	-	Pseudomonadota	Prokaryote	NC_004348	0.0100	0.0	0.0	2678
NC_005841	221029	221029-1	41391	Enterobacteria phage ST104	dsDNA	85569	Salmonella enterica subsp. enterica serovar Typhimurium str. DT104	-	Pseudomonadota	Prokaryote	NC_005841	0.0068	0.0	0.0	2679
NC_014900	714583	714583-1	40986	Salmonella phage ST160	dsDNA	90371	Salmonella enterica subsp. enterica serovar Typhimurium	-	Pseudomonadota	Prokaryote	NC_014900	0.0094	0.0	0.0	2680
NC_011802	329864	329864-1	41941	Salmonella phage SE1 (in:P22virus)	dsDNA	28901	Salmonella enterica	-	Pseudomonadota	Prokaryote	NC_011802	0.0082	0.0	0.0	2681
NC_017985	1127357	1127357-1	40128	Salmonella phage SPN9CC	dsDNA	599	Salmonella sp.	-	Pseudomonadota	Prokaryote	NC_017985	0.0071	0.0	0.0	2682
NC_030919	1810705	1810705-1	42418	Salmonella phage 118970_sal4	dsDNA	28901	Salmonella enterica	-	Pseudomonadota	Prokaryote	NC_030919	0.0071	0.0	0.0	2683
NC_031946	1813779	1813779-1	40443	Salmonella phage 103203_sal5	dsDNA	28901	Salmonella enterica	-	Pseudomonadota	Prokaryote	NC_031946	0.0071	0.0	0.0	2684
NC_031019	876449	876449-1	41809	Enterobacteria phage UAB_Phi20	dsDNA	59201	Salmonella enterica subsp. enterica	-	Pseudomonadota	Prokaryote	NC_031019	0.0060	0.0	0.0	2685
AF527608	200913	200913-1	41724	Salmonella phage P22-pbi	dsDNA	90371	Salmonella enterica subsp. enterica serovar Typhimurium	-	Pseudomonadota	Prokaryote	AF527608	0.0072	0.0	0.0	2686
NC_002371	2908168	2908168-1	41724	Salmonella phage P22	dsDNA	90371	Salmonella enterica subsp. enterica serovar Typhimurium	-	Pseudomonadota	Prokaryote	NC_002371	0.0072	0.0	0.0	2687
NC_041866	1628721	1628721-1	47575	Acinetobacter phage YMC11/11/R3177	dsDNA	470	Acinetobacter baumannii	-	Pseudomonadota	Prokaryote	NC_041866	0.0090	0.0	0.0	2688
NC_031098	1852629	1852629-1	40749	Acinetobacter phage vB_AbaS_TRS1	dsDNA	927193	Acinetobacter baumannii A118	-	Pseudomonadota	Prokaryote	NC_031098	0.0067	0.0	0.0	2689
NC_074659	1805958	1805958-1	55060	Pseudomonas phage phiAH14a	dsDNA	2597349	Pseudomonas sp. ANT_H14	-	Pseudomonadota	Prokaryote	NC_074659	0.0062	0.0	0.0	2690
NC_074660	2711179	2711179-1	51347	Pseudomonas phage MR15	dsDNA	286	Pseudomonas	-	Pseudomonadota	Prokaryote	NC_074660	0.0125	0.0	0.0	2691
NC_074661	2875722	2875722-1	51465	Pseudomonas phage psageK9	dsDNA	317	Pseudomonas syringae	-	Pseudomonadota	Prokaryote	NC_074661	0.0152	0.0	0.0	2692
NC_024365	1500757	1500757-1	51090	Pseudomonas phage phiPSA1	dsDNA	317	Pseudomonas syringae	-	Pseudomonadota	Prokaryote	NC_024365	0.0189	0.0	0.0	2693
NC_030931	1450169	1450169-1	41871	Pseudomonas phage phi2	dsDNA	287	Pseudomonas aeruginosa	-	Pseudomonadota	Prokaryote	NC_030931	0.0044	0.0037	0.0103	2694
NC_031091	1868596	1868596-1	43277	Pseudomonas phage MD8	dsDNA	287	Pseudomonas aeruginosa	-	Pseudomonadota	Prokaryote	NC_031091	0.0073	0.0109	0.0051	2695
NC_007805	347324	347324-1	39199	Pseudomonas phage F10	dsDNA	287	Pseudomonas aeruginosa	-	Pseudomonadota	Prokaryote	NC_007805	0.0167	0.0022	0.0062	2696
NC_029066	1573458	1573458-1	48666	Pseudomonas phage PS-1	dsDNA	1569867	Pseudomonas sp. 1-1-1b	-	Pseudomonadota	Prokaryote	NC_029066	0.0	0.0057	0.0	2697
NC_016762	1129145	1129145-1	49135	Pseudomonas phage phi297	dsDNA	287	Pseudomonas aeruginosa	-	Pseudomonadota	Prokaryote	NC_016762	0.0963	0.0147	0.0	2698
NC_030909	1777064	1777064-1	50183	Pseudomonas phage YMC11/07/P54_PAE_BP	dsDNA	286	Pseudomonas	-	Pseudomonadota	Prokaryote	NC_030909	0.1031	0.0067	0.0201	2699
JX403939	1191380	1191380-1	49381	Pseudomonas phage YMC/01/01/P52_PAE_BP	dsDNA	287	Pseudomonas aeruginosa	-	Pseudomonadota	Prokaryote	JX403939	0.1093	0.0066	0.0245	2700
NC_074664	2829367	2829367-1	49154	Pseudomonas phage BUCT566	dsDNA	287	Pseudomonas aeruginosa	-	Pseudomonadota	Prokaryote	NC_074664	0.0129	0.0012	0.0	2701
NC_074663	2961988	2961988-1	49926	Pseudomonas phage vB_Pae_LC3I3	dsDNA	652611	Pseudomonas aeruginosa PA14	-	Pseudomonadota	Prokaryote	NC_074663	0.0129	0.0	0.0029	2702
NC_030929	1777052	1777052-1	49033	Pseudomonas phage JBD44	dsDNA	652611	Pseudomonas aeruginosa PA14	-	Pseudomonadota	Prokaryote	NC_030929	0.0116	0.0040	0.0	2703
NC_023575	1449437	1449437-1	45550	Pseudomonas phage vB_PaeP_Tr60_Ab31	dsDNA	287	Pseudomonas aeruginosa	-	Pseudomonadota	Prokaryote	NC_023575	0.0040	0.0	0.0025	2704
NC_011373	504346	504346-1	46872	Pseudomonas phage PAJU2	dsDNA	287	Pseudomonas aeruginosa	-	Pseudomonadota	Prokaryote	NC_011373	0.0027	0.0024	0.0025	2705
NC_028657	1755689	1755689-1	60919	Pseudomonas phage YMC11/02/R656	dsDNA	287	Pseudomonas aeruginosa	-	Pseudomonadota	Prokaryote	NC_028657	0.0107	0.0036	0.0	2706
NC_074662	2914450	2914450-1	54250	Pseudomonas phage PP9W2	dsDNA	287	Pseudomonas aeruginosa	-	Pseudomonadota	Prokaryote	NC_074662	0.0126	0.0	0.0287	2707
NC_016765	2992927	2992927-1	54024	Pseudomonas phage PMG1	dsDNA	287	Pseudomonas aeruginosa	-	Pseudomonadota	Prokaryote	NC_016765	0.0174	0.0037	0.0275	2708
NC_002484	2932880	2932880-1	56426	Pseudomonas phage D3	dsDNA	287	Pseudomonas aeruginosa	-	Pseudomonadota	Prokaryote	NC_002484	0.0109	0.0078	0.0276	2709
NC_029046	1524882	1524882-1	50827	Sinorhizobium phage phiLM21	dsDNA	1449788	Sinorhizobium sp. LM21	-	Pseudomonadota	Prokaryote	NC_029046	0.0096	0.0	0.0027	2710
NC_070774	2799672	2799672-1	40065	Vibrio phage vB_VpP_BT-1011	dsDNA	670	Vibrio parahaemolyticus	-	Pseudomonadota	Prokaryote	NC_070774	0.0	0.0	0.0	2711
NC_070772	2662136	2662136-1	45171	Vibrio phage Seahorse	dsDNA	670	Vibrio parahaemolyticus	-	Pseudomonadota	Prokaryote	NC_070772	0.0024	0.0030	0.0	2712
NC_070773	2686202	2686202-1	44507	Vibrio phage NF	dsDNA	663	Vibrio alginolyticus	-	Pseudomonadota	Prokaryote	NC_070773	0.0	0.0030	0.0	2713
NC_028743	1572745	1572745-1	48594	Mannheimia phage vB_MhS_587AP2	dsDNA	75985	Mannheimia haemolytica	-	Pseudomonadota	Prokaryote	NC_028743	0.0068	0.0	0.0063	2714
NC_028853	1572743	1572743-1	50078	Mannheimia phage vB_MhS_535AP2	dsDNA	75985	Mannheimia haemolytica	-	Pseudomonadota	Prokaryote	NC_028853	0.0108	0.0	0.0063	2715
NC_028956	1572747	1572747-1	52139	Mannheimia phage vB_MhS_1152AP2	dsDNA	75985	Mannheimia haemolytica	-	Pseudomonadota	Prokaryote	NC_028956	0.0105	0.0	0.0081	2716
NC_048198	2283025	2283025-1	47116	Erwinia phage vB_EhrS_59	dsDNA	551	Erwinia	-	Pseudomonadota	Prokaryote	NC_048198	0.0064	0.0	0.0	2717
NC_048197	2283026	2283026-1	46835	Erwinia phage vB_EhrS_49	dsDNA	551	Erwinia	-	Pseudomonadota	Prokaryote	NC_048197	0.0058	0.0	0.0	2718
NC_071003	2894794	2894794-1	47816	Enterobacter phage vB_EclS_CobraSix	dsDNA	550	Enterobacter cloacae	-	Pseudomonadota	Prokaryote	NC_071003	0.0132	0.0	0.0	2719
NC_019927	984186	984186-1	47611	Cronobacter phage ENT47670	dsDNA	28141	Cronobacter sakazakii	-	Pseudomonadota	Prokaryote	NC_019927	0.0229	0.0	0.0	2720
NC_070949	2663326	2663326-1	50485	Erwinia phage Midgardsormr38	dsDNA	55211	Erwinia persicina	-	Pseudomonadota	Prokaryote	NC_070949	0.0146	0.0	0.0	2721
JF314845	1073754	1073754-1	22162	Cronobacter phage ES2	dsDNA	28141	Cronobacter sakazakii	-	Pseudomonadota	Prokaryote	JF314845	0.0120	0.0	0.0	2722
NC_019545	1147140	1147140-1	47355	Salmonella phage SPN3UB	dsDNA	90371	Salmonella enterica subsp. enterica serovar Typhimurium	-	Pseudomonadota	Prokaryote	NC_019545	0.0	0.0	0.0	2723
NC_018279	1168549	1168549-1	49116	Salmonella phage vB_SosS_Oslo	dsDNA	590	Salmonella	-	Pseudomonadota	Prokaryote	NC_018279	0.0013	0.0	0.0	2724
NC_006949	101570	101570-1	46900	Enterobacteria phage ES18	dsDNA	90371	Salmonella enterica subsp. enterica serovar Typhimurium	-	Pseudomonadota	Prokaryote	NC_006949	0.0014	0.0	0.0	2725
NC_054636	2282196	2282196-1	46454	Shigella phage Sf11 SMD-2017	dsDNA	623	Shigella flexneri	-	Pseudomonadota	Prokaryote	NC_054636	0.0	0.0	0.0	2726
NC_054637	2126819	2126819-1	46833	Escherichia phage vB_EcoS Sa179lw	dsDNA	562	Escherichia coli	-	Pseudomonadota	Prokaryote	NC_054637	0.0	0.0	0.0	2727
NC_010495	424716	424716-1	45051	Salmonella phage Vi II-E1	dsDNA	28901	Salmonella enterica	-	Pseudomonadota	Prokaryote	NC_010495	0.0	0.0	0.0	2728
NC_054638	2591136	2591136-1	45126	Salmonella phage vB_SenS_SB28	dsDNA	90370	Salmonella enterica subsp. enterica serovar Typhi	-	Pseudomonadota	Prokaryote	NC_054638	0.0	0.0	0.0	2729
NC_054648	2749381	2749381-1	47483	Salmonella phage vB_Se_STGO-35-1	dsDNA	149539	Salmonella enterica subsp. enterica serovar Enteritidis	-	Pseudomonadota	Prokaryote	NC_054648	0.0	0.0	0.0	2730
NC_054647	2562461	2562461-1	45367	Salmonella phage Akira	dsDNA	59201	Salmonella enterica subsp. enterica	-	Pseudomonadota	Prokaryote	NC_054647	0.0	0.0	0.0	2731
NC_054649	2769808	2769808-1	47611	Escherichia phage vB_EcoS_swi2	dsDNA	561	Escherichia	-	Pseudomonadota	Prokaryote	NC_054649	0.0	0.0	0.0	2732
NC_031924	1873985	1873985-1	47564	Salmonella phage IME207	dsDNA	573	Klebsiella pneumoniae	-	Pseudomonadota	Prokaryote	NC_031924	0.0	0.0	0.0	2733
NC_054650	2565502	2565502-1	44605	Shigella phage DS8	dsDNA	623	Shigella flexneri	-	Pseudomonadota	Prokaryote	NC_054650	0.0	0.0	0.0	2734
NC_054651	2340716	2340716-1	46667	Escherichia phage C1	dsDNA	562	Escherichia coli	-	Pseudomonadota	Prokaryote	NC_054651	0.0	0.0	0.0	2735
NC_054640	2419756	2419756-1	48285	Salmonella phage Segz_1	dsDNA	28901	Salmonella enterica	-	Pseudomonadota	Prokaryote	NC_054640	0.0	0.0	0.0	2736
NC_031918	1813769	1813769-1	45342	Salmonella phage 64795_sal3	dsDNA	28901	Salmonella enterica	-	Pseudomonadota	Prokaryote	NC_031918	0.0	0.0	0.0	2737
NC_054641	2583286	2583286-1	48608	Salmonella virus KFS-SE2	dsDNA	149539	Salmonella enterica subsp. enterica serovar Enteritidis	-	Pseudomonadota	Prokaryote	NC_054641	0.0	0.0	0.0	2738
NC_054639	2234035	2234035-1	47393	Salmonella phage Skate	dsDNA	90371	Salmonella enterica subsp. enterica serovar Typhimurium	-	Pseudomonadota	Prokaryote	NC_054639	0.0	0.0	0.0	2739
NC_054642	2479482	2479482-1	45881	Salmonella phage Seszw_1	dsDNA	28901	Salmonella enterica	-	Pseudomonadota	Prokaryote	NC_054642	0.0	0.0	0.0	2740
NC_054643	2419753	2419753-1	45049	Salmonella phage SeSz-2	dsDNA	28901	Salmonella enterica	-	Pseudomonadota	Prokaryote	NC_054643	0.0	0.0	0.0	2741
NC_054644	2301723	2301723-1	46905	Salmonella virus VSt472	dsDNA	90371	Salmonella enterica subsp. enterica serovar Typhimurium	-	Pseudomonadota	Prokaryote	NC_054644	0.0	0.0	0.0	2742
NC_054646	2686071	2686071-1	47604	Salmonella phage VB_StyS_BS5	dsDNA	599	Salmonella sp.	-	Pseudomonadota	Prokaryote	NC_054646	0.0	0.0	0.0	2743
NC_054645	1973454	1973454-1	47657	Salmonella phage LPST10	dsDNA	1299114	Salmonella enterica subsp. enterica serovar Typhimurium str. ATCC 14028	-	Pseudomonadota	Prokaryote	NC_054645	0.0	0.0	0.0	2744
NC_071157	2874887	2874887-1	47997	Klebsiella phage VLCpiS13c	dsDNA	573	Klebsiella pneumoniae	-	Pseudomonadota	Prokaryote	NC_071157	0.0	0.0	0.0	2745
NC_071155	2874886	2874886-1	48190	Klebsiella phage VLCpiS13b	dsDNA	573	Klebsiella pneumoniae	-	Pseudomonadota	Prokaryote	NC_071155	0.0	0.0	0.0	2746
NC_071142	2874888	2874888-1	46281	Klebsiella phage VLCpiS13d	dsDNA	573	Klebsiella pneumoniae	-	Pseudomonadota	Prokaryote	NC_071142	0.0	0.0	0.0	2747
NC_054652	2500166	2500166-1	46907	Klebsiella phage YX3973	dsDNA	573	Klebsiella pneumoniae	-	Pseudomonadota	Prokaryote	NC_054652	0.0	0.0	0.0	2748
NC_054653	2759464	2759464-1	46391	Klebsiella virus KpV2811	dsDNA	573	Klebsiella pneumoniae	-	Pseudomonadota	Prokaryote	NC_054653	0.0	0.0	0.0	2749
NC_054654	2820395	2820395-1	45424	Klebsiella phage vB_KpnS_ZX4	dsDNA	573	Klebsiella pneumoniae	-	Pseudomonadota	Prokaryote	NC_054654	0.0	0.0	0.0	2750
NC_071154	2873352	2873352-1	46100	Klebsiella phage BUCT541	dsDNA	573	Klebsiella pneumoniae	-	Pseudomonadota	Prokaryote	NC_071154	0.0	0.0	0.0	2751
NC_071156	2912296	2912296-1	46373	Klebsiella phage 6991	dsDNA	573	Klebsiella pneumoniae	-	Pseudomonadota	Prokaryote	NC_071156	0.0	0.0	0.0	2752
NC_071149	2981580	2981580-1	48797	Klebsiella phage vB_Kpn_ZCKp20p	dsDNA	573	Klebsiella pneumoniae	-	Pseudomonadota	Prokaryote	NC_071149	0.0	0.0	0.0	2753
NC_071150	2852114	2852114-1	48490	Klebsiella phage ZCKP8	dsDNA	576	Klebsiella sp.	-	Pseudomonadota	Prokaryote	NC_071150	0.0	0.0	0.0	2754
NC_071151	2982901	2982901-1	48258	Klebsiella phage vB_Kpn_ZC2	dsDNA	573	Klebsiella pneumoniae	-	Pseudomonadota	Prokaryote	NC_071151	0.0	0.0	0.0	2755
NC_071152	2874885	2874885-1	47956	Klebsiella phage VLCpiS13a	dsDNA	573	Klebsiella pneumoniae	-	Pseudomonadota	Prokaryote	NC_071152	0.0	0.0	0.0	2756
NC_071153	2834265	2834265-1	46774	Klebsiella phage BUCT610	dsDNA	573	Klebsiella pneumoniae	-	Pseudomonadota	Prokaryote	NC_071153	0.0	0.0	0.0	2757
NC_021534	754051	754051-1	47552	Vibrio phage pYD38-A	dsDNA	728064	Vibrio sp. YD38	-	Pseudomonadota	Prokaryote	NC_021534	0.0	0.0	0.0	2758
NC_042037	754050	754050-1	47624	Aeromonas phage pIS4-A	dsDNA	728059	Aeromonas sp. IS4	-	Pseudomonadota	Prokaryote	NC_042037	0.0	0.0	0.0	2759
NC_071145	2874889	2874889-1	47720	Klebsiella phage VLCpiS13e	dsDNA	573	Klebsiella pneumoniae	-	Pseudomonadota	Prokaryote	NC_071145	0.0	0.0	0.0	2760
NC_071146	2783667	2783667-1	46218	Klebsiella phage vB_KpnS_MK54	dsDNA	573	Klebsiella pneumoniae	-	Pseudomonadota	Prokaryote	NC_071146	0.0	0.0	0.0	2761
NC_071144	2874890	2874890-1	48050	Klebsiella phage VLCpiS13f	dsDNA	573	Klebsiella pneumoniae	-	Pseudomonadota	Prokaryote	NC_071144	0.0	0.0	0.0	2762
NC_071148	2968666	2968666-1	45716	Klebsiella phage KP591P3	dsDNA	573	Klebsiella pneumoniae	-	Pseudomonadota	Prokaryote	NC_071148	0.0	0.0	0.0	2763
NC_071147	2968665	2968665-1	45696	Klebsiella phage KP591P1	dsDNA	573	Klebsiella pneumoniae	-	Pseudomonadota	Prokaryote	NC_071147	0.0	0.0	0.0	2764
NC_047902	2059856	2059856-1	87196	Pseudomonas phage PMBT3	dsDNA	129847	Pseudomonas grimontii	-	Pseudomonadota	Prokaryote	NC_047902	0.0061	0.0065	0.0198	2765
NC_048166	2530172	2530172-1	88403	Pseudomonas phage Lana	dsDNA	306	Pseudomonas sp.	-	Pseudomonadota	Prokaryote	NC_048166	0.0046	0.0086	0.0185	2766
NC_074751	2777363	2777363-1	38613	Serratia phage vB_SmaS_Rovert	dsDNA	615	Serratia marcescens	-	Pseudomonadota	Prokaryote	NC_074751	0.0	0.0	0.0133	2767
NC_074754	2902694	2902694-1	42052	Serratia phage vB_SmaS_Ulliraptor	dsDNA	615	Serratia marcescens	-	Pseudomonadota	Prokaryote	NC_074754	0.0	0.0	0.0126	2768
NC_074755	2777364	2777364-1	42495	Serratia phage vB_SmaS_Bigdog	dsDNA	615	Serratia marcescens	-	Pseudomonadota	Prokaryote	NC_074755	0.0	0.0	0.0126	2769
NC_074753	2902692	2902692-1	41797	Serratia phage vB_SmaS_Stoker	dsDNA	615	Serratia marcescens	-	Pseudomonadota	Prokaryote	NC_074753	0.0	0.0	0.0126	2770
NC_074752	2914027	2914027-1	42045	Serratia phage vB_SmaS_Bonzee	dsDNA	615	Serratia marcescens	-	Pseudomonadota	Prokaryote	NC_074752	0.0	0.0	0.0127	2771
NC_023734	1071177	1071177-1	35725	Psychrobacter phage Psymv2	dsDNA	936347	Psychrobacter sp. MV2	-	Pseudomonadota	Prokaryote	NC_023734	0.0	0.0	0.0342	2772
NC_055026	2759732	2759732-1	39161	Ralstonia phage Dina	dsDNA	1310165	Ralstonia pseudosolanacearum	-	Pseudomonadota	Prokaryote	NC_055026	0.0158	0.0111	0.0193	2773
NC_007497	348137	348137-1	44856	Burkholderia phage Bcep176	dsDNA	292	Burkholderia cepacia	-	Pseudomonadota	Prokaryote	NC_007497	0.0034	0.0029	0.0079	2774
NC_013055	335797	335797-1	39896	Burkholderia phage KS9	dsDNA	87882	-	-	-	Prokaryote	NC_013055	0.0122	0.0074	0.0397	2775
NC_009235	2881400	2881400-1	48674	Burkholderia phage phi644-2	dsDNA	28450	Burkholderia pseudomallei	-	Pseudomonadota	Prokaryote	NC_009235	0.0	0.0	0.0224	2776
NC_003309	2883940	2883940-1	53373	Burkholderia phage phiE125	dsDNA	57975	Burkholderia thailandensis	-	Pseudomonadota	Prokaryote	NC_003309	0.0047	0.0167	0.0269	2777
NC_005284	2881399	2881399-1	54865	Burkholderia phage phi1026b	dsDNA	884204	Burkholderia pseudomallei 1026b	-	Pseudomonadota	Prokaryote	NC_005284	0.0	0.0107	0.0282	2778
NC_003356	103807	103807-1	42575	Enterobacteria phage phiP27	dsDNA	562	Escherichia coli	-	Pseudomonadota	Prokaryote	NC_003356	0.0082	0.0	0.0258	2779
NC_004313	175950	175950-1	40149	Salmonella phage ST64B	dsDNA	90371	Salmonella enterica subsp. enterica serovar Typhimurium	-	Pseudomonadota	Prokaryote	NC_004313	0.0087	0.0	0.0262	2780
NC_031940	1813771	1813771-1	77375	Salmonella phage 118970_sal3	dsDNA	28901	Salmonella enterica	-	Pseudomonadota	Prokaryote	NC_031940	0.0115	0.0	0.0318	2781
NC_027339	1225789	1225789-1	38389	Enterobacteria phage SfI	dsDNA	623	Shigella flexneri	-	Pseudomonadota	Prokaryote	NC_027339	0.0028	0.0	0.0246	2782
NC_003444	55884	55884-1	37074	Enterobacteria phage SfV	dsDNA	623	Shigella flexneri	-	Pseudomonadota	Prokaryote	NC_003444	0.0027	0.0	0.0268	2783
NC_022749	1407493	1407493-1	39758	Shigella phage SfIV	dsDNA	623	Shigella flexneri	-	Pseudomonadota	Prokaryote	NC_022749	0.0027	0.0	0.0289	2784
NC_021857	66284	66284-1	41475	Shigella phage SfII	dsDNA	620	Shigella	-	Pseudomonadota	Prokaryote	NC_021857	0.0038	0.0	0.0245	2785
NC_005069	172667	172667-1	46339	Yersinia phage PY54	dsDNA	630	Yersinia enterocolitica	-	Pseudomonadota	Prokaryote	NC_005069	0.0	0.0027	0.0194	2786
NC_005857	255431	255431-1	51601	Klebsiella phage phiKO2	dsDNA	571	Klebsiella oxytoca	-	Pseudomonadota	Prokaryote	NC_005857	0.0	0.0014	0.0158	2787
NC_001901	1604876	1604876-1	46375	Escherichia phage N15	dsDNA	562	Escherichia coli	-	Pseudomonadota	Prokaryote	NC_001901	0.0	0.0027	0.0	2788
NC_019720	1147156	1147156-1	44120	Enterobacteria phage mEp213	dsDNA	562	Escherichia coli	-	Pseudomonadota	Prokaryote	NC_019720	0.0064	0.0034	0.0052	2789
NC_019706	1147149	1147149-1	42780	Enterobacteria phage mEp043 c-1	dsDNA	562	Escherichia coli	-	Pseudomonadota	Prokaryote	NC_019706	0.0	0.0034	0.0052	2790
NC_019721	1147158	1147158-1	40029	Enterobacteria phage mEp390	dsDNA	562	Escherichia coli	-	Pseudomonadota	Prokaryote	NC_019721	0.0082	0.0	0.0031	2791
NC_019934	984175	984175-1	39012	Cronobacter phage ENT39118	dsDNA	28141	Cronobacter sakazakii	-	Pseudomonadota	Prokaryote	NC_019934	0.0059	0.0	0.0101	2792
NC_019710	1147143	1147143-1	40710	Enterobacteria phage HK140	dsDNA	562	Escherichia coli	-	Pseudomonadota	Prokaryote	NC_019710	0.0	0.0	0.0031	2793
NC_019708	1147150	1147150-1	37595	Enterobacteria phage mEp235	dsDNA	562	Escherichia coli	-	Pseudomonadota	Prokaryote	NC_019708	0.0099	0.0	0.0229	2794
NC_019705	1147154	1147154-1	38759	Escherichia phage mEpX2	dsDNA	562	Escherichia coli	-	Pseudomonadota	Prokaryote	NC_019705	0.0088	0.0	0.0044	2795
NC_002166	2681618	2681618-1	40751	Escherichia phage HK022	dsDNA	562	Escherichia coli	-	Pseudomonadota	Prokaryote	NC_002166	0.0083	0.0	0.0031	2796
NC_019769	432200	432200-1	38964	Escherichia phage HK542	dsDNA	562	Escherichia coli	-	Pseudomonadota	Prokaryote	NC_019769	0.0101	0.0	0.0044	2797
NC_049926	2015807	2015807-1	40469	Escherichia phage ECP1	dsDNA	511145	Escherichia coli str. K-12 substr. MG1655	-	Pseudomonadota	Prokaryote	NC_049926	0.0099	0.0	0.0044	2798
NC_019709	1147153	1147153-1	41567	Escherichia phage mEpX1	dsDNA	562	Escherichia coli	-	Pseudomonadota	Prokaryote	NC_019709	0.0	0.0	0.0031	2799
NC_016160	906668	906668-1	36661	Escherichia phage HK75	dsDNA	83333	Escherichia coli K-12	-	Pseudomonadota	Prokaryote	NC_016160	0.0074	0.0	0.0044	2800
NC_019719	1147147	1147147-1	41528	Escherichia phage HK633	dsDNA	562	Escherichia coli	-	Pseudomonadota	Prokaryote	NC_019719	0.0088	0.0	0.0031	2801
NC_002167	2681617	2681617-1	39732	Escherichia phage HK97	dsDNA	562	Escherichia coli	-	Pseudomonadota	Prokaryote	NC_002167	0.0086	0.0	0.0031	2802
NC_019715	1147157	1147157-1	39578	Escherichia phage mEp234	dsDNA	562	Escherichia coli	-	Pseudomonadota	Prokaryote	NC_019715	0.0101	0.0	0.0031	2803
NC_019768	432198	432198-1	41468	Escherichia phage HK106	dsDNA	562	Escherichia coli	-	Pseudomonadota	Prokaryote	NC_019768	0.0112	0.0	0.0031	2804
NC_019767	432201	432201-1	40155	Escherichia phage HK544	dsDNA	562	Escherichia coli	-	Pseudomonadota	Prokaryote	NC_019767	0.0075	0.0	0.0031	2805
NC_019714	1147145	1147145-1	39026	Escherichia phage HK446	dsDNA	562	Escherichia coli	-	Pseudomonadota	Prokaryote	NC_019714	0.0062	0.0	0.0044	2806
KF030445	1115653	1115653-1	47343	Escherichia phage 1720a-02	dsDNA	543	Enterobacteriaceae	-	Pseudomonadota	Prokaryote	KF030445	0.0039	0.0036	0.0122	2807
NC_019716	1147152	1147152-1	44510	Enterobacteria phage mEp460	dsDNA	562	Escherichia coli	-	Pseudomonadota	Prokaryote	NC_019716	0.0054	0.0025	0.0092	2808
NC_009514	414970	414970-1	47021	Enterobacteria phage cdtI	dsDNA	562	Escherichia coli	-	Pseudomonadota	Prokaryote	NC_009514	0.0026	0.0025	0.0051	2809
NC_049941	1226260	1226260-1	58326	Stx2-converting phage Stx2a_WGPS2	dsDNA	83334	Escherichia coli O157:H7	-	Pseudomonadota	Prokaryote	NC_049941	0.0064	0.0	0.0029	2810
NC_049942	1147722	1147722-1	57198	Escherichia phage JLK-2012	dsDNA	244320	Escherichia coli O55:H7	-	Pseudomonadota	Prokaryote	NC_049942	0.0	0.0	0.0028	2811
NC_004813	196242	196242-1	57930	Enterobacteria phage BP-4795	dsDNA	562	Escherichia coli	-	Pseudomonadota	Prokaryote	NC_004813	0.0	0.0	0.0029	2812
NC_011356	564886	564886-1	54896	Enterobacteria phage YYZ-2008	dsDNA	83334	Escherichia coli O157:H7	-	Pseudomonadota	Prokaryote	NC_011356	0.0073	0.0	0.0040	2813
NC_049945	1226262	1226262-1	57849	Stx2-converting phage Stx2a_WGPS6	dsDNA	83334	Escherichia coli O157:H7	-	Pseudomonadota	Prokaryote	NC_049945	0.0083	0.0	0.0040	2814
NC_049944	1226263	1226263-1	55023	Stx2-converting phage Stx2a_WGPS8	dsDNA	83334	Escherichia coli O157:H7	-	Pseudomonadota	Prokaryote	NC_049944	0.0073	0.0	0.0039	2815
NC_011357	563769	563769-1	62147	Stx2-converting phage 1717	dsDNA	83334	Escherichia coli O157:H7	-	Pseudomonadota	Prokaryote	NC_011357	0.0083	0.0	0.0028	2816
NC_049943	254397	254397-1	57248	Enterobacteria phage 2851	dsDNA	562	Escherichia coli	-	Pseudomonadota	Prokaryote	NC_049943	0.0083	0.0	0.0040	2817
NC_021190	10713	10713-1	46150	Enterobacteria phage phi80	dsDNA	562	Escherichia coli	-	Pseudomonadota	Prokaryote	NC_021190	0.0	0.0	0.0	2818
NC_019704	1147151	1147151-1	44375	Enterobacteria phage mEp237	dsDNA	562	Escherichia coli	-	Pseudomonadota	Prokaryote	NC_019704	0.0	0.0	0.0029	2819
NC_019717	1147144	1147144-1	45366	Enterobacteria phage HK225	dsDNA	562	Escherichia coli	-	Pseudomonadota	Prokaryote	NC_019717	0.0	0.0	0.0	2820
NC_049950	2847058	2847058-1	46288	Escherichia phage 2H10	dsDNA	561	Escherichia	-	Pseudomonadota	Prokaryote	NC_049950	0.0016	0.0	0.0	2821
NC_049946	2847059	2847059-1	49168	Escherichia phage 4A7	dsDNA	561	Escherichia	-	Pseudomonadota	Prokaryote	NC_049946	0.0	0.0	0.0	2822
NC_049947	2847055	2847055-1	46703	Escherichia phage 1H12	dsDNA	561	Escherichia	-	Pseudomonadota	Prokaryote	NC_049947	0.0	0.0	0.0	2823
NC_049949	2847062	2847062-1	46685	Escherichia phage ev207	dsDNA	561	Escherichia	-	Pseudomonadota	Prokaryote	NC_049949	0.0026	0.0	0.0	2824
NC_049948	2847060	2847060-1	50126	Escherichia phage ev017	dsDNA	561	Escherichia	-	Pseudomonadota	Prokaryote	NC_049948	0.0026	0.0	0.0	2825
NC_049952	2847056	2847056-1	48763	Escherichia phage 2B8	dsDNA	561	Escherichia	-	Pseudomonadota	Prokaryote	NC_049952	0.0026	0.0	0.0	2826
NC_049953	2847061	2847061-1	47224	Escherichia phage ev099	dsDNA	561	Escherichia	-	Pseudomonadota	Prokaryote	NC_049953	0.0028	0.0	0.0	2827
NC_049955	2847063	2847063-1	45560	Escherichia phage ev243	dsDNA	561	Escherichia	-	Pseudomonadota	Prokaryote	NC_049955	0.0028	0.0	0.0	2828
NC_049954	2847057	2847057-1	47142	Escherichia phage 2G7b	dsDNA	561	Escherichia	-	Pseudomonadota	Prokaryote	NC_049954	0.0026	0.0	0.0	2829
NC_019711	1147148	1147148-1	47288	Escherichia phage HK629	dsDNA	562	Escherichia coli	-	Pseudomonadota	Prokaryote	NC_019711	0.0099	0.0	0.0	2830
NC_019723	1147146	1147146-1	47090	Escherichia phage HK630	dsDNA	562	Escherichia coli	-	Pseudomonadota	Prokaryote	NC_019723	0.0099	0.0	0.0	2831
NC_042057	482822	482822-1	42925	Escherichia phage DE3	dsDNA	469008	Escherichia coli BL21(DE3)	-	Pseudomonadota	Prokaryote	NC_042057	0.0014	0.0	0.0	2832
NC_001416	2681611	2681611-1	48502	Escherichia phage Lambda	dsDNA	562	Escherichia coli	-	Pseudomonadota	Prokaryote	NC_001416	0.0028	0.0	0.0	2833
NC_049951	2282412	2282412-1	41969	Enterobacteria phage O276	dsDNA	562	Escherichia coli	-	Pseudomonadota	Prokaryote	NC_049951	0.0	0.0	0.0	2834
NC_016158	906669	906669-1	49576	Escherichia phage HK639	dsDNA	562	Escherichia coli	-	Pseudomonadota	Prokaryote	NC_016158	0.0034	0.0	0.0	2835
NC_018454	1168280	1168280-1	39974	Cronobacter phage phiES15	dsDNA	1138308	Cronobacter sakazakii ES15	-	Pseudomonadota	Prokaryote	NC_018454	0.0044	0.0	0.0	2836
NC_070759	2908746	2908746-1	40808	Aeromonas phage pAEv1818	dsDNA	654	Aeromonas veronii	-	Pseudomonadota	Prokaryote	NC_070759	0.0033	0.0	0.0	2837
NC_070875	2282409	2282409-1	42969	Serratia phage Scapp	dsDNA	615	Serratia marcescens	-	Pseudomonadota	Prokaryote	NC_070875	0.0	0.0	0.0	2838
NC_023555	1391659	1391659-1	43017	Edwardsiella phage eiAU-183	dsDNA	67780	Edwardsiella ictaluri	-	Pseudomonadota	Prokaryote	NC_023555	0.0	0.0	0.0	2839
NC_042029	945083	945083-1	43015	Edwardsiella phage eiAU	dsDNA	67780	Edwardsiella ictaluri	-	Pseudomonadota	Prokaryote	NC_042029	0.0	0.0	0.0	2840
NC_073056	2696442	2696442-1	46017	Escherichia phage rolling	dsDNA	562	Escherichia coli	-	Pseudomonadota	Prokaryote	NC_073056	0.0	0.0	0.0	2841
NC_073057	2851981	2851981-1	43104	Escherichia phage KarlBarth	dsDNA	83333	Escherichia coli K-12	-	Pseudomonadota	Prokaryote	NC_073057	0.0	0.0	0.0	2842
NC_073058	2508187	2508187-1	45536	Escherichia phage vB_EcoS_WFI	dsDNA	562	Escherichia coli	-	Pseudomonadota	Prokaryote	NC_073058	0.0	0.0	0.0	2843
NC_073059	2865806	2865806-1	45243	Escherichia phage vB_EcoS-CHD5UKE2	dsDNA	562	Escherichia coli	-	Pseudomonadota	Prokaryote	NC_073059	0.0	0.0	0.0	2844
NC_073060	2508186	2508186-1	47082	Escherichia phage vB_EcoS_WF5505	dsDNA	562	Escherichia coli	-	Pseudomonadota	Prokaryote	NC_073060	0.0	0.0	0.0	2845
NC_073061	2865793	2865793-1	45251	Escherichia phage vB_EcoS-101114BS4	dsDNA	562	Escherichia coli	-	Pseudomonadota	Prokaryote	NC_073061	0.0	0.0	0.0	2846
NC_019724	1147142	1147142-1	43741	Escherichia phage HK578	dsDNA	562	Escherichia coli	-	Pseudomonadota	Prokaryote	NC_019724	0.0	0.0	0.0	2847
NC_013600	673375	673375-1	45169	Sodalis phage SO1	dsDNA	63612	Sodalis glossinidius	-	Pseudomonadota	Prokaryote	NC_013600	0.0	0.0	0.0	2848
NC_016566	1109721	1109721-1	44077	Shigella phage EP23	dsDNA	624	Shigella sonnei	-	Pseudomonadota	Prokaryote	NC_016566	0.0	0.0	0.0	2849
NC_073063	2488596	2488596-1	43945	Escherichia phage vB_EcoS_PNS1	dsDNA	562	Escherichia coli	-	Pseudomonadota	Prokaryote	NC_073063	0.0	0.0	0.0	2850
NC_027383	1567004	1567004-1	44613	Escherichia phage YD-2008.s	dsDNA	562	Escherichia coli	-	Pseudomonadota	Prokaryote	NC_027383	0.0	0.0	0.0	2851
NC_073074	2823683	2823683-1	44281	Escherichia phage UAE_MI-01	dsDNA	83334	Escherichia coli O157:H7	-	Pseudomonadota	Prokaryote	NC_073074	0.0	0.0	0.0	2852
NC_073069	2060112	2060112-1	44283	Escherichia phage B2	dsDNA	561	Escherichia	-	Pseudomonadota	Prokaryote	NC_073069	0.0	0.0	0.0	2853
NC_012223	2681619	2681619-1	44899	Escherichia phage SSL-2009a	dsDNA	562	Escherichia coli	-	Pseudomonadota	Prokaryote	NC_012223	0.0	0.0	0.0	2854
NC_019419	2681620	2681620-1	43457	Escherichia phage JL1	dsDNA	83334	Escherichia coli O157:H7	-	Pseudomonadota	Prokaryote	NC_019419	0.0	0.0	0.0	2855
NC_073051	2970333	2970333-1	37268	Escherichia phage PEC14	dsDNA	562	Escherichia coli	-	Pseudomonadota	Prokaryote	NC_073051	0.0	0.0	0.0	2856
NC_073088	2936919	2936919-1	45201	Escherichia phage PC2	dsDNA	1884818	Escherichia sp.	-	Pseudomonadota	Prokaryote	NC_073088	0.0	0.0	0.0	2857
NC_024783	1527514	1527514-1	44332	Escherichia phage EK99P-1	dsDNA	562	Escherichia coli	-	Pseudomonadota	Prokaryote	NC_024783	0.0	0.0	0.0	2858
NC_073086	2924880	2924880-1	45204	Escherichia phage vB_EcoS_L-h 1M	dsDNA	562	Escherichia coli	-	Pseudomonadota	Prokaryote	NC_073086	0.0	0.0	0.0	2859
NC_073085	2735301	2735301-1	45204	Escherichia phage vB_EcoS_011D5	dsDNA	562	Escherichia coli	-	Pseudomonadota	Prokaryote	NC_073085	0.0	0.0	0.0	2860
NC_073082	2902747	2902747-1	44715	Shigella phage vB_SboD_StarDew	dsDNA	621	Shigella boydii	-	Pseudomonadota	Prokaryote	NC_073082	0.0	0.0	0.0	2861
NC_073081	2836105	2836105-1	44887	Escherichia phage vB_EcoS_Sponge	dsDNA	562	Escherichia coli	-	Pseudomonadota	Prokaryote	NC_073081	0.0	0.0	0.0	2862
NC_073062	2851978	2851978-1	43627	Escherichia phage TheodorHerzl	dsDNA	83333	Escherichia coli K-12	-	Pseudomonadota	Prokaryote	NC_073062	0.0	0.0	0.0	2863
NC_073079	2894795	2894795-1	44583	Escherichia phage vB_EcoD_Over9000	dsDNA	562	Escherichia coli	-	Pseudomonadota	Prokaryote	NC_073079	0.0	0.0	0.0	2864
NC_073080	2936906	2936906-1	44849	Escherichia phage EC115	dsDNA	562	Escherichia coli	-	Pseudomonadota	Prokaryote	NC_073080	0.0	0.0	0.0	2865
NC_073064	2508185	2508185-1	45904	Escherichia phage vB_EcoS_PTXU06	dsDNA	562	Escherichia coli	-	Pseudomonadota	Prokaryote	NC_073064	0.0	0.0	0.0	2866
NC_073065	2924881	2924881-1	45901	Escherichia phage vB_EcoS_Zar3M	dsDNA	562	Escherichia coli	-	Pseudomonadota	Prokaryote	NC_073065	0.0	0.0	0.0	2867
NC_073070	2565596	2565596-1	44283	Escherichia phage CEC_Kaz_2018	dsDNA	562	Escherichia coli	-	Pseudomonadota	Prokaryote	NC_073070	0.0	0.0	0.0	2868
NC_073084	2763527	2763527-1	44612	Escherichia phage vb_EcoS_bov22_1	dsDNA	562	Escherichia coli	-	Pseudomonadota	Prokaryote	NC_073084	0.0	0.0	0.0	2869
NC_073083	2835936	2835936-1	44963	Escherichia phage BF9	dsDNA	562	Escherichia coli	-	Pseudomonadota	Prokaryote	NC_073083	0.0	0.0	0.0	2870
NC_073078	2696462	2696462-1	45207	Escherichia phage welsh	dsDNA	562	Escherichia coli	-	Pseudomonadota	Prokaryote	NC_073078	0.0	0.0	0.0	2871
NC_073087	2742948	2742948-1	44825	Escherichia phage Gluttony_ev152	dsDNA	561	Escherichia	-	Pseudomonadota	Prokaryote	NC_073087	0.0	0.0	0.0	2872
NC_073089	2851982	2851982-1	44882	Escherichia phage Oekolampad	dsDNA	83333	Escherichia coli K-12	-	Pseudomonadota	Prokaryote	NC_073089	0.0	0.0	0.0	2873
NC_028901	1720498	1720498-1	43900	Escherichia phage slur05	dsDNA	511145	Escherichia coli str. K-12 substr. MG1655	-	Pseudomonadota	Prokaryote	NC_028901	0.0	0.0	0.0	2874
NC_073077	2776148	2776148-1	42624	Escherichia phage vB_Eco_Maverick	dsDNA	561	Escherichia	-	Pseudomonadota	Prokaryote	NC_073077	0.0	0.0	0.0	2875
NC_073076	2696411	2696411-1	44417	Escherichia phage jat	dsDNA	562	Escherichia coli	-	Pseudomonadota	Prokaryote	NC_073076	0.0	0.0	0.0	2876
NC_073068	2894793	2894793-1	44476	Escherichia phage vB_EcoD_Pubbukkers	dsDNA	562	Escherichia coli	-	Pseudomonadota	Prokaryote	NC_073068	0.0	0.0	0.0	2877
NC_073075	2894588	2894588-1	44776	Escherichia phage ZCEC10	dsDNA	1095706	Escherichia coli O18	-	Pseudomonadota	Prokaryote	NC_073075	0.0	0.0	0.0	2878
NC_073071	2045373	2045373-1	44798	Escherichia phage SECphi18	dsDNA	511145	Escherichia coli str. K-12 substr. MG1655	-	Pseudomonadota	Prokaryote	NC_073071	0.0	0.0	0.0	2879
NC_073066	2851980	2851980-1	44295	Escherichia phage GeorgBuechner	dsDNA	83333	Escherichia coli K-12	-	Pseudomonadota	Prokaryote	NC_073066	0.0	0.0	0.0	2880
NC_073067	2851979	2851979-1	44550	Escherichia phage PaulFeyerabend	dsDNA	83333	Escherichia coli K-12	-	Pseudomonadota	Prokaryote	NC_073067	0.0	0.0	0.0	2881
NC_073073	2696416	2696416-1	44443	Escherichia phage mckay	dsDNA	562	Escherichia coli	-	Pseudomonadota	Prokaryote	NC_073073	0.0	0.0	0.0	2882
NC_073072	2696386	2696386-1	45256	Escherichia phage bob	dsDNA	562	Escherichia coli	-	Pseudomonadota	Prokaryote	NC_073072	0.0	0.0	0.0	2883
NC_073052	2894753	2894753-1	44804	Escherichia phage JLBYU60	dsDNA	562	Escherichia coli	-	Pseudomonadota	Prokaryote	NC_073052	0.0	0.0	0.0	2884
NC_031113	1883202	1883202-1	44513	Escherichia phage Gluttony	dsDNA	562	Escherichia coli	-	Pseudomonadota	Prokaryote	NC_031113	0.0	0.0	0.0	2885
NC_031081	1883200	1883200-1	45206	Escherichia phage Envy	dsDNA	562	Escherichia coli	-	Pseudomonadota	Prokaryote	NC_031081	0.0	0.0	0.0	2886
NC_073053	2894796	2894796-1	41800	Escherichia phage vB_EcoD_Teewinot	dsDNA	562	Escherichia coli	-	Pseudomonadota	Prokaryote	NC_073053	0.0	0.0	0.0	2887
NC_073055	2906743	2906743-1	44488	Escherichia phage vB_EcoD_Opt212	dsDNA	562	Escherichia coli	-	Pseudomonadota	Prokaryote	NC_073055	0.0	0.0	0.0	2888
NC_073054	2894747	2894747-1	45011	Escherichia phage JLBYU37	dsDNA	562	Escherichia coli	-	Pseudomonadota	Prokaryote	NC_073054	0.0	0.0	0.0	2889
NC_031050	1852563	1852563-1	51802	Escherichia phage vB_EcoS_NBD2	dsDNA	562	Escherichia coli	Drexlerviridae	Pseudomonadota	Prokaryote	NC_031050	0.0060	0.0	0.0	2890
NC_047820	2496547	2496547-1	50800	Escherichia phage vB_EcoS_ESCO41	dsDNA	562	Escherichia coli	Drexlerviridae	Pseudomonadota	Prokaryote	NC_047820	0.0063	0.0	0.0	2891
NC_047810	1933412	1933412-1	46717	Escherichia phage vB_EcoS-IME253	dsDNA	562	Escherichia coli	Drexlerviridae	Pseudomonadota	Prokaryote	NC_047810	0.0094	0.0	0.0	2892
NC_007603	2994041	2994041-1	46219	Escherichia phage Rtp	dsDNA	562	Escherichia coli	Drexlerviridae	Pseudomonadota	Prokaryote	NC_007603	0.0085	0.0	0.0	2893
NC_048208	2507711	2507711-1	46553	Escherichia phage vB_EcoS_IME542	dsDNA	469008	Escherichia coli BL21(DE3)	Drexlerviridae	Pseudomonadota	Prokaryote	NC_048208	0.0071	0.0	0.0	2894
NC_049813	2576500	2576500-1	44219	Escherichia phage vB_EcoS-12210I	dsDNA	562	Escherichia coli	Drexlerviridae	Pseudomonadota	Prokaryote	NC_049813	0.0073	0.0	0.0	2895
NC_047893	2048061	2048061-1	45814	Escherichia phage DTL	dsDNA	83333	Escherichia coli K-12	Drexlerviridae	Pseudomonadota	Prokaryote	NC_047893	0.0102	0.0	0.0	2896
NC_047812	1933774	1933774-1	44234	Escherichia phage vB_EcoS_CEB_EC3a	dsDNA	562	Escherichia coli	Drexlerviridae	Pseudomonadota	Prokaryote	NC_047812	0.0082	0.0	0.0	2897
NC_019404	1141140	1141140-1	46054	Escherichia phage vB_EcoS_ACG-M12	dsDNA	562	Escherichia coli	Drexlerviridae	Pseudomonadota	Prokaryote	NC_019404	0.0082	0.0	0.0	2898
NC_047848	2024315	2024315-1	47647	Shigella phage Sf12	dsDNA	543	Enterobacteriaceae	Drexlerviridae	Pseudomonadota	Prokaryote	NC_047848	0.0085	0.0	0.0	2899
NC_047847	2024313	2024313-1	48262	Shigella phage Sd1	dsDNA	543	Enterobacteriaceae	Drexlerviridae	Pseudomonadota	Prokaryote	NC_047847	0.0095	0.0	0.0	2900
NC_023743	1048207	1048207-1	47180	Escherichia phage phiEB49	dsDNA	199310	Escherichia coli CFT073	Drexlerviridae	Pseudomonadota	Prokaryote	NC_023743	0.0081	0.0	0.0	2901
NC_024210	1495286	1495286-1	47112	Escherichia phage e4/1c	dsDNA	83334	Escherichia coli O157:H7	Drexlerviridae	Pseudomonadota	Prokaryote	NC_024210	0.0081	0.0	0.0	2902
NC_024789	1416031	1416031-1	45746	Escherichia phage vB_EcoS_AKS96	dsDNA	83334	Escherichia coli O157:H7	Drexlerviridae	Pseudomonadota	Prokaryote	NC_024789	0.0086	0.0	0.0	2903
NC_024793	1416028	1416028-1	46847	Escherichia phage vB_EcoS_AHP42	dsDNA	83334	Escherichia coli O157:H7	Drexlerviridae	Pseudomonadota	Prokaryote	NC_024793	0.0084	0.0	0.0	2904
NC_024784	1416030	1416030-1	46440	Escherichia phage vB_EcoS_AHS24	dsDNA	83334	Escherichia coli O157:H7	Drexlerviridae	Pseudomonadota	Prokaryote	NC_024784	0.0084	0.0	0.0	2905
KF771236	1416027	1416027-1	46719	Escherichia phage bV_EcoS_AHP24	dsDNA	83334	Escherichia coli O157:H7	Drexlerviridae	Pseudomonadota	Prokaryote	KF771236	0.0084	0.0	0.0	2906
NC_007291	2886922	2886922-1	46072	Escherichia phage Jk06	dsDNA	83334	Escherichia coli O157:H7	Drexlerviridae	Pseudomonadota	Prokaryote	NC_007291	0.0106	0.0	0.0	2907
NC_019718	1147155	1147155-1	45805	Enterobacteria phage vB_EcoS_Rogue1	dsDNA	562	Escherichia coli	Drexlerviridae	Pseudomonadota	Prokaryote	NC_019718	0.0096	0.0	0.0	2908
NC_042038	2886927	2886927-1	47285	Escherichia phage phiKP26	dsDNA	28147	Salmonella enterica subsp. enterica serovar Oranienburg	Drexlerviridae	Pseudomonadota	Prokaryote	NC_042038	0.0095	0.0	0.0	2909
NC_042046	1735565	1735565-1	47319	Escherichia phage C119	dsDNA	562	Escherichia coli	Drexlerviridae	Pseudomonadota	Prokaryote	NC_042046	0.0096	0.0	0.0	2910
NC_047740	1273706	1273706-1	43017	Enterobacteria phage phiJLA23	dsDNA	562	Escherichia coli	Drexlerviridae	Pseudomonadota	Prokaryote	NC_047740	0.0096	0.0	0.0	2911
NC_048137	2499073	2499073-1	51170	Pantoea phage vB_PagS_AAS23	dsDNA	549	Pantoea agglomerans	Drexlerviridae	Pseudomonadota	Prokaryote	NC_048137	0.0086	0.0	0.0	2912
NC_042122	2070180	2070180-1	51894	Enterobacter phage Ec_L1	dsDNA	550	Enterobacter cloacae	Drexlerviridae	Pseudomonadota	Prokaryote	NC_042122	0.0071	0.0	0.0	2913
NC_043469	2886900	2886900-1	51543	Enterobacter phage F20	dsDNA	548	Klebsiella aerogenes	Drexlerviridae	Pseudomonadota	Prokaryote	NC_043469	0.0063	0.0	0.0	2914
NC_049833	2591374	2591374-1	50713	Klebsiella phage vB_KpnS_SegesCirculi	dsDNA	573	Klebsiella pneumoniae	Drexlerviridae	Pseudomonadota	Prokaryote	NC_049833	0.0080	0.0	0.0	2915
NC_031053	1654927	1654927-1	50934	Klebsiella phage PKP126	dsDNA	1049565	Klebsiella pneumoniae KCTC 2242	Drexlerviridae	Pseudomonadota	Prokaryote	NC_031053	0.0055	0.0	0.0	2916
NC_047784	1912320	1912320-1	51099	Klebsiella phage vB_KpnS_KpV522	dsDNA	573	Klebsiella pneumoniae	Drexlerviridae	Pseudomonadota	Prokaryote	NC_047784	0.0079	0.0	0.0	2917
NC_047825	1970798	1970798-1	50526	Klebsiella phage KOX1	dsDNA	571	Klebsiella oxytoca	Drexlerviridae	Pseudomonadota	Prokaryote	NC_047825	0.0086	0.0	0.0	2918
NC_049834	2591375	2591375-1	52866	Klebsiella phage vB_KpnS_IMGroot	dsDNA	573	Klebsiella pneumoniae	Drexlerviridae	Pseudomonadota	Prokaryote	NC_049834	0.0080	0.0	0.0	2919
NC_049836	2591371	2591371-1	51487	Klebsiella phage vB_KpnS_Call	dsDNA	573	Klebsiella pneumoniae	Drexlerviridae	Pseudomonadota	Prokaryote	NC_049836	0.0080	0.0	0.0	2920
NC_049835	2591369	2591369-1	54438	Klebsiella phage vB_KpnS_Domnhall	dsDNA	573	Klebsiella pneumoniae	Drexlerviridae	Pseudomonadota	Prokaryote	NC_049835	0.0080	0.0	0.0	2921
NC_049837	2591370	2591370-1	51780	Klebsiella phage vB_KpnS_Alina	dsDNA	573	Klebsiella pneumoniae	Drexlerviridae	Pseudomonadota	Prokaryote	NC_049837	0.0079	0.0	0.0	2922
NC_028760	1647408	1647408-1	49037	Klebsiella phage KLPN1	dsDNA	72407	Klebsiella pneumoniae subsp. pneumoniae	Drexlerviridae	Pseudomonadota	Prokaryote	NC_028760	0.0073	0.0	0.0	2923
NC_049844	2488573	2488573-1	43094	Klebsiella phage 13	dsDNA	576	Klebsiella sp.	Drexlerviridae	Pseudomonadota	Prokaryote	NC_049844	0.0074	0.0	0.0	2924
NC_048126	2301532	2301532-1	49861	Klebsiella phage TSK1	dsDNA	573	Klebsiella pneumoniae	Drexlerviridae	Pseudomonadota	Prokaryote	NC_048126	0.0074	0.0	0.0	2925
NC_049847	2580406	2580406-1	49916	Klebsiella phage Sin4	dsDNA	573	Klebsiella pneumoniae	Drexlerviridae	Pseudomonadota	Prokaryote	NC_049847	0.0074	0.0	0.0	2926
NC_049845	2689114	2689114-1	49477	Klebsiella phage PhiKpNIH-2	dsDNA	1087440	Klebsiella pneumoniae subsp. pneumoniae KPNIH1	Drexlerviridae	Pseudomonadota	Prokaryote	NC_049845	0.0062	0.0	0.0	2927
NC_029099	1129191	1129191-1	49797	Klebsiella phage KP36	dsDNA	573	Klebsiella pneumoniae	Drexlerviridae	Pseudomonadota	Prokaryote	NC_029099	0.0073	0.0	0.0	2928
NC_055956	2831671	2831671-1	49276	Klebsiella phage RAD2	dsDNA	1205678	Klebsiella pneumoniae subsp. pneumoniae CIP 52.145 = B5055	Drexlerviridae	Pseudomonadota	Prokaryote	NC_055956	0.0073	0.0	0.0	2929
NC_048162	2419608	2419608-1	49427	Klebsiella phage GH-K3	dsDNA	573	Klebsiella pneumoniae	Drexlerviridae	Pseudomonadota	Prokaryote	NC_048162	0.0074	0.0	0.0	2930
NC_028786	1610829	1610829-1	49462	Klebsiella phage 1513	dsDNA	573	Klebsiella pneumoniae	Drexlerviridae	Pseudomonadota	Prokaryote	NC_028786	0.0073	0.0	0.0	2931
NC_049846	2580405	2580405-1	49045	Klebsiella phage Shelby	dsDNA	573	Klebsiella pneumoniae	Drexlerviridae	Pseudomonadota	Prokaryote	NC_049846	0.0074	0.0	0.0	2932
NC_049848	2678563	2678563-1	49835	Klebsiella phage KP1801	dsDNA	570	Klebsiella	Drexlerviridae	Pseudomonadota	Prokaryote	NC_049848	0.0073	0.0	0.0	2933
NC_049843	2099585	2099585-1	37655	Klebsiella phage JY917	dsDNA	573	Klebsiella pneumoniae	Drexlerviridae	Pseudomonadota	Prokaryote	NC_049843	0.0083	0.0	0.0	2934
NC_049838	2608376	2608376-1	47844	Klebsiella phage KL	dsDNA	573	Klebsiella pneumoniae	Drexlerviridae	Pseudomonadota	Prokaryote	NC_049838	0.0073	0.0	0.0	2935
NC_049841	2580407	2580407-1	49935	Klebsiella phage Skenny	dsDNA	573	Klebsiella pneumoniae	Drexlerviridae	Pseudomonadota	Prokaryote	NC_049841	0.0073	0.0	0.0	2936
NC_049839	2580408	2580408-1	50241	Klebsiella phage Sweeny	dsDNA	573	Klebsiella pneumoniae	Drexlerviridae	Pseudomonadota	Prokaryote	NC_049839	0.0073	0.0	0.0	2937
NC_028774	1675609	1675609-1	48754	Klebsiella phage Sushi	dsDNA	573	Klebsiella pneumoniae	Drexlerviridae	Pseudomonadota	Prokaryote	NC_028774	0.0061	0.0	0.0	2938
NC_048024	2268610	2268610-1	49292	Klebsiella phage NJS1	dsDNA	573	Klebsiella pneumoniae	Drexlerviridae	Pseudomonadota	Prokaryote	NC_048024	0.0073	0.0	0.0	2939
NC_049840	2530029	2530029-1	50381	Klebsiella phage vB_KpnS_FZ10	dsDNA	573	Klebsiella pneumoniae	Drexlerviridae	Pseudomonadota	Prokaryote	NC_049840	0.0084	0.0	0.0	2940
NC_048043	2301688	2301688-1	50132	Klebsiella phage NJS2	dsDNA	573	Klebsiella pneumoniae	Drexlerviridae	Pseudomonadota	Prokaryote	NC_048043	0.0074	0.0	0.0	2941
NC_048042	2301690	2301690-1	49344	Klebsiella phage TAH8	dsDNA	573	Klebsiella pneumoniae	Drexlerviridae	Pseudomonadota	Prokaryote	NC_048042	0.0074	0.0	0.0	2942
NC_048044	2301687	2301687-1	49468	Klebsiella phage NJR15	dsDNA	573	Klebsiella pneumoniae	Drexlerviridae	Pseudomonadota	Prokaryote	NC_048044	0.0074	0.0	0.0	2943
NC_047850	2026950	2026950-1	49807	Klebsiella phage MezzoGao	dsDNA	573	Klebsiella pneumoniae	Drexlerviridae	Pseudomonadota	Prokaryote	NC_047850	0.0061	0.0	0.0	2944
NC_048143	2500828	2500828-1	49106	Klebsiella phage KpKT21phi1	dsDNA	573	Klebsiella pneumoniae	Drexlerviridae	Pseudomonadota	Prokaryote	NC_048143	0.0084	0.0	0.0	2945
NC_047907	2060945	2060945-1	50249	Klebsiella phage GML-KpCol1	dsDNA	573	Klebsiella pneumoniae	Drexlerviridae	Pseudomonadota	Prokaryote	NC_047907	0.0074	0.0	0.0	2946
NC_049842	2686209	2686209-1	49316	Klebsiella phage vB_KpnS_15-38_KLPPOU149	dsDNA	573	Klebsiella pneumoniae	Drexlerviridae	Pseudomonadota	Prokaryote	NC_049842	0.0084	0.0	0.0	2947
NC_047841	2024239	2024239-1	49090	Klebsiella phage KPN N141	dsDNA	573	Klebsiella pneumoniae	Drexlerviridae	Pseudomonadota	Prokaryote	NC_047841	0.0084	0.0	0.0	2948
NC_047960	2496546	2496546-1	50048	Escherichia phage vB_EcoS_IME347	dsDNA	469008	Escherichia coli BL21(DE3)	Drexlerviridae	Pseudomonadota	Prokaryote	NC_047960	0.0105	0.0	0.0	2949
NC_042043	2496545	2496545-1	49579	Escherichia phage SRT8	dsDNA	511693	Escherichia coli BL21	Drexlerviridae	Pseudomonadota	Prokaryote	NC_042043	0.0082	0.0	0.0	2950
NC_048150	2507846	2507846-1	50414	Shigella phage vB_SsoS_008	dsDNA	624	Shigella sonnei	Drexlerviridae	Pseudomonadota	Prokaryote	NC_048150	0.0052	0.0	0.0	2951
NC_005833	2492962	2492962-1	48836	Escherichia phage T1	dsDNA	562	Escherichia coli	Drexlerviridae	Pseudomonadota	Prokaryote	NC_005833	0.0115	0.0	0.0	2952
NC_047996	2175169	2175169-1	49372	Escherichia phage Eco_BIFF	dsDNA	83333	Escherichia coli K-12	Drexlerviridae	Pseudomonadota	Prokaryote	NC_047996	0.0081	0.0	0.0	2953
NC_019725	1216926	1216926-1	50552	Escherichia phage ADB-2	dsDNA	562	Escherichia coli	Drexlerviridae	Pseudomonadota	Prokaryote	NC_019725	0.0084	0.0	0.0	2954
NC_047959	2163886	2163886-1	50354	Enterobacteria phage vB_EcoS_IME18	dsDNA	469008	Escherichia coli BL21(DE3)	Drexlerviridae	Pseudomonadota	Prokaryote	NC_047959	0.0114	0.0	0.0	2955
NC_041874	1772219	1772219-1	49628	Escherichia phage JMPW1	dsDNA	562	Escherichia coli	Drexlerviridae	Pseudomonadota	Prokaryote	NC_041874	0.0114	0.0	0.0	2956
NC_047828	1983554	1983554-1	49088	Escherichia phage vB_EcoS_SH2	dsDNA	1211845	Escherichia coli MC1061	Drexlerviridae	Pseudomonadota	Prokaryote	NC_047828	0.0114	0.0	0.0	2957
NC_041873	1772218	1772218-1	50298	Escherichia phage JMPW2	dsDNA	562	Escherichia coli	Drexlerviridae	Pseudomonadota	Prokaryote	NC_041873	0.0115	0.0	0.0	2958
NC_047785	1913048	1913048-1	50552	Shigella phage SH6	dsDNA	625	Shigella sp.	Drexlerviridae	Pseudomonadota	Prokaryote	NC_047785	0.0114	0.0	0.0	2959
NC_049832	2697005	2697005-1	50168	Escherichia phage vB_EcoS-DELF2	dsDNA	562	Escherichia coli	Drexlerviridae	Pseudomonadota	Prokaryote	NC_049832	0.0081	0.0	0.0	2960
NC_041995	2006922	2006922-1	50564	Shigella phage vB_SsoS-ISF002	dsDNA	624	Shigella sonnei	Drexlerviridae	Pseudomonadota	Prokaryote	NC_041995	0.0081	0.0	0.0	2961
NC_047863	2048005	2048005-1	50552	Shigella phage vB_SflS-ISF001	dsDNA	623	Shigella flexneri	Drexlerviridae	Pseudomonadota	Prokaryote	NC_047863	0.0063	0.0	0.0	2962
NC_015456	2919551	2919551-1	50661	Shigella phage Shfl1	dsDNA	623	Shigella flexneri	Drexlerviridae	Pseudomonadota	Prokaryote	NC_015456	0.0081	0.0	0.0	2963
NC_026010	1572702	1572702-1	50109	Shigella phage pSf-2	dsDNA	623	Shigella flexneri	Drexlerviridae	Pseudomonadota	Prokaryote	NC_026010	0.0114	0.0	0.0	2964
NC_049831	2848075	2848075-1	50309	Shigella phage Sfin-3	dsDNA	623	Shigella flexneri	Drexlerviridae	Pseudomonadota	Prokaryote	NC_049831	0.0081	0.0	0.0	2965
NC_047998	2024314	2024314-1	50403	Shigella phage Sfin-1	dsDNA	625	Shigella sp.	Drexlerviridae	Pseudomonadota	Prokaryote	NC_047998	0.0081	0.0	0.0	2966
NC_019509	2920894	2920894-1	49116	Cronobacter phage ESP2949-1	dsDNA	28141	Cronobacter sakazakii	Drexlerviridae	Pseudomonadota	Prokaryote	NC_019509	0.0079	0.0	0.0	2967
NC_048088	2496544	2496544-1	48195	Cronobacter phage CS01	dsDNA	28141	Cronobacter sakazakii	Drexlerviridae	Pseudomonadota	Prokaryote	NC_048088	0.0079	0.0	0.0	2968
NC_054898	2761539	2761539-1	49833	Vibrio virus 2019VC1	dsDNA	666	Vibrio cholerae	Drexlerviridae	Pseudomonadota	Prokaryote	NC_054898	0.0120	0.0	0.0	2969
NC_054897	2849700	2849700-1	45806	Citrobacter phage HCF1	dsDNA	35703	Citrobacter amalonaticus	Drexlerviridae	Pseudomonadota	Prokaryote	NC_054897	0.0141	0.0	0.0	2970
NC_042066	2928681	2928681-1	51092	Salmonella phage FSL SP-126	dsDNA	192955	Salmonella enterica subsp. enterica serovar Kentucky	Drexlerviridae	Pseudomonadota	Prokaryote	NC_042066	0.0100	0.0	0.0	2971
NC_047898	2053686	2053686-1	50316	Salmonella phage YSP2	dsDNA	605	Salmonella enterica subsp. enterica serovar Pullorum	Drexlerviridae	Pseudomonadota	Prokaryote	NC_047898	0.0100	0.0	0.0	2972
NC_047947	2136179	2136179-1	51818	Salmonella phage vB_SenS_PHB07	dsDNA	59201	Salmonella enterica subsp. enterica	Drexlerviridae	Pseudomonadota	Prokaryote	NC_047947	0.0100	0.0	0.0	2973
NC_029071	1654889	1654889-1	41085	Salmonella phage 36	dsDNA	59201	Salmonella enterica subsp. enterica	Drexlerviridae	Pseudomonadota	Prokaryote	NC_029071	0.0099	0.0	0.0	2974
NC_047985	2233992	2233992-1	49788	Escherichia phage LL5	dsDNA	561	Escherichia	Drexlerviridae	Pseudomonadota	Prokaryote	NC_047985	0.0099	0.0	0.0	2975
NC_009540	2892339	2892339-1	49902	Escherichia phage Tls	dsDNA	37762	Escherichia coli B	Drexlerviridae	Pseudomonadota	Prokaryote	NC_009540	0.0099	0.0	0.0	2976
NC_047823	2267237	2267237-1	50339	Citrobacter phage CF1 DK-2017	dsDNA	546	Citrobacter freundii	Drexlerviridae	Pseudomonadota	Prokaryote	NC_047823	0.0100	0.0	0.0	2977
NC_027350	2885922	2885922-1	49816	Citrobacter phage Stevie	dsDNA	546	Citrobacter freundii	Drexlerviridae	Pseudomonadota	Prokaryote	NC_027350	0.0097	0.0	0.0	2978
NC_031026	1837218	1837218-1	49167	Salmonella phage phSE-2	dsDNA	90371	Salmonella enterica subsp. enterica serovar Typhimurium	Drexlerviridae	Pseudomonadota	Prokaryote	NC_031026	0.0099	0.0	0.0	2979
NC_048065	2315629	2315629-1	49665	Citrobacter phage Sazh	dsDNA	546	Citrobacter freundii	Drexlerviridae	Pseudomonadota	Prokaryote	NC_048065	0.0100	0.0	0.0	2980
NC_054894	2589652	2589652-1	49526	Escherichia phage Henu7	dsDNA	562	Escherichia coli	Drexlerviridae	Pseudomonadota	Prokaryote	NC_054894	0.0085	0.0	0.0	2981
NC_054893	2575323	2575323-1	49847	Escherichia phage vB_EcoS_W011D	dsDNA	561	Escherichia	Drexlerviridae	Pseudomonadota	Prokaryote	NC_054893	0.0069	0.0	0.0	2982
NC_054892	2591407	2591407-1	48939	Escherichia phage vB_EcoS_PHB17	dsDNA	562	Escherichia coli	Drexlerviridae	Pseudomonadota	Prokaryote	NC_054892	0.0078	0.0	0.0	2983
NC_048206	2419760	2419760-2	50343	Escherichia phage vB_Eco_mar001J1	dsDNA	561	Escherichia	Drexlerviridae	Pseudomonadota	Prokaryote	NC_048206	0.0099	0.0	0.0	2984
NC_048204	2419760	2419760-1	50343	Escherichia phage vB_Eco_mar001J1	dsDNA	561	Escherichia	Drexlerviridae	Pseudomonadota	Prokaryote	NC_048204	0.0099	0.0	0.0	2985
NC_048132	2026130	2026130-1	50910	Escherichia phage vB_EcoS-95	dsDNA	562	Escherichia coli	Drexlerviridae	Pseudomonadota	Prokaryote	NC_048132	0.0079	0.0	0.0	2986
NC_049817	2696452	2696452-1	51277	Escherichia phage tonnikala	dsDNA	511145	Escherichia coli str. K-12 substr. MG1655	Drexlerviridae	Pseudomonadota	Prokaryote	NC_049817	0.0086	0.0	0.0	2987
NC_049818	2696450	2696450-1	51627	Escherichia phage tonijn	dsDNA	511145	Escherichia coli str. K-12 substr. MG1655	Drexlerviridae	Pseudomonadota	Prokaryote	NC_049818	0.0079	0.0	0.0	2988
NC_054896	2696449	2696449-1	51014	Escherichia phage tiwna	dsDNA	511145	Escherichia coli str. K-12 substr. MG1655	Drexlerviridae	Pseudomonadota	Prokaryote	NC_054896	0.0079	0.0	0.0	2989
NC_049819	2696385	2696385-1	50732	Escherichia phage atuna	dsDNA	83333	Escherichia coli K-12	Drexlerviridae	Pseudomonadota	Prokaryote	NC_049819	0.0086	0.0	0.0	2990
NC_049814	2591057	2591057-1	51854	Shigella phage JK16	dsDNA	668369	Escherichia coli DH5[alpha]	Drexlerviridae	Pseudomonadota	Prokaryote	NC_049814	0.0086	0.0	0.0	2991
NC_048202	2496549	2496549-1	50865	Escherichia phage vB_EcoS_swan01	dsDNA	562	Escherichia coli	Drexlerviridae	Pseudomonadota	Prokaryote	NC_048202	0.0086	0.0	0.0	2992
NC_049815	2696451	2696451-1	51012	Escherichia phage tonn	dsDNA	511145	Escherichia coli str. K-12 substr. MG1655	Drexlerviridae	Pseudomonadota	Prokaryote	NC_049815	0.0086	0.0	0.0	2993
NC_054895	2585737	2585737-1	48466	Escherichia phage vB_Eco_SLUR29	dsDNA	561	Escherichia	Drexlerviridae	Pseudomonadota	Prokaryote	NC_054895	0.0054	0.0	0.0	2994
NC_049816	2696456	2696456-1	51111	Escherichia phage tunus	dsDNA	511145	Escherichia coli str. K-12 substr. MG1655	Drexlerviridae	Pseudomonadota	Prokaryote	NC_049816	0.0086	0.0	0.0	2995
NC_047938	2496550	2496550-1	51811	Escherichia phage SECphi27	dsDNA	511145	Escherichia coli str. K-12 substr. MG1655	Drexlerviridae	Pseudomonadota	Prokaryote	NC_047938	0.0086	0.0	0.0	2996
NC_049820	2848074	2848074-1	53145	Shigella phage 2019SD1	dsDNA	622	Shigella dysenteriae	Drexlerviridae	Pseudomonadota	Prokaryote	NC_049820	0.0039	0.0	0.0	2997
NC_049828	2696402	2696402-1	48613	Escherichia phage haarsle	dsDNA	511145	Escherichia coli str. K-12 substr. MG1655	Drexlerviridae	Pseudomonadota	Prokaryote	NC_049828	0.0100	0.0	0.0	2998
NC_049853	2596677	2596677-1	49890	Escherichia phage Henu8	dsDNA	562	Escherichia coli	Drexlerviridae	Pseudomonadota	Prokaryote	NC_049853	0.0111	0.0	0.0	2999
NC_049827	2696389	2696389-1	51154	Escherichia phage damhaus	dsDNA	511145	Escherichia coli str. K-12 substr. MG1655	Drexlerviridae	Pseudomonadota	Prokaryote	NC_049827	0.0100	0.0	0.0	3000
NC_049825	2696401	2696401-1	49530	Escherichia phage grams	dsDNA	511145	Escherichia coli str. K-12 substr. MG1655	Drexlerviridae	Pseudomonadota	Prokaryote	NC_049825	0.0100	0.0	0.0	3001
NC_049826	2696376	2696376-1	51662	Escherichia phage aaroes	dsDNA	83333	Escherichia coli K-12	Drexlerviridae	Pseudomonadota	Prokaryote	NC_049826	0.0100	0.0	0.0	3002
NC_021331	2496551	2496551-1	51821	Shigella phage pSf-1	dsDNA	623	Shigella flexneri	Drexlerviridae	Pseudomonadota	Prokaryote	NC_021331	0.0100	0.0	0.0	3003
NC_049824	2696460	2696460-1	50709	Escherichia phage vojen	dsDNA	83333	Escherichia coli K-12	Drexlerviridae	Pseudomonadota	Prokaryote	NC_049824	0.0099	0.0	0.0	3004
NC_049852	2696393	2696393-1	51643	Escherichia phage egaa	dsDNA	511145	Escherichia coli str. K-12 substr. MG1655	Drexlerviridae	Pseudomonadota	Prokaryote	NC_049852	0.0100	0.0	0.0	3005
NC_049830	2714735	2714735-1	49043	Escherichia phage PGN590	dsDNA	562	Escherichia coli	Drexlerviridae	Pseudomonadota	Prokaryote	NC_049830	0.0088	0.0	0.0	3006
NC_049829	2696375	2696375-1	46660	Escherichia phage aalborv	dsDNA	83333	Escherichia coli K-12	Drexlerviridae	Pseudomonadota	Prokaryote	NC_049829	0.0099	0.0	0.0	3007
NC_049821	2713321	2713321-1	51048	Salmonella phage slyngel	dsDNA	149539	Salmonella enterica subsp. enterica serovar Enteritidis	Drexlerviridae	Pseudomonadota	Prokaryote	NC_049821	0.0100	0.0	0.0	3008
NC_049822	2508189	2508189-1	51739	Escherichia phage vB_EcoS_G29-2	dsDNA	562	Escherichia coli	Drexlerviridae	Pseudomonadota	Prokaryote	NC_049822	0.0100	0.0	0.0	3009
NC_049823	2696404	2696404-1	50971	Escherichia phage herni	dsDNA	511145	Escherichia coli str. K-12 substr. MG1655	Drexlerviridae	Pseudomonadota	Prokaryote	NC_049823	0.0100	0.0	0.0	3010
